season_id,edition_id,game_id,website_id,date,type,phase,round,status,home_team_id,away_team_id,home_score,away_score,number_of_overtimes
20-21,20-21 EL,2020-10-01:Anadolu Efes Istanbul-Zenit St Petersburg,E2020:1,2020-10-01 19:30:00,RS,RS,1,played,Anadolu Efes Istanbul,Zenit St Petersburg,69,73,0
20-21,20-21 EL,2020-10-01:Olympiacos Piraeus-Zalgiris Kaunas,E2020:2,2020-10-01 20:00:00,RS,RS,1,played,Olympiacos Piraeus,Zalgiris Kaunas,67,68,0
20-21,20-21 EL,2020-10-01:Maccabi Playtika Tel Aviv-ALBA Berlin,E2020:3,2020-10-01 20:05:00,RS,RS,1,played,Maccabi Playtika Tel Aviv,ALBA Berlin,80,73,0
20-21,20-21 EL,2020-10-01:FC Barcelona-CSKA Moscow,E2020:4,2020-10-01 21:00:00,RS,RS,1,played,FC Barcelona,CSKA Moscow,76,66,0
20-21,20-21 EL,2020-10-01:Valencia Basket-LDLC ASVEL Villeurbanne,E2020:5,2020-10-01 21:00:00,RS,RS,1,played,Valencia Basket,LDLC ASVEL Villeurbanne,65,63,0
20-21,20-21 EL,2020-10-02:Khimki Moscow Region-Panathinaikos OPAP Athens,E2020:6,2020-10-02 19:00:00,RS,RS,1,played,Khimki Moscow Region,Panathinaikos OPAP Athens,76,78,0
20-21,20-21 EL,2020-10-02:Fenerbahce Beko Istanbul-Crvena Zvezda mts Belgrade,E2020:7,2020-10-02 19:45:00,RS,RS,1,played,Fenerbahce Beko Istanbul,Crvena Zvezda mts Belgrade,77,63,0
20-21,20-21 EL,2020-10-02:FC Bayern Munich-AX Armani Exchange Milan,E2020:8,2020-10-02 20:30:00,RS,RS,1,played,FC Bayern Munich,AX Armani Exchange Milan,79,81,1
20-21,20-21 EL,2020-10-02:TD Systems Baskonia Vitoria-Gasteiz-Real Madrid,E2020:9,2020-10-02 21:00:00,RS,RS,1,played,TD Systems Baskonia Vitoria-Gasteiz,Real Madrid,76,63,0
20-21,20-21 EL,2020-10-08:CSKA Moscow-Maccabi Playtika Tel Aviv,E2020:10,2020-10-08 19:00:00,RS,RS,2,played,CSKA Moscow,Maccabi Playtika Tel Aviv,76,72,0
20-21,20-21 EL,2020-10-08:Anadolu Efes Istanbul-Fenerbahce Beko Istanbul,E2020:12,2020-10-08 19:30:00,RS,RS,2,played,Anadolu Efes Istanbul,Fenerbahce Beko Istanbul,71,80,0
20-21,20-21 EL,2020-10-08:Real Madrid-Valencia Basket,E2020:13,2020-10-08 21:00:00,RS,RS,2,played,Real Madrid,Valencia Basket,77,93,0
20-21,20-21 EL,2020-10-09:Zenit St Petersburg-FC Barcelona,E2020:11,2020-10-09 19:00:00,RS,RS,2,played,Zenit St Petersburg,FC Barcelona,74,70,0
20-21,20-21 EL,2020-10-09:Crvena Zvezda mts Belgrade-TD Systems Baskonia Vitoria-Gasteiz,E2020:14,2020-10-09 19:00:00,RS,RS,2,played,Crvena Zvezda mts Belgrade,TD Systems Baskonia Vitoria-Gasteiz,90,73,0
20-21,20-21 EL,2020-10-09:Panathinaikos OPAP Athens-Olympiacos Piraeus,E2020:17,2020-10-09 20:00:00,RS,RS,2,played,Panathinaikos OPAP Athens,Olympiacos Piraeus,71,78,0
20-21,20-21 EL,2020-10-09:ALBA Berlin-FC Bayern Munich,E2020:16,2020-10-09 20:00:00,RS,RS,2,played,ALBA Berlin,FC Bayern Munich,72,90,0
20-21,20-21 EL,2020-10-09:AX Armani Exchange Milan-LDLC ASVEL Villeurbanne,E2020:18,2020-10-09 20:45:00,RS,RS,2,played,AX Armani Exchange Milan,LDLC ASVEL Villeurbanne,87,73,0
20-21,20-21 EL,2020-10-10:Khimki Moscow Region-Zalgiris Kaunas,E2020:15,2020-10-10 19:00:00,RS,RS,2,played,Khimki Moscow Region,Zalgiris Kaunas,70,84,0
20-21,20-21 EL,2020-10-13:Crvena Zvezda mts Belgrade-Zalgiris Kaunas,E2020:19,2020-10-13 19:00:00,RS,RS,3,played,Crvena Zvezda mts Belgrade,Zalgiris Kaunas,69,75,0
20-21,20-21 EL,2020-10-13:ALBA Berlin-Anadolu Efes Istanbul,E2020:20,2020-10-13 20:00:00,RS,RS,3,played,ALBA Berlin,Anadolu Efes Istanbul,72,93,0
20-21,20-21 EL,2020-10-13:Valencia Basket-FC Barcelona,E2020:23,2020-10-13 21:00:00,RS,RS,3,played,Valencia Basket,FC Barcelona,66,71,0
20-21,20-21 EL,2020-10-14:Maccabi Playtika Tel Aviv-FC Bayern Munich,E2020:26,2020-10-14 18:30:00,RS,RS,3,played,Maccabi Playtika Tel Aviv,FC Bayern Munich,82,85,0
20-21,20-21 EL,2020-10-14:Olympiacos Piraeus-AX Armani Exchange Milan,E2020:25,2020-10-14 18:30:00,RS,RS,3,played,Olympiacos Piraeus,AX Armani Exchange Milan,86,75,0
20-21,20-21 EL,2020-10-14:Fenerbahce Beko Istanbul-CSKA Moscow,E2020:24,2020-10-14 19:45:00,RS,RS,3,played,Fenerbahce Beko Istanbul,CSKA Moscow,77,78,1
20-21,20-21 EL,2020-10-14:Real Madrid-Khimki Moscow Region,E2020:27,2020-10-14 21:00:00,RS,RS,3,played,Real Madrid,Khimki Moscow Region,94,85,0
20-21,20-21 EL,2020-11-23:TD Systems Baskonia Vitoria-Gasteiz-Zenit St Petersburg,E2020:22,2020-11-23 19:30:00,RS,RS,3,played,TD Systems Baskonia Vitoria-Gasteiz,Zenit St Petersburg,70,77,0
20-21,20-21 EL,2020-12-01:LDLC ASVEL Villeurbanne-Panathinaikos OPAP Athens,E2020:21,2020-12-01 20:45:00,RS,RS,3,played,LDLC ASVEL Villeurbanne,Panathinaikos OPAP Athens,97,73,0
20-21,20-21 EL,2020-10-15:Zalgiris Kaunas-Anadolu Efes Istanbul,E2020:28,2020-10-15 19:00:00,RS,RS,4,played,Zalgiris Kaunas,Anadolu Efes Istanbul,89,73,0
20-21,20-21 EL,2020-10-15:FC Barcelona-Panathinaikos OPAP Athens,E2020:30,2020-10-15 21:00:00,RS,RS,4,played,FC Barcelona,Panathinaikos OPAP Athens,97,89,1
20-21,20-21 EL,2020-10-16:CSKA Moscow-ALBA Berlin,E2020:32,2020-10-16 19:00:00,RS,RS,4,played,CSKA Moscow,ALBA Berlin,88,93,0
20-21,20-21 EL,2020-10-16:Fenerbahce Beko Istanbul-FC Bayern Munich,E2020:33,2020-10-16 19:45:00,RS,RS,4,played,Fenerbahce Beko Istanbul,FC Bayern Munich,71,75,0
20-21,20-21 EL,2020-10-16:Olympiacos Piraeus-Maccabi Playtika Tel Aviv,E2020:34,2020-10-16 20:00:00,RS,RS,4,played,Olympiacos Piraeus,Maccabi Playtika Tel Aviv,85,82,0
20-21,20-21 EL,2020-10-16:AX Armani Exchange Milan-Real Madrid,E2020:35,2020-10-16 20:45:00,RS,RS,4,played,AX Armani Exchange Milan,Real Madrid,78,70,0
20-21,20-21 EL,2020-10-16:TD Systems Baskonia Vitoria-Gasteiz-Khimki Moscow Region,E2020:36,2020-10-16 21:00:00,RS,RS,4,played,TD Systems Baskonia Vitoria-Gasteiz,Khimki Moscow Region,77,60,0
20-21,20-21 EL,2020-11-11:LDLC ASVEL Villeurbanne-Crvena Zvezda mts Belgrade,E2020:29,2020-11-11 20:45:00,RS,RS,4,played,LDLC ASVEL Villeurbanne,Crvena Zvezda mts Belgrade,68,89,0
20-21,20-21 EL,2020-12-08:Valencia Basket-Zenit St Petersburg,E2020:31,2020-12-08 21:00:00,RS,RS,4,played,Valencia Basket,Zenit St Petersburg,72,85,0
20-21,20-21 EL,2020-10-22:Zalgiris Kaunas-Valencia Basket,E2020:37,2020-10-22 19:00:00,RS,RS,5,played,Zalgiris Kaunas,Valencia Basket,82,94,0
20-21,20-21 EL,2020-10-22:Panathinaikos OPAP Athens-Fenerbahce Beko Istanbul,E2020:40,2020-10-22 20:00:00,RS,RS,5,played,Panathinaikos OPAP Athens,Fenerbahce Beko Istanbul,82,68,0
20-21,20-21 EL,2020-10-22:Crvena Zvezda mts Belgrade-CSKA Moscow,E2020:41,2020-10-22 20:45:00,RS,RS,5,played,Crvena Zvezda mts Belgrade,CSKA Moscow,86,84,1
20-21,20-21 EL,2020-10-23:Khimki Moscow Region-Maccabi Playtika Tel Aviv,E2020:42,2020-10-23 19:00:00,RS,RS,5,played,Khimki Moscow Region,Maccabi Playtika Tel Aviv,87,89,1
20-21,20-21 EL,2020-10-23:FC Bayern Munich-Olympiacos Piraeus,E2020:44,2020-10-23 20:30:00,RS,RS,5,played,FC Bayern Munich,Olympiacos Piraeus,74,68,0
20-21,20-21 EL,2020-10-23:FC Barcelona-Real Madrid,E2020:45,2020-10-23 21:00:00,RS,RS,5,played,FC Barcelona,Real Madrid,79,72,0
20-21,20-21 EL,2020-12-08:Anadolu Efes Istanbul-LDLC ASVEL Villeurbanne,E2020:43,2020-12-08 18:30:00,RS,RS,5,played,Anadolu Efes Istanbul,LDLC ASVEL Villeurbanne,72,68,0
20-21,20-21 EL,2021-01-05:ALBA Berlin-TD Systems Baskonia Vitoria-Gasteiz,E2020:39,2021-01-05 19:00:00,RS,RS,5,played,ALBA Berlin,TD Systems Baskonia Vitoria-Gasteiz,95,91,0
20-21,20-21 EL,2021-02-22:Zenit St Petersburg-AX Armani Exchange Milan,E2020:38,2021-02-22 18:00:00,RS,RS,5,played,Zenit St Petersburg,AX Armani Exchange Milan,79,70,0
20-21,20-21 EL,2020-10-29:LDLC ASVEL Villeurbanne-Zalgiris Kaunas,E2020:49,2020-10-29 18:00:00,RS,RS,6,played,LDLC ASVEL Villeurbanne,Zalgiris Kaunas,74,83,0
20-21,20-21 EL,2020-10-29:CSKA Moscow-Valencia Basket,E2020:46,2020-10-29 18:00:00,RS,RS,6,played,CSKA Moscow,Valencia Basket,84,75,0
20-21,20-21 EL,2020-10-29:Maccabi Playtika Tel Aviv-Fenerbahce Beko Istanbul,E2020:48,2020-10-29 20:05:00,RS,RS,6,played,Maccabi Playtika Tel Aviv,Fenerbahce Beko Istanbul,65,75,0
20-21,20-21 EL,2020-10-29:Real Madrid-FC Bayern Munich,E2020:50,2020-10-29 21:00:00,RS,RS,6,played,Real Madrid,FC Bayern Munich,100,82,0
20-21,20-21 EL,2020-10-30:Khimki Moscow Region-Crvena Zvezda mts Belgrade,E2020:51,2020-10-30 18:00:00,RS,RS,6,played,Khimki Moscow Region,Crvena Zvezda mts Belgrade,83,77,0
20-21,20-21 EL,2020-10-30:Olympiacos Piraeus-Anadolu Efes Istanbul,E2020:52,2020-10-30 20:00:00,RS,RS,6,played,Olympiacos Piraeus,Anadolu Efes Istanbul,79,84,0
20-21,20-21 EL,2020-10-30:TD Systems Baskonia Vitoria-Gasteiz-FC Barcelona,E2020:54,2020-10-30 20:30:00,RS,RS,6,played,TD Systems Baskonia Vitoria-Gasteiz,FC Barcelona,71,72,0
20-21,20-21 EL,2020-12-01:AX Armani Exchange Milan-ALBA Berlin,E2020:53,2020-12-01 20:45:00,RS,RS,6,played,AX Armani Exchange Milan,ALBA Berlin,75,55,0
20-21,20-21 EL,2021-04-12:Zenit St Petersburg-Panathinaikos OPAP Athens,E2020:47,2021-04-12 19:00:00,RS,RS,6,played,Zenit St Petersburg,Panathinaikos OPAP Athens,112,83,0
20-21,20-21 EL,2020-11-05:Zenit St Petersburg-Olympiacos Piraeus,E2020:55,2020-11-05 18:00:00,RS,RS,7,played,Zenit St Petersburg,Olympiacos Piraeus,66,75,0
20-21,20-21 EL,2020-11-05:Anadolu Efes Istanbul-Maccabi Playtika Tel Aviv,E2020:56,2020-11-05 18:30:00,RS,RS,7,played,Anadolu Efes Istanbul,Maccabi Playtika Tel Aviv,91,89,0
20-21,20-21 EL,2020-11-05:ALBA Berlin-FC Barcelona,E2020:57,2020-11-05 19:00:00,RS,RS,7,played,ALBA Berlin,FC Barcelona,67,103,0
20-21,20-21 EL,2020-11-05:TD Systems Baskonia Vitoria-Gasteiz-LDLC ASVEL Villeurbanne,E2020:58,2020-11-05 20:30:00,RS,RS,7,played,TD Systems Baskonia Vitoria-Gasteiz,LDLC ASVEL Villeurbanne,86,88,0
20-21,20-21 EL,2020-11-06:Fenerbahce Beko Istanbul-Khimki Moscow Region,E2020:59,2020-11-06 18:45:00,RS,RS,7,played,Fenerbahce Beko Istanbul,Khimki Moscow Region,83,71,0
20-21,20-21 EL,2020-11-06:Zalgiris Kaunas-Real Madrid,E2020:60,2020-11-06 19:00:00,RS,RS,7,played,Zalgiris Kaunas,Real Madrid,90,93,0
20-21,20-21 EL,2020-11-06:Panathinaikos OPAP Athens-CSKA Moscow,E2020:62,2020-11-06 20:30:00,RS,RS,7,played,Panathinaikos OPAP Athens,CSKA Moscow,83,89,0
20-21,20-21 EL,2020-11-06:FC Bayern Munich-Crvena Zvezda mts Belgrade,E2020:61,2020-11-06 20:30:00,RS,RS,7,played,FC Bayern Munich,Crvena Zvezda mts Belgrade,74,59,0
20-21,20-21 EL,2020-11-06:Valencia Basket-AX Armani Exchange Milan,E2020:63,2020-11-06 21:00:00,RS,RS,7,played,Valencia Basket,AX Armani Exchange Milan,86,81,0
20-21,20-21 EL,2020-11-12:CSKA Moscow-TD Systems Baskonia Vitoria-Gasteiz,E2020:64,2020-11-12 18:00:00,RS,RS,8,played,CSKA Moscow,TD Systems Baskonia Vitoria-Gasteiz,89,86,0
20-21,20-21 EL,2020-11-12:Olympiacos Piraeus-ALBA Berlin,E2020:65,2020-11-12 20:00:00,RS,RS,8,played,Olympiacos Piraeus,ALBA Berlin,75,71,0
20-21,20-21 EL,2020-11-12:Maccabi Playtika Tel Aviv-Zalgiris Kaunas,E2020:66,2020-11-12 20:05:00,RS,RS,8,played,Maccabi Playtika Tel Aviv,Zalgiris Kaunas,85,57,0
20-21,20-21 EL,2020-11-12:FC Barcelona-Fenerbahce Beko Istanbul,E2020:67,2020-11-12 21:00:00,RS,RS,8,played,FC Barcelona,Fenerbahce Beko Istanbul,97,55,0
20-21,20-21 EL,2020-11-13:Crvena Zvezda mts Belgrade-Real Madrid,E2020:69,2020-11-13 19:00:00,RS,RS,8,played,Crvena Zvezda mts Belgrade,Real Madrid,67,73,0
20-21,20-21 EL,2020-11-13:Panathinaikos OPAP Athens-Anadolu Efes Istanbul,E2020:70,2020-11-13 20:00:00,RS,RS,8,played,Panathinaikos OPAP Athens,Anadolu Efes Istanbul,77,80,0
20-21,20-21 EL,2020-11-13:FC Bayern Munich-Valencia Basket,E2020:71,2020-11-13 20:30:00,RS,RS,8,played,FC Bayern Munich,Valencia Basket,90,79,0
20-21,20-21 EL,2020-11-13:LDLC ASVEL Villeurbanne-Zenit St Petersburg,E2020:72,2020-11-13 20:45:00,RS,RS,8,played,LDLC ASVEL Villeurbanne,Zenit St Petersburg,53,66,0
20-21,20-21 EL,2020-12-08:Khimki Moscow Region-AX Armani Exchange Milan,E2020:68,2020-12-08 16:30:00,RS,RS,8,played,Khimki Moscow Region,AX Armani Exchange Milan,93,102,0
20-21,20-21 EL,2020-11-17:Zenit St Petersburg-Khimki Moscow Region,E2020:73,2020-11-17 18:00:00,RS,RS,9,played,Zenit St Petersburg,Khimki Moscow Region,83,88,0
20-21,20-21 EL,2020-11-17:Anadolu Efes Istanbul-FC Bayern Munich,E2020:74,2020-11-17 18:30:00,RS,RS,9,played,Anadolu Efes Istanbul,FC Bayern Munich,71,74,0
20-21,20-21 EL,2020-11-17:Zalgiris Kaunas-CSKA Moscow,E2020:75,2020-11-17 19:00:00,RS,RS,9,played,Zalgiris Kaunas,CSKA Moscow,78,87,0
20-21,20-21 EL,2020-11-17:TD Systems Baskonia Vitoria-Gasteiz-Fenerbahce Beko Istanbul,E2020:76,2020-11-17 20:30:00,RS,RS,9,played,TD Systems Baskonia Vitoria-Gasteiz,Fenerbahce Beko Istanbul,86,68,0
20-21,20-21 EL,2020-11-17:Valencia Basket-Panathinaikos OPAP Athens,E2020:77,2020-11-17 21:00:00,RS,RS,9,played,Valencia Basket,Panathinaikos OPAP Athens,95,83,0
20-21,20-21 EL,2020-11-18:Real Madrid-Maccabi Playtika Tel Aviv,E2020:81,2020-11-18 18:30:00,RS,RS,9,played,Real Madrid,Maccabi Playtika Tel Aviv,79,63,0
20-21,20-21 EL,2020-11-18:ALBA Berlin-LDLC ASVEL Villeurbanne,E2020:78,2020-11-18 20:00:00,RS,RS,9,played,ALBA Berlin,LDLC ASVEL Villeurbanne,76,75,0
20-21,20-21 EL,2020-11-18:AX Armani Exchange Milan-Crvena Zvezda mts Belgrade,E2020:79,2020-11-18 20:45:00,RS,RS,9,played,AX Armani Exchange Milan,Crvena Zvezda mts Belgrade,79,87,0
20-21,20-21 EL,2020-12-08:FC Barcelona-Olympiacos Piraeus,E2020:80,2020-12-08 19:00:00,RS,RS,9,played,FC Barcelona,Olympiacos Piraeus,88,96,0
20-21,20-21 EL,2020-11-19:Khimki Moscow Region-Anadolu Efes Istanbul,E2020:82,2020-11-19 18:00:00,RS,RS,10,played,Khimki Moscow Region,Anadolu Efes Istanbul,77,105,0
20-21,20-21 EL,2020-11-19:FC Bayern Munich-CSKA Moscow,E2020:83,2020-11-19 20:30:00,RS,RS,10,played,FC Bayern Munich,CSKA Moscow,81,89,0
20-21,20-21 EL,2020-11-19:TD Systems Baskonia Vitoria-Gasteiz-Panathinaikos OPAP Athens,E2020:84,2020-11-19 20:30:00,RS,RS,10,played,TD Systems Baskonia Vitoria-Gasteiz,Panathinaikos OPAP Athens,93,72,0
20-21,20-21 EL,2020-11-20:ALBA Berlin-Zenit St Petersburg,E2020:85,2020-11-20 20:00:00,RS,RS,10,played,ALBA Berlin,Zenit St Petersburg,66,73,0
20-21,20-21 EL,2020-11-20:AX Armani Exchange Milan-Zalgiris Kaunas,E2020:86,2020-11-20 20:45:00,RS,RS,10,played,AX Armani Exchange Milan,Zalgiris Kaunas,98,92,0
20-21,20-21 EL,2020-11-20:Real Madrid-Fenerbahce Beko Istanbul,E2020:89,2020-11-20 21:00:00,RS,RS,10,played,Real Madrid,Fenerbahce Beko Istanbul,94,74,0
20-21,20-21 EL,2020-11-20:FC Barcelona-Crvena Zvezda mts Belgrade,E2020:88,2020-11-20 21:00:00,RS,RS,10,played,FC Barcelona,Crvena Zvezda mts Belgrade,76,65,0
20-21,20-21 EL,2020-11-20:Valencia Basket-Maccabi Playtika Tel Aviv,E2020:90,2020-11-20 21:00:00,RS,RS,10,played,Valencia Basket,Maccabi Playtika Tel Aviv,82,80,0
20-21,20-21 EL,2021-01-19:LDLC ASVEL Villeurbanne-Olympiacos Piraeus,E2020:87,2021-01-19 20:45:00,RS,RS,10,played,LDLC ASVEL Villeurbanne,Olympiacos Piraeus,93,101,1
20-21,20-21 EL,2020-11-26:CSKA Moscow-Real Madrid,E2020:91,2020-11-26 18:00:00,RS,RS,11,played,CSKA Moscow,Real Madrid,74,73,0
20-21,20-21 EL,2020-11-26:Zalgiris Kaunas-Zenit St Petersburg,E2020:93,2020-11-26 19:00:00,RS,RS,11,played,Zalgiris Kaunas,Zenit St Petersburg,75,83,0
20-21,20-21 EL,2020-11-26:Crvena Zvezda mts Belgrade-Anadolu Efes Istanbul,E2020:92,2020-11-26 19:00:00,RS,RS,11,played,Crvena Zvezda mts Belgrade,Anadolu Efes Istanbul,64,75,0
20-21,20-21 EL,2020-11-26:ALBA Berlin-Khimki Moscow Region,E2020:94,2020-11-26 20:00:00,RS,RS,11,played,ALBA Berlin,Khimki Moscow Region,100,80,0
20-21,20-21 EL,2020-11-26:Olympiacos Piraeus-TD Systems Baskonia Vitoria-Gasteiz,E2020:95,2020-11-26 20:00:00,RS,RS,11,played,Olympiacos Piraeus,TD Systems Baskonia Vitoria-Gasteiz,76,90,0
20-21,20-21 EL,2020-11-26:Maccabi Playtika Tel Aviv-AX Armani Exchange Milan,E2020:96,2020-11-26 20:05:00,RS,RS,11,played,Maccabi Playtika Tel Aviv,AX Armani Exchange Milan,85,86,1
20-21,20-21 EL,2020-11-27:Fenerbahce Beko Istanbul-Valencia Basket,E2020:97,2020-11-27 18:45:00,RS,RS,11,played,Fenerbahce Beko Istanbul,Valencia Basket,86,90,0
20-21,20-21 EL,2020-11-27:Panathinaikos OPAP Athens-FC Bayern Munich,E2020:98,2020-11-27 20:00:00,RS,RS,11,played,Panathinaikos OPAP Athens,FC Bayern Munich,83,76,0
20-21,20-21 EL,2020-11-27:LDLC ASVEL Villeurbanne-FC Barcelona,E2020:99,2020-11-27 20:45:00,RS,RS,11,played,LDLC ASVEL Villeurbanne,FC Barcelona,80,68,0
20-21,20-21 EL,2020-12-03:Zenit St Petersburg-Fenerbahce Beko Istanbul,E2020:101,2020-12-03 18:00:00,RS,RS,12,played,Zenit St Petersburg,Fenerbahce Beko Istanbul,65,73,0
20-21,20-21 EL,2020-12-03:CSKA Moscow-Olympiacos Piraeus,E2020:100,2020-12-03 18:00:00,RS,RS,12,played,CSKA Moscow,Olympiacos Piraeus,80,61,0
20-21,20-21 EL,2020-12-03:Maccabi Playtika Tel Aviv-Crvena Zvezda mts Belgrade,E2020:102,2020-12-03 20:05:00,RS,RS,12,played,Maccabi Playtika Tel Aviv,Crvena Zvezda mts Belgrade,81,76,0
20-21,20-21 EL,2020-12-03:AX Armani Exchange Milan-Panathinaikos OPAP Athens,E2020:103,2020-12-03 20:45:00,RS,RS,12,played,AX Armani Exchange Milan,Panathinaikos OPAP Athens,77,80,0
20-21,20-21 EL,2020-12-03:Valencia Basket-ALBA Berlin,E2020:104,2020-12-03 21:00:00,RS,RS,12,played,Valencia Basket,ALBA Berlin,92,100,0
20-21,20-21 EL,2020-12-04:Anadolu Efes Istanbul-TD Systems Baskonia Vitoria-Gasteiz,E2020:105,2020-12-04 17:30:00,RS,RS,12,played,Anadolu Efes Istanbul,TD Systems Baskonia Vitoria-Gasteiz,59,77,0
20-21,20-21 EL,2020-12-04:Zalgiris Kaunas-FC Barcelona,E2020:106,2020-12-04 19:00:00,RS,RS,12,played,Zalgiris Kaunas,FC Barcelona,62,73,0
20-21,20-21 EL,2020-12-04:FC Bayern Munich-Khimki Moscow Region,E2020:107,2020-12-04 20:30:00,RS,RS,12,played,FC Bayern Munich,Khimki Moscow Region,80,77,0
20-21,20-21 EL,2020-12-04:Real Madrid-LDLC ASVEL Villeurbanne,E2020:108,2020-12-04 21:00:00,RS,RS,12,played,Real Madrid,LDLC ASVEL Villeurbanne,91,84,0
20-21,20-21 EL,2020-12-10:Crvena Zvezda mts Belgrade-Olympiacos Piraeus,E2020:109,2020-12-10 19:00:00,RS,RS,13,played,Crvena Zvezda mts Belgrade,Olympiacos Piraeus,79,81,0
20-21,20-21 EL,2020-12-10:ALBA Berlin-Fenerbahce Beko Istanbul,E2020:110,2020-12-10 20:00:00,RS,RS,13,played,ALBA Berlin,Fenerbahce Beko Istanbul,89,63,0
20-21,20-21 EL,2020-12-10:TD Systems Baskonia Vitoria-Gasteiz-Maccabi Playtika Tel Aviv,E2020:111,2020-12-10 21:00:00,RS,RS,13,played,TD Systems Baskonia Vitoria-Gasteiz,Maccabi Playtika Tel Aviv,63,67,0
20-21,20-21 EL,2020-12-10:Valencia Basket-Anadolu Efes Istanbul,E2020:112,2020-12-10 21:00:00,RS,RS,13,played,Valencia Basket,Anadolu Efes Istanbul,76,74,0
20-21,20-21 EL,2020-12-10:Real Madrid-Zenit St Petersburg,E2020:113,2020-12-10 21:00:00,RS,RS,13,played,Real Madrid,Zenit St Petersburg,79,72,0
20-21,20-21 EL,2020-12-11:Khimki Moscow Region-CSKA Moscow,E2020:114,2020-12-11 18:00:00,RS,RS,13,played,Khimki Moscow Region,CSKA Moscow,87,96,0
20-21,20-21 EL,2020-12-11:Panathinaikos OPAP Athens-Zalgiris Kaunas,E2020:115,2020-12-11 20:00:00,RS,RS,13,played,Panathinaikos OPAP Athens,Zalgiris Kaunas,69,81,0
20-21,20-21 EL,2020-12-11:FC Bayern Munich-LDLC ASVEL Villeurbanne,E2020:116,2020-12-11 20:30:00,RS,RS,13,played,FC Bayern Munich,LDLC ASVEL Villeurbanne,76,62,0
20-21,20-21 EL,2020-12-11:FC Barcelona-AX Armani Exchange Milan,E2020:117,2020-12-11 21:00:00,RS,RS,13,played,FC Barcelona,AX Armani Exchange Milan,87,71,0
20-21,20-21 EL,2020-12-15:CSKA Moscow-Anadolu Efes Istanbul,E2020:118,2020-12-15 18:00:00,RS,RS,14,played,CSKA Moscow,Anadolu Efes Istanbul,100,65,0
20-21,20-21 EL,2020-12-15:Fenerbahce Beko Istanbul-AX Armani Exchange Milan,E2020:119,2020-12-15 18:45:00,RS,RS,14,played,Fenerbahce Beko Istanbul,AX Armani Exchange Milan,71,79,0
20-21,20-21 EL,2020-12-15:Zalgiris Kaunas-TD Systems Baskonia Vitoria-Gasteiz,E2020:121,2020-12-15 19:00:00,RS,RS,14,played,Zalgiris Kaunas,TD Systems Baskonia Vitoria-Gasteiz,92,73,0
20-21,20-21 EL,2020-12-15:Crvena Zvezda mts Belgrade-ALBA Berlin,E2020:120,2020-12-15 19:00:00,RS,RS,14,played,Crvena Zvezda mts Belgrade,ALBA Berlin,84,90,1
20-21,20-21 EL,2020-12-15:Panathinaikos OPAP Athens-Real Madrid,E2020:122,2020-12-15 20:00:00,RS,RS,14,played,Panathinaikos OPAP Athens,Real Madrid,93,97,2
20-21,20-21 EL,2020-12-16:Zenit St Petersburg-FC Bayern Munich,E2020:123,2020-12-16 17:00:00,RS,RS,14,played,Zenit St Petersburg,FC Bayern Munich,79,75,0
20-21,20-21 EL,2020-12-16:FC Barcelona-Khimki Moscow Region,E2020:126,2020-12-16 19:00:00,RS,RS,14,played,FC Barcelona,Khimki Moscow Region,87,74,0
20-21,20-21 EL,2020-12-16:Olympiacos Piraeus-Valencia Basket,E2020:124,2020-12-16 20:30:00,RS,RS,14,played,Olympiacos Piraeus,Valencia Basket,85,96,0
20-21,20-21 EL,2020-12-16:LDLC ASVEL Villeurbanne-Maccabi Playtika Tel Aviv,E2020:125,2020-12-16 20:45:00,RS,RS,14,played,LDLC ASVEL Villeurbanne,Maccabi Playtika Tel Aviv,84,81,0
20-21,20-21 EL,2020-12-17:Anadolu Efes Istanbul-AX Armani Exchange Milan,E2020:127,2020-12-17 18:30:00,RS,RS,15,played,Anadolu Efes Istanbul,AX Armani Exchange Milan,69,72,0
20-21,20-21 EL,2020-12-17:Zalgiris Kaunas-Fenerbahce Beko Istanbul,E2020:128,2020-12-17 19:00:00,RS,RS,15,played,Zalgiris Kaunas,Fenerbahce Beko Istanbul,99,62,0
20-21,20-21 EL,2020-12-17:Panathinaikos OPAP Athens-ALBA Berlin,E2020:129,2020-12-17 20:00:00,RS,RS,15,played,Panathinaikos OPAP Athens,ALBA Berlin,92,69,0
20-21,20-21 EL,2020-12-18:CSKA Moscow-Zenit St Petersburg,E2020:130,2020-12-18 18:00:00,RS,RS,15,played,CSKA Moscow,Zenit St Petersburg,83,65,0
20-21,20-21 EL,2020-12-18:Crvena Zvezda mts Belgrade-Valencia Basket,E2020:131,2020-12-18 19:00:00,RS,RS,15,played,Crvena Zvezda mts Belgrade,Valencia Basket,76,73,0
20-21,20-21 EL,2020-12-18:FC Bayern Munich-TD Systems Baskonia Vitoria-Gasteiz,E2020:133,2020-12-18 19:30:00,RS,RS,15,played,FC Bayern Munich,TD Systems Baskonia Vitoria-Gasteiz,77,66,0
20-21,20-21 EL,2020-12-18:Olympiacos Piraeus-Real Madrid,E2020:132,2020-12-18 20:00:00,RS,RS,15,played,Olympiacos Piraeus,Real Madrid,82,86,1
20-21,20-21 EL,2020-12-18:LDLC ASVEL Villeurbanne-Khimki Moscow Region,E2020:134,2020-12-18 20:45:00,RS,RS,15,played,LDLC ASVEL Villeurbanne,Khimki Moscow Region,90,84,0
20-21,20-21 EL,2020-12-18:FC Barcelona-Maccabi Playtika Tel Aviv,E2020:135,2020-12-18 21:00:00,RS,RS,15,played,FC Barcelona,Maccabi Playtika Tel Aviv,67,68,0
20-21,20-21 EL,2020-12-22:Zenit St Petersburg-Crvena Zvezda mts Belgrade,E2020:136,2020-12-22 18:00:00,RS,RS,16,played,Zenit St Petersburg,Crvena Zvezda mts Belgrade,98,69,0
20-21,20-21 EL,2020-12-22:Anadolu Efes Istanbul-FC Barcelona,E2020:137,2020-12-22 18:30:00,RS,RS,16,played,Anadolu Efes Istanbul,FC Barcelona,86,79,0
20-21,20-21 EL,2020-12-22:Maccabi Playtika Tel Aviv-Panathinaikos OPAP Athens,E2020:138,2020-12-22 20:15:00,RS,RS,16,played,Maccabi Playtika Tel Aviv,Panathinaikos OPAP Athens,89,81,0
20-21,20-21 EL,2020-12-22:LDLC ASVEL Villeurbanne-CSKA Moscow,E2020:139,2020-12-22 20:45:00,RS,RS,16,played,LDLC ASVEL Villeurbanne,CSKA Moscow,78,87,0
20-21,20-21 EL,2020-12-22:Real Madrid-ALBA Berlin,E2020:140,2020-12-22 21:00:00,RS,RS,16,played,Real Madrid,ALBA Berlin,91,62,0
20-21,20-21 EL,2020-12-23:Zalgiris Kaunas-FC Bayern Munich,E2020:142,2020-12-23 18:00:00,RS,RS,16,played,Zalgiris Kaunas,FC Bayern Munich,74,73,0
20-21,20-21 EL,2020-12-23:Fenerbahce Beko Istanbul-Olympiacos Piraeus,E2020:141,2020-12-23 18:45:00,RS,RS,16,played,Fenerbahce Beko Istanbul,Olympiacos Piraeus,84,77,0
20-21,20-21 EL,2020-12-23:AX Armani Exchange Milan-TD Systems Baskonia Vitoria-Gasteiz,E2020:143,2020-12-23 20:45:00,RS,RS,16,played,AX Armani Exchange Milan,TD Systems Baskonia Vitoria-Gasteiz,79,84,0
20-21,20-21 EL,2020-12-23:Valencia Basket-Khimki Moscow Region,E2020:144,2020-12-23 21:00:00,RS,RS,16,played,Valencia Basket,Khimki Moscow Region,88,82,0
20-21,20-21 EL,2020-12-29:Khimki Moscow Region-Olympiacos Piraeus,E2020:145,2020-12-29 18:00:00,RS,RS,17,played,Khimki Moscow Region,Olympiacos Piraeus,88,105,0
20-21,20-21 EL,2020-12-29:Anadolu Efes Istanbul-Real Madrid,E2020:146,2020-12-29 18:30:00,RS,RS,17,played,Anadolu Efes Istanbul,Real Madrid,65,73,0
20-21,20-21 EL,2020-12-29:ALBA Berlin-Zalgiris Kaunas,E2020:147,2020-12-29 20:00:00,RS,RS,17,played,ALBA Berlin,Zalgiris Kaunas,71,74,0
20-21,20-21 EL,2020-12-29:Maccabi Playtika Tel Aviv-Zenit St Petersburg,E2020:148,2020-12-29 20:05:00,RS,RS,17,played,Maccabi Playtika Tel Aviv,Zenit St Petersburg,72,78,0
20-21,20-21 EL,2020-12-29:TD Systems Baskonia Vitoria-Gasteiz-Valencia Basket,E2020:149,2020-12-29 21:00:00,RS,RS,17,played,TD Systems Baskonia Vitoria-Gasteiz,Valencia Basket,71,70,0
20-21,20-21 EL,2020-12-30:Fenerbahce Beko Istanbul-LDLC ASVEL Villeurbanne,E2020:150,2020-12-30 18:45:00,RS,RS,17,played,Fenerbahce Beko Istanbul,LDLC ASVEL Villeurbanne,81,59,0
20-21,20-21 EL,2020-12-30:Crvena Zvezda mts Belgrade-Panathinaikos OPAP Athens,E2020:151,2020-12-30 19:00:00,RS,RS,17,played,Crvena Zvezda mts Belgrade,Panathinaikos OPAP Athens,74,71,0
20-21,20-21 EL,2020-12-30:FC Bayern Munich-FC Barcelona,E2020:152,2020-12-30 19:30:00,RS,RS,17,played,FC Bayern Munich,FC Barcelona,90,77,0
20-21,20-21 EL,2020-12-30:AX Armani Exchange Milan-CSKA Moscow,E2020:153,2020-12-30 20:45:00,RS,RS,17,played,AX Armani Exchange Milan,CSKA Moscow,87,91,1
20-21,20-21 EL,2021-01-07:Crvena Zvezda mts Belgrade-Fenerbahce Beko Istanbul,E2020:155,2021-01-07 19:00:00,RS,RS,18,played,Crvena Zvezda mts Belgrade,Fenerbahce Beko Istanbul,71,73,0
20-21,20-21 EL,2021-01-07:Panathinaikos OPAP Athens-Zenit St Petersburg,E2020:157,2021-01-07 20:00:00,RS,RS,18,played,Panathinaikos OPAP Athens,Zenit St Petersburg,77,89,0
20-21,20-21 EL,2021-01-07:ALBA Berlin-Maccabi Playtika Tel Aviv,E2020:156,2021-01-07 20:00:00,RS,RS,18,played,ALBA Berlin,Maccabi Playtika Tel Aviv,73,85,0
20-21,20-21 EL,2021-01-07:FC Barcelona-Valencia Basket,E2020:158,2021-01-07 21:00:00,RS,RS,18,played,FC Barcelona,Valencia Basket,89,72,0
20-21,20-21 EL,2021-01-07:TD Systems Baskonia Vitoria-Gasteiz-CSKA Moscow,E2020:161,2021-01-07 21:00:00,RS,RS,18,played,TD Systems Baskonia Vitoria-Gasteiz,CSKA Moscow,95,93,0
20-21,20-21 EL,2021-01-08:Zalgiris Kaunas-Khimki Moscow Region,E2020:154,2021-01-08 19:00:00,RS,RS,18,played,Zalgiris Kaunas,Khimki Moscow Region,102,75,0
20-21,20-21 EL,2021-01-08:Olympiacos Piraeus-FC Bayern Munich,E2020:159,2021-01-08 20:00:00,RS,RS,18,played,Olympiacos Piraeus,FC Bayern Munich,84,82,0
20-21,20-21 EL,2021-01-08:LDLC ASVEL Villeurbanne-Anadolu Efes Istanbul,E2020:160,2021-01-08 20:45:00,RS,RS,18,played,LDLC ASVEL Villeurbanne,Anadolu Efes Istanbul,80,102,0
20-21,20-21 EL,2021-01-08:Real Madrid-AX Armani Exchange Milan,E2020:162,2021-01-08 21:00:00,RS,RS,18,played,Real Madrid,AX Armani Exchange Milan,76,80,0
20-21,20-21 EL,2021-01-12:Khimki Moscow Region-FC Barcelona,E2020:163,2021-01-12 18:00:00,RS,RS,19,played,Khimki Moscow Region,FC Barcelona,75,87,0
20-21,20-21 EL,2021-01-12:Anadolu Efes Istanbul-ALBA Berlin,E2020:164,2021-01-12 18:30:00,RS,RS,19,played,Anadolu Efes Istanbul,ALBA Berlin,84,76,0
20-21,20-21 EL,2021-01-12:Fenerbahce Beko Istanbul-TD Systems Baskonia Vitoria-Gasteiz,E2020:165,2021-01-12 18:45:00,RS,RS,19,played,Fenerbahce Beko Istanbul,TD Systems Baskonia Vitoria-Gasteiz,96,76,0
20-21,20-21 EL,2021-01-12:Maccabi Playtika Tel Aviv-Olympiacos Piraeus,E2020:166,2021-01-12 20:05:00,RS,RS,19,played,Maccabi Playtika Tel Aviv,Olympiacos Piraeus,87,89,1
20-21,20-21 EL,2021-01-12:AX Armani Exchange Milan-Valencia Basket,E2020:167,2021-01-12 20:45:00,RS,RS,19,played,AX Armani Exchange Milan,Valencia Basket,95,80,0
20-21,20-21 EL,2021-01-13:CSKA Moscow-Zalgiris Kaunas,E2020:168,2021-01-13 18:00:00,RS,RS,19,played,CSKA Moscow,Zalgiris Kaunas,83,73,0
20-21,20-21 EL,2021-01-13:FC Bayern Munich-Zenit St Petersburg,E2020:170,2021-01-13 19:30:00,RS,RS,19,played,FC Bayern Munich,Zenit St Petersburg,82,80,0
20-21,20-21 EL,2021-01-13:Panathinaikos OPAP Athens-LDLC ASVEL Villeurbanne,E2020:169,2021-01-13 20:00:00,RS,RS,19,played,Panathinaikos OPAP Athens,LDLC ASVEL Villeurbanne,88,71,0
20-21,20-21 EL,2021-01-18:Real Madrid-Crvena Zvezda mts Belgrade,E2020:171,2021-01-18 19:00:00,RS,RS,19,played,Real Madrid,Crvena Zvezda mts Belgrade,77,79,0
20-21,20-21 EL,2021-01-14:Anadolu Efes Istanbul-Khimki Moscow Region,E2020:172,2021-01-14 18:30:00,RS,RS,20,played,Anadolu Efes Istanbul,Khimki Moscow Region,99,60,0
20-21,20-21 EL,2021-01-14:ALBA Berlin-AX Armani Exchange Milan,E2020:173,2021-01-14 20:00:00,RS,RS,20,played,ALBA Berlin,AX Armani Exchange Milan,70,84,0
20-21,20-21 EL,2021-01-14:Maccabi Playtika Tel Aviv-TD Systems Baskonia Vitoria-Gasteiz,E2020:174,2021-01-14 20:05:00,RS,RS,20,played,Maccabi Playtika Tel Aviv,TD Systems Baskonia Vitoria-Gasteiz,91,82,0
20-21,20-21 EL,2021-01-15:Fenerbahce Beko Istanbul-Panathinaikos OPAP Athens,E2020:177,2021-01-15 18:00:00,RS,RS,20,played,Fenerbahce Beko Istanbul,Panathinaikos OPAP Athens,100,74,0
20-21,20-21 EL,2021-01-15:Zenit St Petersburg-Zalgiris Kaunas,E2020:176,2021-01-15 18:00:00,RS,RS,20,played,Zenit St Petersburg,Zalgiris Kaunas,77,65,0
20-21,20-21 EL,2021-01-15:CSKA Moscow-FC Barcelona,E2020:175,2021-01-15 18:00:00,RS,RS,20,played,CSKA Moscow,FC Barcelona,75,88,0
20-21,20-21 EL,2021-01-15:FC Bayern Munich-Real Madrid,E2020:179,2021-01-15 20:30:00,RS,RS,20,played,FC Bayern Munich,Real Madrid,76,81,1
20-21,20-21 EL,2021-01-15:Olympiacos Piraeus-LDLC ASVEL Villeurbanne,E2020:178,2021-01-15 20:30:00,RS,RS,20,played,Olympiacos Piraeus,LDLC ASVEL Villeurbanne,63,69,0
20-21,20-21 EL,2021-01-15:Valencia Basket-Crvena Zvezda mts Belgrade,E2020:180,2021-01-15 21:00:00,RS,RS,20,played,Valencia Basket,Crvena Zvezda mts Belgrade,91,71,0
20-21,20-21 EL,2021-01-21:Zenit St Petersburg-Anadolu Efes Istanbul,E2020:181,2021-01-21 18:00:00,RS,RS,21,played,Zenit St Petersburg,Anadolu Efes Istanbul,85,78,0
20-21,20-21 EL,2021-01-21:Panathinaikos OPAP Athens-Khimki Moscow Region,E2020:182,2021-01-21 20:00:00,RS,RS,21,played,Panathinaikos OPAP Athens,Khimki Moscow Region,94,78,0
20-21,20-21 EL,2021-01-21:Maccabi Playtika Tel Aviv-Real Madrid,E2020:183,2021-01-21 20:05:00,RS,RS,21,played,Maccabi Playtika Tel Aviv,Real Madrid,86,84,0
20-21,20-21 EL,2021-01-21:AX Armani Exchange Milan-FC Bayern Munich,E2020:184,2021-01-21 20:45:00,RS,RS,21,played,AX Armani Exchange Milan,FC Bayern Munich,75,51,0
20-21,20-21 EL,2021-01-21:LDLC ASVEL Villeurbanne-Valencia Basket,E2020:185,2021-01-21 20:45:00,RS,RS,21,played,LDLC ASVEL Villeurbanne,Valencia Basket,90,77,0
20-21,20-21 EL,2021-01-22:CSKA Moscow-Fenerbahce Beko Istanbul,E2020:186,2021-01-22 18:00:00,RS,RS,21,played,CSKA Moscow,Fenerbahce Beko Istanbul,83,89,0
20-21,20-21 EL,2021-01-22:Zalgiris Kaunas-Olympiacos Piraeus,E2020:188,2021-01-22 19:00:00,RS,RS,21,played,Zalgiris Kaunas,Olympiacos Piraeus,81,79,0
20-21,20-21 EL,2021-01-22:Crvena Zvezda mts Belgrade-FC Barcelona,E2020:187,2021-01-22 19:00:00,RS,RS,21,played,Crvena Zvezda mts Belgrade,FC Barcelona,60,72,0
20-21,20-21 EL,2021-01-22:TD Systems Baskonia Vitoria-Gasteiz-ALBA Berlin,E2020:189,2021-01-22 21:00:00,RS,RS,21,played,TD Systems Baskonia Vitoria-Gasteiz,ALBA Berlin,77,84,0
20-21,20-21 EL,2021-01-26:Anadolu Efes Istanbul-Crvena Zvezda mts Belgrade,E2020:191,2021-01-26 17:00:00,RS,RS,22,played,Anadolu Efes Istanbul,Crvena Zvezda mts Belgrade,86,72,0
20-21,20-21 EL,2021-01-26:Khimki Moscow Region-FC Bayern Munich,E2020:190,2021-01-26 18:00:00,RS,RS,22,played,Khimki Moscow Region,FC Bayern Munich,93,95,0
20-21,20-21 EL,2021-01-26:Fenerbahce Beko Istanbul-Maccabi Playtika Tel Aviv,E2020:192,2021-01-26 19:00:00,RS,RS,22,played,Fenerbahce Beko Istanbul,Maccabi Playtika Tel Aviv,82,75,0
20-21,20-21 EL,2021-01-26:AX Armani Exchange Milan-Olympiacos Piraeus,E2020:193,2021-01-26 20:45:00,RS,RS,22,played,AX Armani Exchange Milan,Olympiacos Piraeus,90,79,0
20-21,20-21 EL,2021-01-26:FC Barcelona-Zenit St Petersburg,E2020:194,2021-01-26 21:00:00,RS,RS,22,played,FC Barcelona,Zenit St Petersburg,85,81,0
20-21,20-21 EL,2021-01-27:ALBA Berlin-CSKA Moscow,E2020:195,2021-01-27 20:00:00,RS,RS,22,played,ALBA Berlin,CSKA Moscow,68,71,0
20-21,20-21 EL,2021-01-27:LDLC ASVEL Villeurbanne-TD Systems Baskonia Vitoria-Gasteiz,E2020:196,2021-01-27 20:45:00,RS,RS,22,played,LDLC ASVEL Villeurbanne,TD Systems Baskonia Vitoria-Gasteiz,83,77,0
20-21,20-21 EL,2021-01-27:Valencia Basket-Zalgiris Kaunas,E2020:198,2021-01-27 21:00:00,RS,RS,22,played,Valencia Basket,Zalgiris Kaunas,78,79,0
20-21,20-21 EL,2021-01-27:Real Madrid-Panathinaikos OPAP Athens,E2020:197,2021-01-27 21:00:00,RS,RS,22,played,Real Madrid,Panathinaikos OPAP Athens,76,66,0
20-21,20-21 EL,2021-01-28:Khimki Moscow Region-Fenerbahce Beko Istanbul,E2020:199,2021-01-28 18:00:00,RS,RS,23,played,Khimki Moscow Region,Fenerbahce Beko Istanbul,76,107,0
20-21,20-21 EL,2021-01-28:Olympiacos Piraeus-FC Barcelona,E2020:200,2021-01-28 20:00:00,RS,RS,23,played,Olympiacos Piraeus,FC Barcelona,74,76,0
20-21,20-21 EL,2021-01-28:AX Armani Exchange Milan-Zenit St Petersburg,E2020:202,2021-01-28 20:45:00,RS,RS,23,played,AX Armani Exchange Milan,Zenit St Petersburg,82,76,0
20-21,20-21 EL,2021-01-29:CSKA Moscow-FC Bayern Munich,E2020:203,2021-01-29 18:00:00,RS,RS,23,played,CSKA Moscow,FC Bayern Munich,66,69,0
20-21,20-21 EL,2021-01-29:ALBA Berlin-Real Madrid,E2020:204,2021-01-29 20:00:00,RS,RS,23,played,ALBA Berlin,Real Madrid,63,72,0
20-21,20-21 EL,2021-01-29:Panathinaikos OPAP Athens-Valencia Basket,E2020:205,2021-01-29 20:00:00,RS,RS,23,played,Panathinaikos OPAP Athens,Valencia Basket,91,72,0
20-21,20-21 EL,2021-01-29:Crvena Zvezda mts Belgrade-LDLC ASVEL Villeurbanne,E2020:206,2021-01-29 20:45:00,RS,RS,23,played,Crvena Zvezda mts Belgrade,LDLC ASVEL Villeurbanne,78,81,0
20-21,20-21 EL,2021-01-29:TD Systems Baskonia Vitoria-Gasteiz-Zalgiris Kaunas,E2020:207,2021-01-29 21:00:00,RS,RS,23,played,TD Systems Baskonia Vitoria-Gasteiz,Zalgiris Kaunas,81,68,0
20-21,20-21 EL,2021-03-16:Maccabi Playtika Tel Aviv-Anadolu Efes Istanbul,E2020:201,2021-03-16 18:30:00,RS,RS,23,played,Maccabi Playtika Tel Aviv,Anadolu Efes Istanbul,66,90,0
20-21,20-21 EL,2021-02-04:FC Barcelona-Anadolu Efes Istanbul,E2020:210,2021-02-04 21:00:00,RS,RS,24,played,FC Barcelona,Anadolu Efes Istanbul,86,88,0
20-21,20-21 EL,2021-02-04:Valencia Basket-CSKA Moscow,E2020:211,2021-02-04 21:00:00,RS,RS,24,played,Valencia Basket,CSKA Moscow,105,103,2
20-21,20-21 EL,2021-02-05:Fenerbahce Beko Istanbul-Zenit St Petersburg,E2020:212,2021-02-05 18:45:00,RS,RS,24,played,Fenerbahce Beko Istanbul,Zenit St Petersburg,92,84,0
20-21,20-21 EL,2021-02-05:Olympiacos Piraeus-Panathinaikos OPAP Athens,E2020:213,2021-02-05 20:00:00,RS,RS,24,played,Olympiacos Piraeus,Panathinaikos OPAP Athens,77,88,0
20-21,20-21 EL,2021-02-05:FC Bayern Munich-ALBA Berlin,E2020:214,2021-02-05 20:30:00,RS,RS,24,played,FC Bayern Munich,ALBA Berlin,101,95,1
20-21,20-21 EL,2021-02-05:LDLC ASVEL Villeurbanne-AX Armani Exchange Milan,E2020:215,2021-02-05 20:45:00,RS,RS,24,played,LDLC ASVEL Villeurbanne,AX Armani Exchange Milan,78,69,0
20-21,20-21 EL,2021-02-05:Real Madrid-TD Systems Baskonia Vitoria-Gasteiz,E2020:216,2021-02-05 21:00:00,RS,RS,24,played,Real Madrid,TD Systems Baskonia Vitoria-Gasteiz,64,84,0
20-21,20-21 EL,2021-02-23:Zalgiris Kaunas-Crvena Zvezda mts Belgrade,E2020:208,2021-02-23 19:00:00,RS,RS,24,played,Zalgiris Kaunas,Crvena Zvezda mts Belgrade,75,62,0
20-21,20-21 EL,2021-04-06:Maccabi Playtika Tel Aviv-Khimki Moscow Region,E2020:209,2021-04-06 17:00:00,RS,RS,24,played,Maccabi Playtika Tel Aviv,Khimki Moscow Region,92,62,0
20-21,20-21 EL,2021-02-18:Khimki Moscow Region-TD Systems Baskonia Vitoria-Gasteiz,E2020:217,2021-02-18 18:00:00,RS,RS,25,played,Khimki Moscow Region,TD Systems Baskonia Vitoria-Gasteiz,67,89,0
20-21,20-21 EL,2021-02-18:Anadolu Efes Istanbul-Olympiacos Piraeus,E2020:218,2021-02-18 18:30:00,RS,RS,25,played,Anadolu Efes Istanbul,Olympiacos Piraeus,76,53,0
20-21,20-21 EL,2021-02-18:AX Armani Exchange Milan-Maccabi Playtika Tel Aviv,E2020:219,2021-02-18 20:45:00,RS,RS,25,played,AX Armani Exchange Milan,Maccabi Playtika Tel Aviv,87,68,0
20-21,20-21 EL,2021-02-18:FC Barcelona-Zalgiris Kaunas,E2020:220,2021-02-18 21:00:00,RS,RS,25,played,FC Barcelona,Zalgiris Kaunas,86,62,0
20-21,20-21 EL,2021-02-19:Fenerbahce Beko Istanbul-ALBA Berlin,E2020:222,2021-02-19 18:45:00,RS,RS,25,played,Fenerbahce Beko Istanbul,ALBA Berlin,89,84,0
20-21,20-21 EL,2021-02-19:Crvena Zvezda mts Belgrade-Zenit St Petersburg,E2020:223,2021-02-19 20:45:00,RS,RS,25,played,Crvena Zvezda mts Belgrade,Zenit St Petersburg,75,76,0
20-21,20-21 EL,2021-02-19:LDLC ASVEL Villeurbanne-FC Bayern Munich,E2020:224,2021-02-19 20:45:00,RS,RS,25,played,LDLC ASVEL Villeurbanne,FC Bayern Munich,87,79,0
20-21,20-21 EL,2021-02-19:Valencia Basket-Real Madrid,E2020:225,2021-02-19 21:00:00,RS,RS,25,played,Valencia Basket,Real Madrid,89,78,0
20-21,20-21 EL,2021-04-14:CSKA Moscow-Panathinaikos OPAP Athens,E2020:221,2021-04-14 19:00:00,RS,RS,25,played,CSKA Moscow,Panathinaikos OPAP Athens,93,86,0
20-21,20-21 EL,2021-02-25:Zenit St Petersburg-Valencia Basket,E2020:226,2021-02-25 18:00:00,RS,RS,26,played,Zenit St Petersburg,Valencia Basket,62,91,0
20-21,20-21 EL,2021-02-25:Olympiacos Piraeus-CSKA Moscow,E2020:227,2021-02-25 20:00:00,RS,RS,26,played,Olympiacos Piraeus,CSKA Moscow,74,75,0
20-21,20-21 EL,2021-02-25:FC Bayern Munich-Maccabi Playtika Tel Aviv,E2020:228,2021-02-25 20:30:00,RS,RS,26,played,FC Bayern Munich,Maccabi Playtika Tel Aviv,72,70,0
20-21,20-21 EL,2021-02-25:AX Armani Exchange Milan-Khimki Moscow Region,E2020:229,2021-02-25 20:45:00,RS,RS,26,played,AX Armani Exchange Milan,Khimki Moscow Region,84,74,0
20-21,20-21 EL,2021-02-25:Real Madrid-Zalgiris Kaunas,E2020:230,2021-02-25 21:00:00,RS,RS,26,played,Real Madrid,Zalgiris Kaunas,70,58,0
20-21,20-21 EL,2021-02-26:Fenerbahce Beko Istanbul-Anadolu Efes Istanbul,E2020:231,2021-02-26 18:45:00,RS,RS,26,played,Fenerbahce Beko Istanbul,Anadolu Efes Istanbul,74,106,0
20-21,20-21 EL,2021-02-26:TD Systems Baskonia Vitoria-Gasteiz-Crvena Zvezda mts Belgrade,E2020:233,2021-02-26 19:00:00,RS,RS,26,played,TD Systems Baskonia Vitoria-Gasteiz,Crvena Zvezda mts Belgrade,87,67,0
20-21,20-21 EL,2021-02-26:ALBA Berlin-Panathinaikos OPAP Athens,E2020:232,2021-02-26 20:00:00,RS,RS,26,played,ALBA Berlin,Panathinaikos OPAP Athens,74,65,0
20-21,20-21 EL,2021-02-26:FC Barcelona-LDLC ASVEL Villeurbanne,E2020:234,2021-02-26 21:00:00,RS,RS,26,played,FC Barcelona,LDLC ASVEL Villeurbanne,69,76,0
20-21,20-21 EL,2021-03-02:Zenit St Petersburg-ALBA Berlin,E2020:236,2021-03-02 18:00:00,RS,RS,27,played,Zenit St Petersburg,ALBA Berlin,87,71,0
20-21,20-21 EL,2021-03-02:Khimki Moscow Region-Real Madrid,E2020:235,2021-03-02 18:00:00,RS,RS,27,played,Khimki Moscow Region,Real Madrid,78,77,0
20-21,20-21 EL,2021-03-02:Anadolu Efes Istanbul-Valencia Basket,E2020:237,2021-03-02 18:30:00,RS,RS,27,played,Anadolu Efes Istanbul,Valencia Basket,99,83,0
20-21,20-21 EL,2021-03-02:Zalgiris Kaunas-LDLC ASVEL Villeurbanne,E2020:241,2021-03-02 19:00:00,RS,RS,27,played,Zalgiris Kaunas,LDLC ASVEL Villeurbanne,85,75,0
20-21,20-21 EL,2021-03-02:Panathinaikos OPAP Athens-FC Barcelona,E2020:238,2021-03-02 20:00:00,RS,RS,27,played,Panathinaikos OPAP Athens,FC Barcelona,77,85,0
20-21,20-21 EL,2021-03-02:Maccabi Playtika Tel Aviv-CSKA Moscow,E2020:239,2021-03-02 20:05:00,RS,RS,27,played,Maccabi Playtika Tel Aviv,CSKA Moscow,80,84,0
20-21,20-21 EL,2021-03-02:Crvena Zvezda mts Belgrade-FC Bayern Munich,E2020:240,2021-03-02 20:45:00,RS,RS,27,played,Crvena Zvezda mts Belgrade,FC Bayern Munich,76,78,0
20-21,20-21 EL,2021-03-03:TD Systems Baskonia Vitoria-Gasteiz-Olympiacos Piraeus,E2020:243,2021-03-03 19:00:00,RS,RS,27,played,TD Systems Baskonia Vitoria-Gasteiz,Olympiacos Piraeus,91,66,0
20-21,20-21 EL,2021-03-03:AX Armani Exchange Milan-Fenerbahce Beko Istanbul,E2020:242,2021-03-03 20:45:00,RS,RS,27,played,AX Armani Exchange Milan,Fenerbahce Beko Istanbul,92,100,0
20-21,20-21 EL,2021-03-04:Zenit St Petersburg-Real Madrid,E2020:244,2021-03-04 18:00:00,RS,RS,28,played,Zenit St Petersburg,Real Madrid,71,75,0
20-21,20-21 EL,2021-03-04:Anadolu Efes Istanbul-CSKA Moscow,E2020:245,2021-03-04 18:30:00,RS,RS,28,played,Anadolu Efes Istanbul,CSKA Moscow,100,70,0
20-21,20-21 EL,2021-03-04:Maccabi Playtika Tel Aviv-Valencia Basket,E2020:246,2021-03-04 20:05:00,RS,RS,28,played,Maccabi Playtika Tel Aviv,Valencia Basket,84,72,0
20-21,20-21 EL,2021-03-04:FC Bayern Munich-Panathinaikos OPAP Athens,E2020:247,2021-03-04 20:30:00,RS,RS,28,played,FC Bayern Munich,Panathinaikos OPAP Athens,76,71,0
20-21,20-21 EL,2021-03-05:Khimki Moscow Region-ALBA Berlin,E2020:248,2021-03-05 18:00:00,RS,RS,28,played,Khimki Moscow Region,ALBA Berlin,81,100,0
20-21,20-21 EL,2021-03-05:Zalgiris Kaunas-AX Armani Exchange Milan,E2020:249,2021-03-05 19:00:00,RS,RS,28,played,Zalgiris Kaunas,AX Armani Exchange Milan,64,69,0
20-21,20-21 EL,2021-03-05:Olympiacos Piraeus-Crvena Zvezda mts Belgrade,E2020:250,2021-03-05 20:00:00,RS,RS,28,played,Olympiacos Piraeus,Crvena Zvezda mts Belgrade,94,79,0
20-21,20-21 EL,2021-03-05:LDLC ASVEL Villeurbanne-Fenerbahce Beko Istanbul,E2020:251,2021-03-05 20:45:00,RS,RS,28,played,LDLC ASVEL Villeurbanne,Fenerbahce Beko Istanbul,86,90,0
20-21,20-21 EL,2021-03-05:FC Barcelona-TD Systems Baskonia Vitoria-Gasteiz,E2020:252,2021-03-05 21:00:00,RS,RS,28,played,FC Barcelona,TD Systems Baskonia Vitoria-Gasteiz,71,57,0
20-21,20-21 EL,2021-03-11:CSKA Moscow-AX Armani Exchange Milan,E2020:253,2021-03-11 18:00:00,RS,RS,29,played,CSKA Moscow,AX Armani Exchange Milan,76,84,0
20-21,20-21 EL,2021-03-11:Panathinaikos OPAP Athens-Maccabi Playtika Tel Aviv,E2020:254,2021-03-11 20:00:00,RS,RS,29,played,Panathinaikos OPAP Athens,Maccabi Playtika Tel Aviv,81,63,0
20-21,20-21 EL,2021-03-11:Crvena Zvezda mts Belgrade-Khimki Moscow Region,E2020:255,2021-03-11 20:45:00,RS,RS,29,played,Crvena Zvezda mts Belgrade,Khimki Moscow Region,92,81,0
20-21,20-21 EL,2021-03-11:LDLC ASVEL Villeurbanne-ALBA Berlin,E2020:256,2021-03-11 20:45:00,RS,RS,29,played,LDLC ASVEL Villeurbanne,ALBA Berlin,89,95,0
20-21,20-21 EL,2021-03-11:Real Madrid-FC Barcelona,E2020:257,2021-03-11 21:00:00,RS,RS,29,played,Real Madrid,FC Barcelona,76,81,0
20-21,20-21 EL,2021-03-12:Anadolu Efes Istanbul-Zalgiris Kaunas,E2020:258,2021-03-12 18:30:00,RS,RS,29,played,Anadolu Efes Istanbul,Zalgiris Kaunas,89,62,0
20-21,20-21 EL,2021-03-12:TD Systems Baskonia Vitoria-Gasteiz-FC Bayern Munich,E2020:260,2021-03-12 19:00:00,RS,RS,29,played,TD Systems Baskonia Vitoria-Gasteiz,FC Bayern Munich,78,71,0
20-21,20-21 EL,2021-03-12:Olympiacos Piraeus-Zenit St Petersburg,E2020:259,2021-03-12 20:00:00,RS,RS,29,played,Olympiacos Piraeus,Zenit St Petersburg,75,61,0
20-21,20-21 EL,2021-03-12:Valencia Basket-Fenerbahce Beko Istanbul,E2020:261,2021-03-12 21:00:00,RS,RS,29,played,Valencia Basket,Fenerbahce Beko Istanbul,66,52,0
20-21,20-21 EL,2021-03-18:Zenit St Petersburg-TD Systems Baskonia Vitoria-Gasteiz,E2020:262,2021-03-18 18:00:00,RS,RS,30,played,Zenit St Petersburg,TD Systems Baskonia Vitoria-Gasteiz,75,79,0
20-21,20-21 EL,2021-03-18:Fenerbahce Beko Istanbul-Zalgiris Kaunas,E2020:263,2021-03-18 18:45:00,RS,RS,30,played,Fenerbahce Beko Istanbul,Zalgiris Kaunas,84,61,0
20-21,20-21 EL,2021-03-18:ALBA Berlin-Olympiacos Piraeus,E2020:264,2021-03-18 20:30:00,RS,RS,30,played,ALBA Berlin,Olympiacos Piraeus,80,84,0
20-21,20-21 EL,2021-03-18:Real Madrid-CSKA Moscow,E2020:270,2021-03-18 21:00:00,RS,RS,30,played,Real Madrid,CSKA Moscow,89,96,0
20-21,20-21 EL,2021-03-19:Khimki Moscow Region-Valencia Basket,E2020:266,2021-03-19 18:00:00,RS,RS,30,played,Khimki Moscow Region,Valencia Basket,68,77,0
20-21,20-21 EL,2021-03-19:Panathinaikos OPAP Athens-Crvena Zvezda mts Belgrade,E2020:267,2021-03-19 20:00:00,RS,RS,30,played,Panathinaikos OPAP Athens,Crvena Zvezda mts Belgrade,82,86,0
20-21,20-21 EL,2021-03-19:FC Bayern Munich-Anadolu Efes Istanbul,E2020:268,2021-03-19 20:30:00,RS,RS,30,played,FC Bayern Munich,Anadolu Efes Istanbul,80,79,0
20-21,20-21 EL,2021-03-19:AX Armani Exchange Milan-FC Barcelona,E2020:269,2021-03-19 20:45:00,RS,RS,30,played,AX Armani Exchange Milan,FC Barcelona,56,72,0
20-21,20-21 EL,2021-04-04:Maccabi Playtika Tel Aviv-LDLC ASVEL Villeurbanne,E2020:265,2021-04-04 20:05:00,RS,RS,30,played,Maccabi Playtika Tel Aviv,LDLC ASVEL Villeurbanne,67,74,0
20-21,20-21 EL,2021-03-25:CSKA Moscow-Crvena Zvezda mts Belgrade,E2020:271,2021-03-25 18:00:00,RS,RS,31,played,CSKA Moscow,Crvena Zvezda mts Belgrade,87,72,0
20-21,20-21 EL,2021-03-25:Anadolu Efes Istanbul-Panathinaikos OPAP Athens,E2020:272,2021-03-25 18:30:00,RS,RS,31,played,Anadolu Efes Istanbul,Panathinaikos OPAP Athens,85,65,0
20-21,20-21 EL,2021-03-25:Zalgiris Kaunas-Maccabi Playtika Tel Aviv,E2020:276,2021-03-25 20:00:00,RS,RS,31,played,Zalgiris Kaunas,Maccabi Playtika Tel Aviv,81,88,0
20-21,20-21 EL,2021-03-25:LDLC ASVEL Villeurbanne-Real Madrid,E2020:273,2021-03-25 20:45:00,RS,RS,31,played,LDLC ASVEL Villeurbanne,Real Madrid,71,74,0
20-21,20-21 EL,2021-03-25:Valencia Basket-FC Bayern Munich,E2020:274,2021-03-25 21:00:00,RS,RS,31,played,Valencia Basket,FC Bayern Munich,83,76,0
20-21,20-21 EL,2021-03-26:Khimki Moscow Region-Zenit St Petersburg,E2020:275,2021-03-26 18:00:00,RS,RS,31,played,Khimki Moscow Region,Zenit St Petersburg,70,91,0
20-21,20-21 EL,2021-03-26:TD Systems Baskonia Vitoria-Gasteiz-AX Armani Exchange Milan,E2020:279,2021-03-26 19:00:00,RS,RS,31,played,TD Systems Baskonia Vitoria-Gasteiz,AX Armani Exchange Milan,86,69,0
20-21,20-21 EL,2021-03-26:Olympiacos Piraeus-Fenerbahce Beko Istanbul,E2020:277,2021-03-26 20:00:00,RS,RS,31,played,Olympiacos Piraeus,Fenerbahce Beko Istanbul,71,76,0
20-21,20-21 EL,2021-03-26:FC Barcelona-ALBA Berlin,E2020:278,2021-03-26 21:00:00,RS,RS,31,played,FC Barcelona,ALBA Berlin,80,67,0
20-21,20-21 EL,2021-03-30:Crvena Zvezda mts Belgrade-AX Armani Exchange Milan,E2020:280,2021-03-30 19:00:00,RS,RS,32,played,Crvena Zvezda mts Belgrade,AX Armani Exchange Milan,72,93,0
20-21,20-21 EL,2021-03-30:Real Madrid-Anadolu Efes Istanbul,E2020:284,2021-03-30 19:00:00,RS,RS,32,played,Real Madrid,Anadolu Efes Istanbul,83,108,0
20-21,20-21 EL,2021-03-30:Zalgiris Kaunas-ALBA Berlin,E2020:286,2021-03-30 19:00:00,RS,RS,32,played,Zalgiris Kaunas,ALBA Berlin,96,86,0
20-21,20-21 EL,2021-03-30:Zenit St Petersburg-CSKA Moscow,E2020:281,2021-03-30 19:00:00,RS,RS,32,played,Zenit St Petersburg,CSKA Moscow,74,86,0
20-21,20-21 EL,2021-03-30:Panathinaikos OPAP Athens-TD Systems Baskonia Vitoria-Gasteiz,E2020:282,2021-03-30 20:00:00,RS,RS,32,played,Panathinaikos OPAP Athens,TD Systems Baskonia Vitoria-Gasteiz,82,97,0
20-21,20-21 EL,2021-03-30:Maccabi Playtika Tel Aviv-FC Barcelona,E2020:283,2021-03-30 20:05:00,RS,RS,32,played,Maccabi Playtika Tel Aviv,FC Barcelona,99,94,1
20-21,20-21 EL,2021-03-30:FC Bayern Munich-Fenerbahce Beko Istanbul,E2020:287,2021-03-30 21:00:00,RS,RS,32,played,FC Bayern Munich,Fenerbahce Beko Istanbul,68,77,0
20-21,20-21 EL,2021-03-31:Khimki Moscow Region-LDLC ASVEL Villeurbanne,E2020:285,2021-03-31 19:00:00,RS,RS,32,played,Khimki Moscow Region,LDLC ASVEL Villeurbanne,87,85,1
20-21,20-21 EL,2021-03-31:Valencia Basket-Olympiacos Piraeus,E2020:288,2021-03-31 21:00:00,RS,RS,32,played,Valencia Basket,Olympiacos Piraeus,79,88,0
20-21,20-21 EL,2021-04-01:TD Systems Baskonia Vitoria-Gasteiz-Anadolu Efes Istanbul,E2020:291,2021-04-01 19:00:00,RS,RS,33,played,TD Systems Baskonia Vitoria-Gasteiz,Anadolu Efes Istanbul,101,111,1
20-21,20-21 EL,2021-04-01:Panathinaikos OPAP Athens-AX Armani Exchange Milan,E2020:289,2021-04-01 20:00:00,RS,RS,33,played,Panathinaikos OPAP Athens,AX Armani Exchange Milan,86,83,1
20-21,20-21 EL,2021-04-01:FC Bayern Munich-Zalgiris Kaunas,E2020:296,2021-04-01 20:30:00,RS,RS,33,played,FC Bayern Munich,Zalgiris Kaunas,71,70,0
20-21,20-21 EL,2021-04-01:Crvena Zvezda mts Belgrade-Maccabi Playtika Tel Aviv,E2020:290,2021-04-01 20:45:00,RS,RS,33,played,Crvena Zvezda mts Belgrade,Maccabi Playtika Tel Aviv,76,64,0
20-21,20-21 EL,2021-04-02:CSKA Moscow-Khimki Moscow Region,E2020:292,2021-04-02 19:00:00,RS,RS,33,played,CSKA Moscow,Khimki Moscow Region,97,72,0
20-21,20-21 EL,2021-04-02:Zenit St Petersburg-LDLC ASVEL Villeurbanne,E2020:293,2021-04-02 19:00:00,RS,RS,33,played,Zenit St Petersburg,LDLC ASVEL Villeurbanne,87,53,0
20-21,20-21 EL,2021-04-02:ALBA Berlin-Valencia Basket,E2020:295,2021-04-02 19:00:00,RS,RS,33,played,ALBA Berlin,Valencia Basket,86,90,0
20-21,20-21 EL,2021-04-02:Fenerbahce Beko Istanbul-FC Barcelona,E2020:294,2021-04-02 19:45:00,RS,RS,33,played,Fenerbahce Beko Istanbul,FC Barcelona,73,82,0
20-21,20-21 EL,2021-04-02:Real Madrid-Olympiacos Piraeus,E2020:297,2021-04-02 21:00:00,RS,RS,33,played,Real Madrid,Olympiacos Piraeus,72,63,0
20-21,20-21 EL,2021-04-08:CSKA Moscow-LDLC ASVEL Villeurbanne,E2020:298,2021-04-08 19:00:00,RS,RS,34,played,CSKA Moscow,LDLC ASVEL Villeurbanne,88,70,0
20-21,20-21 EL,2021-04-08:Zalgiris Kaunas-Panathinaikos OPAP Athens,E2020:299,2021-04-08 19:00:00,RS,RS,34,played,Zalgiris Kaunas,Panathinaikos OPAP Athens,93,78,0
20-21,20-21 EL,2021-04-08:Fenerbahce Beko Istanbul-Real Madrid,E2020:300,2021-04-08 19:45:00,RS,RS,34,played,Fenerbahce Beko Istanbul,Real Madrid,67,93,0
20-21,20-21 EL,2021-04-08:ALBA Berlin-Crvena Zvezda mts Belgrade,E2020:301,2021-04-08 20:00:00,RS,RS,34,played,ALBA Berlin,Crvena Zvezda mts Belgrade,81,58,0
20-21,20-21 EL,2021-04-08:Valencia Basket-TD Systems Baskonia Vitoria-Gasteiz,E2020:302,2021-04-08 21:00:00,RS,RS,34,played,Valencia Basket,TD Systems Baskonia Vitoria-Gasteiz,86,81,0
20-21,20-21 EL,2021-04-09:Zenit St Petersburg-Maccabi Playtika Tel Aviv,E2020:303,2021-04-09 19:00:00,RS,RS,34,played,Zenit St Petersburg,Maccabi Playtika Tel Aviv,86,69,0
20-21,20-21 EL,2021-04-09:Olympiacos Piraeus-Khimki Moscow Region,E2020:304,2021-04-09 20:00:00,RS,RS,34,played,Olympiacos Piraeus,Khimki Moscow Region,82,75,0
20-21,20-21 EL,2021-04-09:AX Armani Exchange Milan-Anadolu Efes Istanbul,E2020:305,2021-04-09 20:45:00,RS,RS,34,played,AX Armani Exchange Milan,Anadolu Efes Istanbul,98,75,0
20-21,20-21 EL,2021-04-09:FC Barcelona-FC Bayern Munich,E2020:306,2021-04-09 21:00:00,RS,RS,34,played,FC Barcelona,FC Bayern Munich,72,82,0
20-21,20-21 EL,2021-04-20:Anadolu Efes Istanbul-Real Madrid,E2020:309,2021-04-20 19:00:00,PO,PO,1,played,Anadolu Efes Istanbul,Real Madrid,90,63,0
20-21,20-21 EL,2021-04-20:AX Armani Exchange Milan-FC Bayern Munich,E2020:308,2021-04-20 20:45:00,PO,PO,1,played,AX Armani Exchange Milan,FC Bayern Munich,79,78,0
20-21,20-21 EL,2021-04-21:CSKA Moscow-Fenerbahce Beko Istanbul,E2020:310,2021-04-21 19:00:00,PO,PO,1,played,CSKA Moscow,Fenerbahce Beko Istanbul,92,76,0
20-21,20-21 EL,2021-04-21:FC Barcelona-Zenit St Petersburg,E2020:307,2021-04-21 21:00:00,PO,PO,1,played,FC Barcelona,Zenit St Petersburg,74,76,0
20-21,20-21 EL,2021-04-22:Anadolu Efes Istanbul-Real Madrid,E2020:313,2021-04-22 19:00:00,PO,PO,2,played,Anadolu Efes Istanbul,Real Madrid,91,68,0
20-21,20-21 EL,2021-04-22:AX Armani Exchange Milan-FC Bayern Munich,E2020:312,2021-04-22 20:45:00,PO,PO,2,played,AX Armani Exchange Milan,FC Bayern Munich,80,69,0
20-21,20-21 EL,2021-04-23:CSKA Moscow-Fenerbahce Beko Istanbul,E2020:314,2021-04-23 19:00:00,PO,PO,2,played,CSKA Moscow,Fenerbahce Beko Istanbul,78,67,0
20-21,20-21 EL,2021-04-23:FC Barcelona-Zenit St Petersburg,E2020:311,2021-04-23 21:00:00,PO,PO,2,played,FC Barcelona,Zenit St Petersburg,81,78,1
20-21,20-21 EL,2021-04-27:Real Madrid-Anadolu Efes Istanbul,E2020:317,2021-04-27 19:00:00,PO,PO,3,played,Real Madrid,Anadolu Efes Istanbul,80,76,0
20-21,20-21 EL,2021-04-28:Zenit St Petersburg-FC Barcelona,E2020:315,2021-04-28 19:00:00,PO,PO,3,played,Zenit St Petersburg,FC Barcelona,70,78,0
20-21,20-21 EL,2021-04-28:Fenerbahce Beko Istanbul-CSKA Moscow,E2020:318,2021-04-28 19:45:00,PO,PO,3,played,Fenerbahce Beko Istanbul,CSKA Moscow,68,85,0
20-21,20-21 EL,2021-04-28:FC Bayern Munich-AX Armani Exchange Milan,E2020:316,2021-04-28 20:45:00,PO,PO,3,played,FC Bayern Munich,AX Armani Exchange Milan,85,79,0
20-21,20-21 EL,2021-04-29:Real Madrid-Anadolu Efes Istanbul,E2020:321,2021-04-29 21:00:00,PO,PO,4,played,Real Madrid,Anadolu Efes Istanbul,82,76,0
20-21,20-21 EL,2021-04-30:Zenit St Petersburg-FC Barcelona,E2020:319,2021-04-30 19:00:00,PO,PO,4,played,Zenit St Petersburg,FC Barcelona,74,61,0
20-21,20-21 EL,2021-04-30:FC Bayern Munich-AX Armani Exchange Milan,E2020:320,2021-04-30 20:45:00,PO,PO,4,played,FC Bayern Munich,AX Armani Exchange Milan,85,82,0
20-21,20-21 EL,2021-05-04:Anadolu Efes Istanbul-Real Madrid,E2020:324,2021-05-04 18:45:00,PO,PO,5,played,Anadolu Efes Istanbul,Real Madrid,88,83,0
20-21,20-21 EL,2021-05-04:AX Armani Exchange Milan-FC Bayern Munich,E2020:323,2021-05-04 20:45:00,PO,PO,5,played,AX Armani Exchange Milan,FC Bayern Munich,92,89,0
20-21,20-21 EL,2021-05-04:FC Barcelona-Zenit St Petersburg,E2020:322,2021-05-04 21:00:00,PO,PO,5,played,FC Barcelona,Zenit St Petersburg,79,53,0
20-21,20-21 EL,2021-05-28:CSKA Moscow-Anadolu Efes Istanbul,E2020:326,2021-05-28 18:00:00,PO,F4,40,played,CSKA Moscow,Anadolu Efes Istanbul,86,89,0
20-21,20-21 EL,2021-05-28:FC Barcelona-AX Armani Exchange Milan,E2020:325,2021-05-28 21:00:00,PO,F4,40,played,FC Barcelona,AX Armani Exchange Milan,84,82,0
20-21,20-21 EL,2021-05-30:AX Armani Exchange Milan-CSKA Moscow,E2020:327,2021-05-30 17:30:00,PO,F4,41,played,AX Armani Exchange Milan,CSKA Moscow,83,73,0
20-21,20-21 EL,2021-05-30:FC Barcelona-Anadolu Efes Istanbul,E2020:328,2021-05-30 20:30:00,PO,F4,41,played,FC Barcelona,Anadolu Efes Istanbul,81,86,0
