season_id,edition_id,game_id,website_id,date,type,phase,round,status,home_team_id,away_team_id,home_score,away_score,number_of_overtimes
22-23,22-23 EL,2022-10-06:Panathinaikos Athens-Real Madrid,E2022:1,2022-10-06 20:00:00,RS,RS,1,played,Panathinaikos Athens,Real Madrid,68,71,0
22-23,22-23 EL,2022-10-06:LDLC ASVEL Villeurbanne-EA7 Emporio Armani Milan,E2022:2,2022-10-06 20:00:00,RS,RS,1,played,LDLC ASVEL Villeurbanne,EA7 Emporio Armani Milan,62,69,0
22-23,22-23 EL,2022-10-06:Maccabi Playtika Tel Aviv-Zalgiris Kaunas,E2022:3,2022-10-06 20:05:00,RS,RS,1,played,Maccabi Playtika Tel Aviv,Zalgiris Kaunas,84,83,0
22-23,22-23 EL,2022-10-06:FC Bayern Munich-Fenerbahce Beko Istanbul,E2022:4,2022-10-06 20:30:00,RS,RS,1,played,FC Bayern Munich,Fenerbahce Beko Istanbul,62,74,0
22-23,22-23 EL,2022-10-06:Valencia Basket-Cazoo Baskonia Vitoria-Gasteiz,E2022:5,2022-10-06 20:30:00,RS,RS,1,played,Valencia Basket,Cazoo Baskonia Vitoria-Gasteiz,71,81,0
22-23,22-23 EL,2022-10-07:Anadolu Efes Istanbul-Crvena Zvezda Meridianbet Belgrade,E2022:6,2022-10-07 19:30:00,RS,RS,1,played,Anadolu Efes Istanbul,Crvena Zvezda Meridianbet Belgrade,72,59,0
22-23,22-23 EL,2022-10-07:ALBA Berlin-Partizan Mozzart Bet Belgrade,E2022:7,2022-10-07 20:00:00,RS,RS,1,played,ALBA Berlin,Partizan Mozzart Bet Belgrade,100,84,0
22-23,22-23 EL,2022-10-07:FC Barcelona-Olympiacos Piraeus,E2022:8,2022-10-07 20:30:00,RS,RS,1,played,FC Barcelona,Olympiacos Piraeus,70,80,0
22-23,22-23 EL,2022-10-07:Virtus Segafredo Bologna-AS Monaco,E2022:9,2022-10-07 20:30:00,RS,RS,1,played,Virtus Segafredo Bologna,AS Monaco,66,83,0
22-23,22-23 EL,2022-10-13:AS Monaco-Anadolu Efes Istanbul,E2022:10,2022-10-13 19:00:00,RS,RS,2,played,AS Monaco,Anadolu Efes Istanbul,95,92,1
22-23,22-23 EL,2022-10-13:Crvena Zvezda Meridianbet Belgrade-Panathinaikos Athens,E2022:11,2022-10-13 19:00:00,RS,RS,2,played,Crvena Zvezda Meridianbet Belgrade,Panathinaikos Athens,75,77,0
22-23,22-23 EL,2022-10-13:FC Barcelona-Real Madrid,E2022:12,2022-10-13 20:30:00,RS,RS,2,played,FC Barcelona,Real Madrid,75,73,0
22-23,22-23 EL,2022-10-13:Virtus Segafredo Bologna-FC Bayern Munich,E2022:13,2022-10-13 20:30:00,RS,RS,2,played,Virtus Segafredo Bologna,FC Bayern Munich,66,63,0
22-23,22-23 EL,2022-10-14:Fenerbahce Beko Istanbul-Maccabi Playtika Tel Aviv,E2022:14,2022-10-14 20:00:00,RS,RS,2,played,Fenerbahce Beko Istanbul,Maccabi Playtika Tel Aviv,86,71,0
22-23,22-23 EL,2022-10-14:Olympiacos Piraeus-Zalgiris Kaunas,E2022:15,2022-10-14 20:00:00,RS,RS,2,played,Olympiacos Piraeus,Zalgiris Kaunas,90,80,0
22-23,22-23 EL,2022-10-14:EA7 Emporio Armani Milan-ALBA Berlin,E2022:16,2022-10-14 20:30:00,RS,RS,2,played,EA7 Emporio Armani Milan,ALBA Berlin,74,80,1
22-23,22-23 EL,2022-10-14:Cazoo Baskonia Vitoria-Gasteiz-Partizan Mozzart Bet Belgrade,E2022:17,2022-10-14 20:30:00,RS,RS,2,played,Cazoo Baskonia Vitoria-Gasteiz,Partizan Mozzart Bet Belgrade,103,96,1
22-23,22-23 EL,2022-10-14:Valencia Basket-LDLC ASVEL Villeurbanne,E2022:18,2022-10-14 21:00:00,RS,RS,2,played,Valencia Basket,LDLC ASVEL Villeurbanne,76,77,0
22-23,22-23 EL,2022-10-18:Anadolu Efes Istanbul-Valencia Basket,E2022:20,2022-10-18 19:00:00,RS,RS,3,played,Anadolu Efes Istanbul,Valencia Basket,91,92,0
22-23,22-23 EL,2022-10-18:Zalgiris Kaunas-Virtus Segafredo Bologna,E2022:19,2022-10-18 19:00:00,RS,RS,3,played,Zalgiris Kaunas,Virtus Segafredo Bologna,68,65,0
22-23,22-23 EL,2022-10-18:Fenerbahce Beko Istanbul-LDLC ASVEL Villeurbanne,E2022:21,2022-10-18 19:45:00,RS,RS,3,played,Fenerbahce Beko Istanbul,LDLC ASVEL Villeurbanne,84,63,0
22-23,22-23 EL,2022-10-18:Maccabi Playtika Tel Aviv-AS Monaco,E2022:22,2022-10-18 20:05:00,RS,RS,3,played,Maccabi Playtika Tel Aviv,AS Monaco,78,70,0
22-23,22-23 EL,2022-10-18:FC Bayern Munich-FC Barcelona,E2022:23,2022-10-18 20:30:00,RS,RS,3,played,FC Bayern Munich,FC Barcelona,73,84,0
22-23,22-23 EL,2022-10-18:Partizan Mozzart Bet Belgrade-EA7 Emporio Armani Milan,E2022:24,2022-10-18 20:45:00,RS,RS,3,played,Partizan Mozzart Bet Belgrade,EA7 Emporio Armani Milan,75,80,0
22-23,22-23 EL,2022-10-19:ALBA Berlin-Panathinaikos Athens,E2022:25,2022-10-19 20:00:00,RS,RS,3,played,ALBA Berlin,Panathinaikos Athens,94,65,0
22-23,22-23 EL,2022-10-19:Cazoo Baskonia Vitoria-Gasteiz-Crvena Zvezda Meridianbet Belgrade,E2022:26,2022-10-19 20:30:00,RS,RS,3,played,Cazoo Baskonia Vitoria-Gasteiz,Crvena Zvezda Meridianbet Belgrade,92,75,0
22-23,22-23 EL,2022-10-19:Real Madrid-Olympiacos Piraeus,E2022:27,2022-10-19 20:45:00,RS,RS,3,played,Real Madrid,Olympiacos Piraeus,87,89,0
22-23,22-23 EL,2022-10-20:Zalgiris Kaunas-FC Barcelona,E2022:28,2022-10-20 19:00:00,RS,RS,4,played,Zalgiris Kaunas,FC Barcelona,73,72,0
22-23,22-23 EL,2022-10-20:Fenerbahce Beko Istanbul-Valencia Basket,E2022:29,2022-10-20 19:45:00,RS,RS,4,played,Fenerbahce Beko Istanbul,Valencia Basket,79,77,0
22-23,22-23 EL,2022-10-20:Maccabi Playtika Tel Aviv-LDLC ASVEL Villeurbanne,E2022:30,2022-10-20 20:05:00,RS,RS,4,played,Maccabi Playtika Tel Aviv,LDLC ASVEL Villeurbanne,88,69,0
22-23,22-23 EL,2022-10-20:FC Bayern Munich-EA7 Emporio Armani Milan,E2022:31,2022-10-20 20:30:00,RS,RS,4,played,FC Bayern Munich,EA7 Emporio Armani Milan,81,83,0
22-23,22-23 EL,2022-10-20:Partizan Mozzart Bet Belgrade-Virtus Segafredo Bologna,E2022:32,2022-10-20 20:30:00,RS,RS,4,played,Partizan Mozzart Bet Belgrade,Virtus Segafredo Bologna,90,62,0
22-23,22-23 EL,2022-10-21:Anadolu Efes Istanbul-ALBA Berlin,E2022:33,2022-10-21 19:30:00,RS,RS,4,played,Anadolu Efes Istanbul,ALBA Berlin,78,74,0
22-23,22-23 EL,2022-10-21:Panathinaikos Athens-AS Monaco,E2022:34,2022-10-21 20:00:00,RS,RS,4,played,Panathinaikos Athens,AS Monaco,80,83,0
22-23,22-23 EL,2022-10-21:Cazoo Baskonia Vitoria-Gasteiz-Olympiacos Piraeus,E2022:36,2022-10-21 20:30:00,RS,RS,4,played,Cazoo Baskonia Vitoria-Gasteiz,Olympiacos Piraeus,92,97,0
22-23,22-23 EL,2022-10-21:Real Madrid-Crvena Zvezda Meridianbet Belgrade,E2022:35,2022-10-21 20:45:00,RS,RS,4,played,Real Madrid,Crvena Zvezda Meridianbet Belgrade,72,56,0
22-23,22-23 EL,2022-10-27:Olympiacos Piraeus-AS Monaco,E2022:40,2022-10-27 18:45:00,RS,RS,5,played,Olympiacos Piraeus,AS Monaco,76,81,0
22-23,22-23 EL,2022-10-27:Maccabi Playtika Tel Aviv-Panathinaikos Athens,E2022:37,2022-10-27 20:05:00,RS,RS,5,played,Maccabi Playtika Tel Aviv,Panathinaikos Athens,85,74,0
22-23,22-23 EL,2022-10-27:Partizan Mozzart Bet Belgrade-Zalgiris Kaunas,E2022:38,2022-10-27 20:30:00,RS,RS,5,played,Partizan Mozzart Bet Belgrade,Zalgiris Kaunas,87,76,0
22-23,22-23 EL,2022-10-27:Valencia Basket-ALBA Berlin,E2022:39,2022-10-27 20:30:00,RS,RS,5,played,Valencia Basket,ALBA Berlin,87,73,0
22-23,22-23 EL,2022-10-27:Real Madrid-Virtus Segafredo Bologna,E2022:41,2022-10-27 20:45:00,RS,RS,5,played,Real Madrid,Virtus Segafredo Bologna,91,95,0
22-23,22-23 EL,2022-10-28:Crvena Zvezda Meridianbet Belgrade-FC Bayern Munich,E2022:42,2022-10-28 19:00:00,RS,RS,5,played,Crvena Zvezda Meridianbet Belgrade,FC Bayern Munich,78,72,0
22-23,22-23 EL,2022-10-28:Anadolu Efes Istanbul-Fenerbahce Beko Istanbul,E2022:43,2022-10-28 19:30:00,RS,RS,5,played,Anadolu Efes Istanbul,Fenerbahce Beko Istanbul,79,88,0
22-23,22-23 EL,2022-10-28:LDLC ASVEL Villeurbanne-Cazoo Baskonia Vitoria-Gasteiz,E2022:45,2022-10-28 20:00:00,RS,RS,5,played,LDLC ASVEL Villeurbanne,Cazoo Baskonia Vitoria-Gasteiz,87,61,0
22-23,22-23 EL,2022-10-28:FC Barcelona-EA7 Emporio Armani Milan,E2022:44,2022-10-28 20:30:00,RS,RS,5,played,FC Barcelona,EA7 Emporio Armani Milan,74,56,0
22-23,22-23 EL,2022-11-03:Cazoo Baskonia Vitoria-Gasteiz-Maccabi Playtika Tel Aviv,E2022:53,2022-11-03 20:15:00,RS,RS,6,played,Cazoo Baskonia Vitoria-Gasteiz,Maccabi Playtika Tel Aviv,116,87,0
22-23,22-23 EL,2022-11-03:Panathinaikos Athens-Partizan Mozzart Bet Belgrade,E2022:47,2022-11-03 20:30:00,RS,RS,6,played,Panathinaikos Athens,Partizan Mozzart Bet Belgrade,89,91,0
22-23,22-23 EL,2022-11-03:EA7 Emporio Armani Milan-Real Madrid,E2022:48,2022-11-03 20:30:00,RS,RS,6,played,EA7 Emporio Armani Milan,Real Madrid,77,83,0
22-23,22-23 EL,2022-11-03:FC Bayern Munich-Anadolu Efes Istanbul,E2022:49,2022-11-03 20:30:00,RS,RS,6,played,FC Bayern Munich,Anadolu Efes Istanbul,81,78,0
22-23,22-23 EL,2022-11-04:Zalgiris Kaunas-ALBA Berlin,E2022:50,2022-11-04 19:00:00,RS,RS,6,played,Zalgiris Kaunas,ALBA Berlin,88,81,0
22-23,22-23 EL,2022-11-04:Olympiacos Piraeus-Valencia Basket,E2022:52,2022-11-04 20:00:00,RS,RS,6,played,Olympiacos Piraeus,Valencia Basket,82,83,0
22-23,22-23 EL,2022-11-04:FC Barcelona-Fenerbahce Beko Istanbul,E2022:51,2022-11-04 20:30:00,RS,RS,6,played,FC Barcelona,Fenerbahce Beko Istanbul,81,80,0
22-23,22-23 EL,2022-11-04:AS Monaco-Crvena Zvezda Meridianbet Belgrade,E2022:46,2022-11-04 21:00:00,RS,RS,6,played,AS Monaco,Crvena Zvezda Meridianbet Belgrade,85,77,0
22-23,22-23 EL,2022-11-04:Virtus Segafredo Bologna-LDLC ASVEL Villeurbanne,E2022:54,2022-11-04 21:00:00,RS,RS,6,played,Virtus Segafredo Bologna,LDLC ASVEL Villeurbanne,79,84,0
22-23,22-23 EL,2022-11-09:EA7 Emporio Armani Milan-Virtus Segafredo Bologna,E2022:62,2022-11-09 20:30:00,RS,RS,7,played,EA7 Emporio Armani Milan,Virtus Segafredo Bologna,59,64,0
22-23,22-23 EL,2022-11-10:Fenerbahce Beko Istanbul-Crvena Zvezda Meridianbet Belgrade,E2022:60,2022-11-10 18:00:00,RS,RS,7,played,Fenerbahce Beko Istanbul,Crvena Zvezda Meridianbet Belgrade,93,79,0
22-23,22-23 EL,2022-11-10:Real Madrid-Anadolu Efes Istanbul,E2022:59,2022-11-10 19:45:00,RS,RS,7,played,Real Madrid,Anadolu Efes Istanbul,94,85,0
22-23,22-23 EL,2022-11-10:ALBA Berlin-FC Bayern Munich,E2022:55,2022-11-10 20:00:00,RS,RS,7,played,ALBA Berlin,FC Bayern Munich,77,79,0
22-23,22-23 EL,2022-11-10:Olympiacos Piraeus-Partizan Mozzart Bet Belgrade,E2022:56,2022-11-10 20:00:00,RS,RS,7,played,Olympiacos Piraeus,Partizan Mozzart Bet Belgrade,87,58,0
22-23,22-23 EL,2022-11-10:Maccabi Playtika Tel Aviv-FC Barcelona,E2022:58,2022-11-10 20:05:00,RS,RS,7,played,Maccabi Playtika Tel Aviv,FC Barcelona,79,86,0
22-23,22-23 EL,2022-11-10:LDLC ASVEL Villeurbanne-Zalgiris Kaunas,E2022:57,2022-11-10 21:00:00,RS,RS,7,played,LDLC ASVEL Villeurbanne,Zalgiris Kaunas,76,93,0
22-23,22-23 EL,2022-11-11:Panathinaikos Athens-Cazoo Baskonia Vitoria-Gasteiz,E2022:61,2022-11-11 20:30:00,RS,RS,7,played,Panathinaikos Athens,Cazoo Baskonia Vitoria-Gasteiz,98,83,0
22-23,22-23 EL,2022-11-11:Valencia Basket-AS Monaco,E2022:63,2022-11-11 21:00:00,RS,RS,7,played,Valencia Basket,AS Monaco,89,84,0
22-23,22-23 EL,2022-11-17:Anadolu Efes Istanbul-FC Barcelona,E2022:64,2022-11-17 18:30:00,RS,RS,8,played,Anadolu Efes Istanbul,FC Barcelona,96,86,0
22-23,22-23 EL,2022-11-17:Crvena Zvezda Meridianbet Belgrade-LDLC ASVEL Villeurbanne,E2022:65,2022-11-17 19:00:00,RS,RS,8,played,Crvena Zvezda Meridianbet Belgrade,LDLC ASVEL Villeurbanne,71,67,0
22-23,22-23 EL,2022-11-17:FC Bayern Munich-Olympiacos Piraeus,E2022:66,2022-11-17 20:30:00,RS,RS,8,played,FC Bayern Munich,Olympiacos Piraeus,71,82,0
22-23,22-23 EL,2022-11-17:Virtus Segafredo Bologna-Valencia Basket,E2022:67,2022-11-17 20:30:00,RS,RS,8,played,Virtus Segafredo Bologna,Valencia Basket,89,59,0
22-23,22-23 EL,2022-11-17:Real Madrid-ALBA Berlin,E2022:68,2022-11-17 20:45:00,RS,RS,8,played,Real Madrid,ALBA Berlin,90,72,0
22-23,22-23 EL,2022-11-18:Fenerbahce Beko Istanbul-Panathinaikos Athens,E2022:69,2022-11-18 18:45:00,RS,RS,8,played,Fenerbahce Beko Istanbul,Panathinaikos Athens,107,77,0
22-23,22-23 EL,2022-11-18:AS Monaco-Cazoo Baskonia Vitoria-Gasteiz,E2022:70,2022-11-18 19:00:00,RS,RS,8,played,AS Monaco,Cazoo Baskonia Vitoria-Gasteiz,79,74,0
22-23,22-23 EL,2022-11-18:Zalgiris Kaunas-EA7 Emporio Armani Milan,E2022:71,2022-11-18 19:00:00,RS,RS,8,played,Zalgiris Kaunas,EA7 Emporio Armani Milan,71,62,0
22-23,22-23 EL,2022-11-18:Partizan Mozzart Bet Belgrade-Maccabi Playtika Tel Aviv,E2022:72,2022-11-18 20:30:00,RS,RS,8,played,Partizan Mozzart Bet Belgrade,Maccabi Playtika Tel Aviv,96,88,0
22-23,22-23 EL,2022-11-22:AS Monaco-Fenerbahce Beko Istanbul,E2022:73,2022-11-22 19:00:00,RS,RS,9,played,AS Monaco,Fenerbahce Beko Istanbul,93,96,0
22-23,22-23 EL,2022-11-22:ALBA Berlin-Crvena Zvezda Meridianbet Belgrade,E2022:74,2022-11-22 20:00:00,RS,RS,9,played,ALBA Berlin,Crvena Zvezda Meridianbet Belgrade,84,88,1
22-23,22-23 EL,2022-11-22:Maccabi Playtika Tel Aviv-Olympiacos Piraeus,E2022:75,2022-11-22 20:05:00,RS,RS,9,played,Maccabi Playtika Tel Aviv,Olympiacos Piraeus,90,84,0
22-23,22-23 EL,2022-11-22:EA7 Emporio Armani Milan-Anadolu Efes Istanbul,E2022:76,2022-11-22 20:30:00,RS,RS,9,played,EA7 Emporio Armani Milan,Anadolu Efes Istanbul,51,80,0
22-23,22-23 EL,2022-11-22:Valencia Basket-Real Madrid,E2022:77,2022-11-22 20:30:00,RS,RS,9,played,Valencia Basket,Real Madrid,73,80,0
22-23,22-23 EL,2022-11-22:FC Barcelona-Partizan Mozzart Bet Belgrade,E2022:78,2022-11-22 20:45:00,RS,RS,9,played,FC Barcelona,Partizan Mozzart Bet Belgrade,79,68,0
22-23,22-23 EL,2022-11-23:LDLC ASVEL Villeurbanne-FC Bayern Munich,E2022:79,2022-11-23 20:00:00,RS,RS,9,played,LDLC ASVEL Villeurbanne,FC Bayern Munich,74,75,0
22-23,22-23 EL,2022-11-23:Panathinaikos Athens-Virtus Segafredo Bologna,E2022:80,2022-11-23 20:00:00,RS,RS,9,played,Panathinaikos Athens,Virtus Segafredo Bologna,88,85,1
22-23,22-23 EL,2022-11-23:Cazoo Baskonia Vitoria-Gasteiz-Zalgiris Kaunas,E2022:81,2022-11-23 20:30:00,RS,RS,9,played,Cazoo Baskonia Vitoria-Gasteiz,Zalgiris Kaunas,93,73,0
22-23,22-23 EL,2022-11-24:Crvena Zvezda Meridianbet Belgrade-Maccabi Playtika Tel Aviv,E2022:82,2022-11-24 17:30:00,RS,RS,10,played,Crvena Zvezda Meridianbet Belgrade,Maccabi Playtika Tel Aviv,69,68,0
22-23,22-23 EL,2022-11-24:Olympiacos Piraeus-ALBA Berlin,E2022:83,2022-11-24 20:00:00,RS,RS,10,played,Olympiacos Piraeus,ALBA Berlin,86,76,0
22-23,22-23 EL,2022-11-24:EA7 Emporio Armani Milan-Fenerbahce Beko Istanbul,E2022:84,2022-11-24 20:30:00,RS,RS,10,played,EA7 Emporio Armani Milan,Fenerbahce Beko Istanbul,72,82,0
22-23,22-23 EL,2022-11-24:Real Madrid-Partizan Mozzart Bet Belgrade,E2022:85,2022-11-24 20:45:00,RS,RS,10,played,Real Madrid,Partizan Mozzart Bet Belgrade,105,97,0
22-23,22-23 EL,2022-11-25:AS Monaco-FC Bayern Munich,E2022:86,2022-11-25 19:00:00,RS,RS,10,played,AS Monaco,FC Bayern Munich,80,79,0
22-23,22-23 EL,2022-11-25:Panathinaikos Athens-LDLC ASVEL Villeurbanne,E2022:88,2022-11-25 20:00:00,RS,RS,10,played,Panathinaikos Athens,LDLC ASVEL Villeurbanne,77,58,0
22-23,22-23 EL,2022-11-25:FC Barcelona-Cazoo Baskonia Vitoria-Gasteiz,E2022:87,2022-11-25 20:30:00,RS,RS,10,played,FC Barcelona,Cazoo Baskonia Vitoria-Gasteiz,96,84,0
22-23,22-23 EL,2022-11-25:Virtus Segafredo Bologna-Anadolu Efes Istanbul,E2022:89,2022-11-25 20:30:00,RS,RS,10,played,Virtus Segafredo Bologna,Anadolu Efes Istanbul,80,85,0
22-23,22-23 EL,2022-11-25:Valencia Basket-Zalgiris Kaunas,E2022:90,2022-11-25 20:45:00,RS,RS,10,played,Valencia Basket,Zalgiris Kaunas,76,80,0
22-23,22-23 EL,2022-12-01:Anadolu Efes Istanbul-Olympiacos Piraeus,E2022:91,2022-12-01 18:30:00,RS,RS,11,played,Anadolu Efes Istanbul,Olympiacos Piraeus,82,71,0
22-23,22-23 EL,2022-12-01:ALBA Berlin-FC Barcelona,E2022:92,2022-12-01 18:30:00,RS,RS,11,played,ALBA Berlin,FC Barcelona,86,88,0
22-23,22-23 EL,2022-12-01:LDLC ASVEL Villeurbanne-AS Monaco,E2022:93,2022-12-01 20:00:00,RS,RS,11,played,LDLC ASVEL Villeurbanne,AS Monaco,75,84,0
22-23,22-23 EL,2022-12-01:Cazoo Baskonia Vitoria-Gasteiz-EA7 Emporio Armani Milan,E2022:94,2022-12-01 20:30:00,RS,RS,11,played,Cazoo Baskonia Vitoria-Gasteiz,EA7 Emporio Armani Milan,78,62,0
22-23,22-23 EL,2022-12-01:Partizan Mozzart Bet Belgrade-Valencia Basket,E2022:95,2022-12-01 20:45:00,RS,RS,11,played,Partizan Mozzart Bet Belgrade,Valencia Basket,96,100,1
22-23,22-23 EL,2022-12-02:Crvena Zvezda Meridianbet Belgrade-Virtus Segafredo Bologna,E2022:97,2022-12-02 18:00:00,RS,RS,11,played,Crvena Zvezda Meridianbet Belgrade,Virtus Segafredo Bologna,83,74,0
22-23,22-23 EL,2022-12-02:Fenerbahce Beko Istanbul-Real Madrid,E2022:96,2022-12-02 18:45:00,RS,RS,11,played,Fenerbahce Beko Istanbul,Real Madrid,71,85,0
22-23,22-23 EL,2022-12-02:Zalgiris Kaunas-Panathinaikos Athens,E2022:98,2022-12-02 19:00:00,RS,RS,11,played,Zalgiris Kaunas,Panathinaikos Athens,67,81,0
22-23,22-23 EL,2022-12-02:FC Bayern Munich-Maccabi Playtika Tel Aviv,E2022:99,2022-12-02 20:30:00,RS,RS,11,played,FC Bayern Munich,Maccabi Playtika Tel Aviv,98,89,0
22-23,22-23 EL,2022-12-08:ALBA Berlin-Fenerbahce Beko Istanbul,E2022:100,2022-12-08 20:00:00,RS,RS,12,played,ALBA Berlin,Fenerbahce Beko Istanbul,75,104,0
22-23,22-23 EL,2022-12-08:Panathinaikos Athens-EA7 Emporio Armani Milan,E2022:101,2022-12-08 20:00:00,RS,RS,12,played,Panathinaikos Athens,EA7 Emporio Armani Milan,90,77,1
22-23,22-23 EL,2022-12-08:Maccabi Playtika Tel Aviv-Valencia Basket,E2022:102,2022-12-08 20:05:00,RS,RS,12,played,Maccabi Playtika Tel Aviv,Valencia Basket,84,68,0
22-23,22-23 EL,2022-12-08:Partizan Mozzart Bet Belgrade-Crvena Zvezda Meridianbet Belgrade,E2022:103,2022-12-08 20:30:00,RS,RS,12,played,Partizan Mozzart Bet Belgrade,Crvena Zvezda Meridianbet Belgrade,73,76,0
22-23,22-23 EL,2022-12-08:Real Madrid-AS Monaco,E2022:104,2022-12-08 21:00:00,RS,RS,12,played,Real Madrid,AS Monaco,94,95,1
22-23,22-23 EL,2022-12-09:Zalgiris Kaunas-Anadolu Efes Istanbul,E2022:105,2022-12-09 19:00:00,RS,RS,12,played,Zalgiris Kaunas,Anadolu Efes Istanbul,60,86,0
22-23,22-23 EL,2022-12-09:Olympiacos Piraeus-Virtus Segafredo Bologna,E2022:107,2022-12-09 20:00:00,RS,RS,12,played,Olympiacos Piraeus,Virtus Segafredo Bologna,117,71,0
22-23,22-23 EL,2022-12-09:FC Barcelona-LDLC ASVEL Villeurbanne,E2022:106,2022-12-09 20:30:00,RS,RS,12,played,FC Barcelona,LDLC ASVEL Villeurbanne,74,75,0
22-23,22-23 EL,2022-12-09:Cazoo Baskonia Vitoria-Gasteiz-FC Bayern Munich,E2022:108,2022-12-09 20:30:00,RS,RS,12,played,Cazoo Baskonia Vitoria-Gasteiz,FC Bayern Munich,78,53,0
22-23,22-23 EL,2022-12-13:Crvena Zvezda Meridianbet Belgrade-Zalgiris Kaunas,E2022:109,2022-12-13 19:00:00,RS,RS,13,played,Crvena Zvezda Meridianbet Belgrade,Zalgiris Kaunas,77,73,0
22-23,22-23 EL,2022-12-13:Olympiacos Piraeus-Fenerbahce Beko Istanbul,E2022:111,2022-12-13 19:00:00,RS,RS,13,played,Olympiacos Piraeus,Fenerbahce Beko Istanbul,94,67,0
22-23,22-23 EL,2022-12-13:LDLC ASVEL Villeurbanne-Partizan Mozzart Bet Belgrade,E2022:110,2022-12-13 20:00:00,RS,RS,13,played,LDLC ASVEL Villeurbanne,Partizan Mozzart Bet Belgrade,91,87,0
22-23,22-23 EL,2022-12-13:EA7 Emporio Armani Milan-Maccabi Playtika Tel Aviv,E2022:112,2022-12-13 20:30:00,RS,RS,13,played,EA7 Emporio Armani Milan,Maccabi Playtika Tel Aviv,71,77,0
22-23,22-23 EL,2022-12-13:FC Bayern Munich-Real Madrid,E2022:113,2022-12-13 20:30:00,RS,RS,13,played,FC Bayern Munich,Real Madrid,64,68,0
22-23,22-23 EL,2022-12-13:Valencia Basket-Panathinaikos Athens,E2022:114,2022-12-13 20:45:00,RS,RS,13,played,Valencia Basket,Panathinaikos Athens,94,91,1
22-23,22-23 EL,2022-12-14:Anadolu Efes Istanbul-Cazoo Baskonia Vitoria-Gasteiz,E2022:115,2022-12-14 18:30:00,RS,RS,13,played,Anadolu Efes Istanbul,Cazoo Baskonia Vitoria-Gasteiz,78,83,0
22-23,22-23 EL,2022-12-14:AS Monaco-FC Barcelona,E2022:116,2022-12-14 19:00:00,RS,RS,13,played,AS Monaco,FC Barcelona,63,69,0
22-23,22-23 EL,2022-12-14:Virtus Segafredo Bologna-ALBA Berlin,E2022:117,2022-12-14 20:30:00,RS,RS,13,played,Virtus Segafredo Bologna,ALBA Berlin,85,76,0
22-23,22-23 EL,2022-12-15:Crvena Zvezda Meridianbet Belgrade-EA7 Emporio Armani Milan,E2022:118,2022-12-15 19:00:00,RS,RS,14,played,Crvena Zvezda Meridianbet Belgrade,EA7 Emporio Armani Milan,67,71,0
22-23,22-23 EL,2022-12-15:Zalgiris Kaunas-Real Madrid,E2022:119,2022-12-15 19:00:00,RS,RS,14,played,Zalgiris Kaunas,Real Madrid,81,72,0
22-23,22-23 EL,2022-12-15:FC Bayern Munich-Valencia Basket,E2022:121,2022-12-15 20:30:00,RS,RS,14,played,FC Bayern Munich,Valencia Basket,97,92,0
22-23,22-23 EL,2022-12-15:LDLC ASVEL Villeurbanne-Olympiacos Piraeus,E2022:120,2022-12-15 21:00:00,RS,RS,14,played,LDLC ASVEL Villeurbanne,Olympiacos Piraeus,77,75,0
22-23,22-23 EL,2022-12-16:Fenerbahce Beko Istanbul-Cazoo Baskonia Vitoria-Gasteiz,E2022:122,2022-12-16 18:45:00,RS,RS,14,played,Fenerbahce Beko Istanbul,Cazoo Baskonia Vitoria-Gasteiz,70,76,0
22-23,22-23 EL,2022-12-16:FC Barcelona-Panathinaikos Athens,E2022:124,2022-12-16 20:30:00,RS,RS,14,played,FC Barcelona,Panathinaikos Athens,74,68,0
22-23,22-23 EL,2022-12-16:Partizan Mozzart Bet Belgrade-Anadolu Efes Istanbul,E2022:125,2022-12-16 20:30:00,RS,RS,14,played,Partizan Mozzart Bet Belgrade,Anadolu Efes Istanbul,82,79,0
22-23,22-23 EL,2022-12-16:Virtus Segafredo Bologna-Maccabi Playtika Tel Aviv,E2022:126,2022-12-16 20:30:00,RS,RS,14,played,Virtus Segafredo Bologna,Maccabi Playtika Tel Aviv,78,73,0
22-23,22-23 EL,2022-12-16:AS Monaco-ALBA Berlin,E2022:123,2022-12-16 21:00:00,RS,RS,14,played,AS Monaco,ALBA Berlin,92,89,0
22-23,22-23 EL,2022-12-22:Fenerbahce Beko Istanbul-Partizan Mozzart Bet Belgrade,E2022:127,2022-12-22 18:45:00,RS,RS,15,played,Fenerbahce Beko Istanbul,Partizan Mozzart Bet Belgrade,72,73,0
22-23,22-23 EL,2022-12-22:ALBA Berlin-Maccabi Playtika Tel Aviv,E2022:128,2022-12-22 20:00:00,RS,RS,15,played,ALBA Berlin,Maccabi Playtika Tel Aviv,70,83,0
22-23,22-23 EL,2022-12-22:Olympiacos Piraeus-Crvena Zvezda Meridianbet Belgrade,E2022:129,2022-12-22 20:00:00,RS,RS,15,played,Olympiacos Piraeus,Crvena Zvezda Meridianbet Belgrade,86,90,0
22-23,22-23 EL,2022-12-22:Cazoo Baskonia Vitoria-Gasteiz-Virtus Segafredo Bologna,E2022:130,2022-12-22 20:30:00,RS,RS,15,played,Cazoo Baskonia Vitoria-Gasteiz,Virtus Segafredo Bologna,90,79,0
22-23,22-23 EL,2022-12-22:Real Madrid-LDLC ASVEL Villeurbanne,E2022:131,2022-12-22 21:00:00,RS,RS,15,played,Real Madrid,LDLC ASVEL Villeurbanne,92,73,0
22-23,22-23 EL,2022-12-23:Anadolu Efes Istanbul-Panathinaikos Athens,E2022:132,2022-12-23 18:30:00,RS,RS,15,played,Anadolu Efes Istanbul,Panathinaikos Athens,88,69,0
22-23,22-23 EL,2022-12-23:Zalgiris Kaunas-FC Bayern Munich,E2022:133,2022-12-23 19:00:00,RS,RS,15,played,Zalgiris Kaunas,FC Bayern Munich,75,67,0
22-23,22-23 EL,2022-12-23:Valencia Basket-FC Barcelona,E2022:134,2022-12-23 20:30:00,RS,RS,15,played,Valencia Basket,FC Barcelona,84,83,0
22-23,22-23 EL,2022-12-23:EA7 Emporio Armani Milan-AS Monaco,E2022:135,2022-12-23 20:30:00,RS,RS,15,played,EA7 Emporio Armani Milan,AS Monaco,79,71,0
22-23,22-23 EL,2022-12-29:Cazoo Baskonia Vitoria-Gasteiz-Real Madrid,E2022:140,2022-12-29 19:00:00,RS,RS,16,played,Cazoo Baskonia Vitoria-Gasteiz,Real Madrid,92,86,0
22-23,22-23 EL,2022-12-29:Maccabi Playtika Tel Aviv-Anadolu Efes Istanbul,E2022:137,2022-12-29 20:05:00,RS,RS,16,played,Maccabi Playtika Tel Aviv,Anadolu Efes Istanbul,80,72,0
22-23,22-23 EL,2022-12-29:EA7 Emporio Armani Milan-Valencia Basket,E2022:138,2022-12-29 20:30:00,RS,RS,16,played,EA7 Emporio Armani Milan,Valencia Basket,90,79,0
22-23,22-23 EL,2022-12-29:Partizan Mozzart Bet Belgrade-FC Bayern Munich,E2022:139,2022-12-29 20:30:00,RS,RS,16,played,Partizan Mozzart Bet Belgrade,FC Bayern Munich,83,77,0
22-23,22-23 EL,2022-12-29:AS Monaco-Zalgiris Kaunas,E2022:136,2022-12-29 21:00:00,RS,RS,16,played,AS Monaco,Zalgiris Kaunas,84,82,0
22-23,22-23 EL,2022-12-30:Crvena Zvezda Meridianbet Belgrade-FC Barcelona,E2022:141,2022-12-30 19:00:00,RS,RS,16,played,Crvena Zvezda Meridianbet Belgrade,FC Barcelona,94,99,1
22-23,22-23 EL,2022-12-30:LDLC ASVEL Villeurbanne-ALBA Berlin,E2022:142,2022-12-30 20:00:00,RS,RS,16,played,LDLC ASVEL Villeurbanne,ALBA Berlin,79,91,0
22-23,22-23 EL,2022-12-30:Panathinaikos Athens-Olympiacos Piraeus,E2022:143,2022-12-30 20:00:00,RS,RS,16,played,Panathinaikos Athens,Olympiacos Piraeus,71,95,0
22-23,22-23 EL,2022-12-30:Virtus Segafredo Bologna-Fenerbahce Beko Istanbul,E2022:144,2022-12-30 20:30:00,RS,RS,16,played,Virtus Segafredo Bologna,Fenerbahce Beko Istanbul,92,88,0
22-23,22-23 EL,2023-01-05:Zalgiris Kaunas-Fenerbahce Beko Istanbul,E2022:145,2023-01-05 19:00:00,RS,RS,17,played,Zalgiris Kaunas,Fenerbahce Beko Istanbul,86,66,0
22-23,22-23 EL,2023-01-05:ALBA Berlin-Cazoo Baskonia Vitoria-Gasteiz,E2022:146,2023-01-05 19:00:00,RS,RS,17,played,ALBA Berlin,Cazoo Baskonia Vitoria-Gasteiz,85,84,0
22-23,22-23 EL,2023-01-05:FC Barcelona-Virtus Segafredo Bologna,E2022:147,2023-01-05 20:30:00,RS,RS,17,played,FC Barcelona,Virtus Segafredo Bologna,75,83,0
22-23,22-23 EL,2023-01-05:FC Bayern Munich-Panathinaikos Athens,E2022:148,2023-01-05 20:30:00,RS,RS,17,played,FC Bayern Munich,Panathinaikos Athens,84,68,0
22-23,22-23 EL,2023-01-05:Partizan Mozzart Bet Belgrade-AS Monaco,E2022:149,2023-01-05 21:00:00,RS,RS,17,played,Partizan Mozzart Bet Belgrade,AS Monaco,100,80,0
22-23,22-23 EL,2023-01-06:Anadolu Efes Istanbul-LDLC ASVEL Villeurbanne,E2022:150,2023-01-06 18:30:00,RS,RS,17,played,Anadolu Efes Istanbul,LDLC ASVEL Villeurbanne,78,72,0
22-23,22-23 EL,2023-01-06:Olympiacos Piraeus-EA7 Emporio Armani Milan,E2022:151,2023-01-06 20:00:00,RS,RS,17,played,Olympiacos Piraeus,EA7 Emporio Armani Milan,82,66,0
22-23,22-23 EL,2023-01-06:Valencia Basket-Crvena Zvezda Meridianbet Belgrade,E2022:152,2023-01-06 20:30:00,RS,RS,17,played,Valencia Basket,Crvena Zvezda Meridianbet Belgrade,75,77,0
22-23,22-23 EL,2023-01-06:Real Madrid-Maccabi Playtika Tel Aviv,E2022:153,2023-01-06 20:45:00,RS,RS,17,played,Real Madrid,Maccabi Playtika Tel Aviv,98,65,0
22-23,22-23 EL,2023-01-10:AS Monaco-Olympiacos Piraeus,E2022:154,2023-01-10 19:00:00,RS,RS,18,played,AS Monaco,Olympiacos Piraeus,64,60,0
22-23,22-23 EL,2023-01-10:Crvena Zvezda Meridianbet Belgrade-Real Madrid,E2022:155,2023-01-10 19:00:00,RS,RS,18,played,Crvena Zvezda Meridianbet Belgrade,Real Madrid,59,79,0
22-23,22-23 EL,2023-01-10:ALBA Berlin-EA7 Emporio Armani Milan,E2022:156,2023-01-10 20:00:00,RS,RS,18,played,ALBA Berlin,EA7 Emporio Armani Milan,83,63,0
22-23,22-23 EL,2023-01-10:Panathinaikos Athens-Fenerbahce Beko Istanbul,E2022:157,2023-01-10 20:30:00,RS,RS,18,played,Panathinaikos Athens,Fenerbahce Beko Istanbul,88,94,1
22-23,22-23 EL,2023-01-10:FC Bayern Munich-Cazoo Baskonia Vitoria-Gasteiz,E2022:158,2023-01-10 20:30:00,RS,RS,18,played,FC Bayern Munich,Cazoo Baskonia Vitoria-Gasteiz,92,79,0
22-23,22-23 EL,2023-01-10:Virtus Segafredo Bologna-Zalgiris Kaunas,E2022:159,2023-01-10 20:30:00,RS,RS,18,played,Virtus Segafredo Bologna,Zalgiris Kaunas,77,87,0
22-23,22-23 EL,2023-01-11:LDLC ASVEL Villeurbanne-FC Barcelona,E2022:160,2023-01-11 20:00:00,RS,RS,18,played,LDLC ASVEL Villeurbanne,FC Barcelona,75,82,0
22-23,22-23 EL,2023-01-11:Maccabi Playtika Tel Aviv-Partizan Mozzart Bet Belgrade,E2022:161,2023-01-11 20:05:00,RS,RS,18,played,Maccabi Playtika Tel Aviv,Partizan Mozzart Bet Belgrade,90,81,0
22-23,22-23 EL,2023-01-11:Valencia Basket-Anadolu Efes Istanbul,E2022:162,2023-01-11 20:30:00,RS,RS,18,played,Valencia Basket,Anadolu Efes Istanbul,81,71,0
22-23,22-23 EL,2023-01-12:Fenerbahce Beko Istanbul-FC Bayern Munich,E2022:163,2023-01-12 18:45:00,RS,RS,19,played,Fenerbahce Beko Istanbul,FC Bayern Munich,79,71,0
22-23,22-23 EL,2023-01-12:Crvena Zvezda Meridianbet Belgrade-AS Monaco,E2022:164,2023-01-12 19:00:00,RS,RS,19,played,Crvena Zvezda Meridianbet Belgrade,AS Monaco,92,68,0
22-23,22-23 EL,2023-01-12:ALBA Berlin-Real Madrid,E2022:165,2023-01-12 20:00:00,RS,RS,19,played,ALBA Berlin,Real Madrid,77,84,0
22-23,22-23 EL,2023-01-12:Virtus Segafredo Bologna-Olympiacos Piraeus,E2022:166,2023-01-12 20:30:00,RS,RS,19,played,Virtus Segafredo Bologna,Olympiacos Piraeus,83,85,0
22-23,22-23 EL,2023-01-13:LDLC ASVEL Villeurbanne-Valencia Basket,E2022:169,2023-01-13 20:00:00,RS,RS,19,played,LDLC ASVEL Villeurbanne,Valencia Basket,79,83,0
22-23,22-23 EL,2023-01-13:Panathinaikos Athens-Maccabi Playtika Tel Aviv,E2022:170,2023-01-13 20:00:00,RS,RS,19,played,Panathinaikos Athens,Maccabi Playtika Tel Aviv,88,86,0
22-23,22-23 EL,2023-01-13:EA7 Emporio Armani Milan-Zalgiris Kaunas,E2022:167,2023-01-13 20:30:00,RS,RS,19,played,EA7 Emporio Armani Milan,Zalgiris Kaunas,61,66,0
22-23,22-23 EL,2023-01-13:FC Barcelona-Anadolu Efes Istanbul,E2022:168,2023-01-13 20:30:00,RS,RS,19,played,FC Barcelona,Anadolu Efes Istanbul,75,80,0
22-23,22-23 EL,2023-01-13:Partizan Mozzart Bet Belgrade-Cazoo Baskonia Vitoria-Gasteiz,E2022:171,2023-01-13 20:30:00,RS,RS,19,played,Partizan Mozzart Bet Belgrade,Cazoo Baskonia Vitoria-Gasteiz,83,65,0
22-23,22-23 EL,2023-01-19:Fenerbahce Beko Istanbul-AS Monaco,E2022:172,2023-01-19 18:45:00,RS,RS,20,played,Fenerbahce Beko Istanbul,AS Monaco,98,94,1
22-23,22-23 EL,2023-01-19:Maccabi Playtika Tel Aviv-ALBA Berlin,E2022:173,2023-01-19 20:05:00,RS,RS,20,played,Maccabi Playtika Tel Aviv,ALBA Berlin,87,74,0
22-23,22-23 EL,2023-01-19:Cazoo Baskonia Vitoria-Gasteiz-FC Barcelona,E2022:174,2023-01-19 20:30:00,RS,RS,20,played,Cazoo Baskonia Vitoria-Gasteiz,FC Barcelona,78,85,0
22-23,22-23 EL,2023-01-19:Virtus Segafredo Bologna-Panathinaikos Athens,E2022:175,2023-01-19 20:30:00,RS,RS,20,played,Virtus Segafredo Bologna,Panathinaikos Athens,74,64,0
22-23,22-23 EL,2023-01-19:Valencia Basket-Partizan Mozzart Bet Belgrade,E2022:176,2023-01-19 20:45:00,RS,RS,20,played,Valencia Basket,Partizan Mozzart Bet Belgrade,89,81,0
22-23,22-23 EL,2023-01-20:Anadolu Efes Istanbul-FC Bayern Munich,E2022:177,2023-01-20 18:30:00,RS,RS,20,played,Anadolu Efes Istanbul,FC Bayern Munich,81,89,0
22-23,22-23 EL,2023-01-20:Zalgiris Kaunas-Crvena Zvezda Meridianbet Belgrade,E2022:178,2023-01-20 19:00:00,RS,RS,20,played,Zalgiris Kaunas,Crvena Zvezda Meridianbet Belgrade,71,66,0
22-23,22-23 EL,2023-01-20:Olympiacos Piraeus-Real Madrid,E2022:179,2023-01-20 20:00:00,RS,RS,20,played,Olympiacos Piraeus,Real Madrid,73,60,0
22-23,22-23 EL,2023-01-20:EA7 Emporio Armani Milan-LDLC ASVEL Villeurbanne,E2022:180,2023-01-20 20:30:00,RS,RS,20,played,EA7 Emporio Armani Milan,LDLC ASVEL Villeurbanne,73,79,0
22-23,22-23 EL,2023-01-26:Real Madrid-FC Barcelona,E2022:184,2023-01-26 19:00:00,RS,RS,21,played,Real Madrid,FC Barcelona,91,86,1
22-23,22-23 EL,2023-01-26:ALBA Berlin-Valencia Basket,E2022:181,2023-01-26 20:00:00,RS,RS,21,played,ALBA Berlin,Valencia Basket,88,94,0
22-23,22-23 EL,2023-01-26:LDLC ASVEL Villeurbanne-Fenerbahce Beko Istanbul,E2022:182,2023-01-26 21:00:00,RS,RS,21,played,LDLC ASVEL Villeurbanne,Fenerbahce Beko Istanbul,91,77,0
22-23,22-23 EL,2023-01-26:Panathinaikos Athens-Zalgiris Kaunas,E2022:183,2023-01-26 21:00:00,RS,RS,21,played,Panathinaikos Athens,Zalgiris Kaunas,89,65,0
22-23,22-23 EL,2023-01-26:AS Monaco-EA7 Emporio Armani Milan,E2022:185,2023-01-26 21:00:00,RS,RS,21,played,AS Monaco,EA7 Emporio Armani Milan,101,88,0
22-23,22-23 EL,2023-01-27:Crvena Zvezda Meridianbet Belgrade-Partizan Mozzart Bet Belgrade,E2022:186,2023-01-27 19:00:00,RS,RS,21,played,Crvena Zvezda Meridianbet Belgrade,Partizan Mozzart Bet Belgrade,78,79,0
22-23,22-23 EL,2023-01-27:Olympiacos Piraeus-Maccabi Playtika Tel Aviv,E2022:187,2023-01-27 20:30:00,RS,RS,21,played,Olympiacos Piraeus,Maccabi Playtika Tel Aviv,95,89,0
22-23,22-23 EL,2023-01-27:Cazoo Baskonia Vitoria-Gasteiz-Anadolu Efes Istanbul,E2022:188,2023-01-27 20:30:00,RS,RS,21,played,Cazoo Baskonia Vitoria-Gasteiz,Anadolu Efes Istanbul,114,111,1
22-23,22-23 EL,2023-01-27:FC Bayern Munich-Virtus Segafredo Bologna,E2022:189,2023-01-27 20:45:00,RS,RS,21,played,FC Bayern Munich,Virtus Segafredo Bologna,91,84,0
22-23,22-23 EL,2023-01-31:Fenerbahce Beko Istanbul-Olympiacos Piraeus,E2022:190,2023-01-31 18:45:00,RS,RS,22,played,Fenerbahce Beko Istanbul,Olympiacos Piraeus,73,93,0
22-23,22-23 EL,2023-01-31:EA7 Emporio Armani Milan-Cazoo Baskonia Vitoria-Gasteiz,E2022:192,2023-01-31 19:00:00,RS,RS,22,played,EA7 Emporio Armani Milan,Cazoo Baskonia Vitoria-Gasteiz,89,83,0
22-23,22-23 EL,2023-01-31:FC Barcelona-Maccabi Playtika Tel Aviv,E2022:191,2023-01-31 20:30:00,RS,RS,22,played,FC Barcelona,Maccabi Playtika Tel Aviv,83,78,0
22-23,22-23 EL,2023-01-31:Partizan Mozzart Bet Belgrade-LDLC ASVEL Villeurbanne,E2022:193,2023-01-31 20:30:00,RS,RS,22,played,Partizan Mozzart Bet Belgrade,LDLC ASVEL Villeurbanne,92,71,0
22-23,22-23 EL,2023-01-31:Valencia Basket-FC Bayern Munich,E2022:194,2023-01-31 20:30:00,RS,RS,22,played,Valencia Basket,FC Bayern Munich,82,73,0
22-23,22-23 EL,2023-01-31:Virtus Segafredo Bologna-Crvena Zvezda Meridianbet Belgrade,E2022:195,2023-01-31 21:00:00,RS,RS,22,played,Virtus Segafredo Bologna,Crvena Zvezda Meridianbet Belgrade,84,72,0
22-23,22-23 EL,2023-02-01:Anadolu Efes Istanbul-Zalgiris Kaunas,E2022:196,2023-02-01 18:30:00,RS,RS,22,played,Anadolu Efes Istanbul,Zalgiris Kaunas,80,70,0
22-23,22-23 EL,2023-02-01:ALBA Berlin-AS Monaco,E2022:197,2023-02-01 20:00:00,RS,RS,22,played,ALBA Berlin,AS Monaco,84,102,0
22-23,22-23 EL,2023-02-01:Real Madrid-Panathinaikos Athens,E2022:198,2023-02-01 20:45:00,RS,RS,22,played,Real Madrid,Panathinaikos Athens,83,68,0
22-23,22-23 EL,2023-02-02:FC Barcelona-FC Bayern Munich,E2022:199,2023-02-02 20:30:00,RS,RS,23,played,FC Barcelona,FC Bayern Munich,72,70,0
22-23,22-23 EL,2023-02-02:EA7 Emporio Armani Milan-Crvena Zvezda Meridianbet Belgrade,E2022:200,2023-02-02 20:30:00,RS,RS,23,played,EA7 Emporio Armani Milan,Crvena Zvezda Meridianbet Belgrade,74,68,0
22-23,22-23 EL,2023-02-02:Valencia Basket-Maccabi Playtika Tel Aviv,E2022:201,2023-02-02 20:30:00,RS,RS,23,played,Valencia Basket,Maccabi Playtika Tel Aviv,93,94,0
22-23,22-23 EL,2023-02-03:Fenerbahce Beko Istanbul-ALBA Berlin,E2022:202,2023-02-03 18:45:00,RS,RS,23,played,Fenerbahce Beko Istanbul,ALBA Berlin,101,86,0
22-23,22-23 EL,2023-02-03:AS Monaco-Real Madrid,E2022:203,2023-02-03 19:00:00,RS,RS,23,played,AS Monaco,Real Madrid,91,95,0
22-23,22-23 EL,2023-02-03:Zalgiris Kaunas-Partizan Mozzart Bet Belgrade,E2022:204,2023-02-03 19:00:00,RS,RS,23,played,Zalgiris Kaunas,Partizan Mozzart Bet Belgrade,74,88,0
22-23,22-23 EL,2023-02-03:Olympiacos Piraeus-Anadolu Efes Istanbul,E2022:205,2023-02-03 20:00:00,RS,RS,23,played,Olympiacos Piraeus,Anadolu Efes Istanbul,76,70,0
22-23,22-23 EL,2023-02-03:Cazoo Baskonia Vitoria-Gasteiz-Panathinaikos Athens,E2022:207,2023-02-03 20:30:00,RS,RS,23,played,Cazoo Baskonia Vitoria-Gasteiz,Panathinaikos Athens,95,90,0
22-23,22-23 EL,2023-02-03:LDLC ASVEL Villeurbanne-Virtus Segafredo Bologna,E2022:206,2023-02-03 21:00:00,RS,RS,23,played,LDLC ASVEL Villeurbanne,Virtus Segafredo Bologna,64,77,0
22-23,22-23 EL,2023-02-08:ALBA Berlin-Olympiacos Piraeus,E2022:209,2023-02-08 20:00:00,RS,RS,24,played,ALBA Berlin,Olympiacos Piraeus,60,93,0
22-23,22-23 EL,2023-02-09:Maccabi Playtika Tel Aviv-Crvena Zvezda Meridianbet Belgrade,E2022:210,2023-02-09 20:05:00,RS,RS,24,played,Maccabi Playtika Tel Aviv,Crvena Zvezda Meridianbet Belgrade,86,89,0
22-23,22-23 EL,2023-02-09:FC Bayern Munich-Partizan Mozzart Bet Belgrade,E2022:211,2023-02-09 20:30:00,RS,RS,24,played,FC Bayern Munich,Partizan Mozzart Bet Belgrade,71,82,0
22-23,22-23 EL,2023-02-09:Virtus Segafredo Bologna-FC Barcelona,E2022:212,2023-02-09 20:30:00,RS,RS,24,played,Virtus Segafredo Bologna,FC Barcelona,75,92,0
22-23,22-23 EL,2023-02-10:AS Monaco-LDLC ASVEL Villeurbanne,E2022:214,2023-02-10 19:00:00,RS,RS,24,played,AS Monaco,LDLC ASVEL Villeurbanne,87,75,0
22-23,22-23 EL,2023-02-10:Zalgiris Kaunas-Cazoo Baskonia Vitoria-Gasteiz,E2022:215,2023-02-10 19:00:00,RS,RS,24,played,Zalgiris Kaunas,Cazoo Baskonia Vitoria-Gasteiz,79,75,0
22-23,22-23 EL,2023-02-10:Panathinaikos Athens-Valencia Basket,E2022:216,2023-02-10 20:00:00,RS,RS,24,played,Panathinaikos Athens,Valencia Basket,91,92,0
22-23,22-23 EL,2023-03-14:Anadolu Efes Istanbul-Real Madrid,E2022:213,2023-03-14 18:30:00,RS,RS,24,played,Anadolu Efes Istanbul,Real Madrid,90,89,0
22-23,22-23 EL,2023-03-21:Fenerbahce Beko Istanbul-EA7 Emporio Armani Milan,E2022:208,2023-03-21 18:15:00,RS,RS,24,played,Fenerbahce Beko Istanbul,EA7 Emporio Armani Milan,75,82,0
22-23,22-23 EL,2023-02-23:Maccabi Playtika Tel Aviv-FC Bayern Munich,E2022:217,2023-02-23 20:05:00,RS,RS,25,played,Maccabi Playtika Tel Aviv,FC Bayern Munich,90,82,0
22-23,22-23 EL,2023-02-23:EA7 Emporio Armani Milan-Panathinaikos Athens,E2022:218,2023-02-23 20:30:00,RS,RS,25,played,EA7 Emporio Armani Milan,Panathinaikos Athens,78,76,0
22-23,22-23 EL,2023-02-23:Real Madrid-Zalgiris Kaunas,E2022:220,2023-02-23 20:45:00,RS,RS,25,played,Real Madrid,Zalgiris Kaunas,96,69,0
22-23,22-23 EL,2023-02-23:Partizan Mozzart Bet Belgrade-Fenerbahce Beko Istanbul,E2022:219,2023-02-23 21:00:00,RS,RS,25,played,Partizan Mozzart Bet Belgrade,Fenerbahce Beko Istanbul,94,97,0
22-23,22-23 EL,2023-02-24:Crvena Zvezda Meridianbet Belgrade-ALBA Berlin,E2022:221,2023-02-24 19:00:00,RS,RS,25,played,Crvena Zvezda Meridianbet Belgrade,ALBA Berlin,72,87,0
22-23,22-23 EL,2023-02-24:LDLC ASVEL Villeurbanne-Anadolu Efes Istanbul,E2022:222,2023-02-24 20:00:00,RS,RS,25,played,LDLC ASVEL Villeurbanne,Anadolu Efes Istanbul,89,90,0
22-23,22-23 EL,2023-02-24:Valencia Basket-Olympiacos Piraeus,E2022:223,2023-02-24 20:30:00,RS,RS,25,played,Valencia Basket,Olympiacos Piraeus,85,92,0
22-23,22-23 EL,2023-02-24:Virtus Segafredo Bologna-Cazoo Baskonia Vitoria-Gasteiz,E2022:224,2023-02-24 20:30:00,RS,RS,25,played,Virtus Segafredo Bologna,Cazoo Baskonia Vitoria-Gasteiz,88,83,0
22-23,22-23 EL,2023-02-24:FC Barcelona-AS Monaco,E2022:225,2023-02-24 20:45:00,RS,RS,25,played,FC Barcelona,AS Monaco,80,70,0
22-23,22-23 EL,2023-03-02:FC Barcelona-Zalgiris Kaunas,E2022:227,2023-03-02 19:00:00,RS,RS,26,played,FC Barcelona,Zalgiris Kaunas,93,74,0
22-23,22-23 EL,2023-03-02:FC Bayern Munich-Crvena Zvezda Meridianbet Belgrade,E2022:229,2023-03-02 19:00:00,RS,RS,26,played,FC Bayern Munich,Crvena Zvezda Meridianbet Belgrade,87,80,0
22-23,22-23 EL,2023-03-02:Panathinaikos Athens-Anadolu Efes Istanbul,E2022:228,2023-03-02 20:00:00,RS,RS,26,played,Panathinaikos Athens,Anadolu Efes Istanbul,82,87,0
22-23,22-23 EL,2023-03-02:AS Monaco-Maccabi Playtika Tel Aviv,E2022:226,2023-03-02 21:00:00,RS,RS,26,played,AS Monaco,Maccabi Playtika Tel Aviv,86,67,0
22-23,22-23 EL,2023-03-02:Partizan Mozzart Bet Belgrade-ALBA Berlin,E2022:233,2023-03-02 21:00:00,RS,RS,26,played,Partizan Mozzart Bet Belgrade,ALBA Berlin,88,74,0
22-23,22-23 EL,2023-03-03:Fenerbahce Beko Istanbul-Virtus Segafredo Bologna,E2022:230,2023-03-03 18:45:00,RS,RS,26,played,Fenerbahce Beko Istanbul,Virtus Segafredo Bologna,104,72,0
22-23,22-23 EL,2023-03-03:LDLC ASVEL Villeurbanne-Real Madrid,E2022:231,2023-03-03 20:00:00,RS,RS,26,played,LDLC ASVEL Villeurbanne,Real Madrid,71,75,0
22-23,22-23 EL,2023-03-03:EA7 Emporio Armani Milan-Olympiacos Piraeus,E2022:232,2023-03-03 20:30:00,RS,RS,26,played,EA7 Emporio Armani Milan,Olympiacos Piraeus,83,62,0
22-23,22-23 EL,2023-03-03:Cazoo Baskonia Vitoria-Gasteiz-Valencia Basket,E2022:234,2023-03-03 20:30:00,RS,RS,26,played,Cazoo Baskonia Vitoria-Gasteiz,Valencia Basket,114,75,0
22-23,22-23 EL,2023-03-07:ALBA Berlin-Zalgiris Kaunas,E2022:235,2023-03-07 20:00:00,RS,RS,27,played,ALBA Berlin,Zalgiris Kaunas,63,66,0
22-23,22-23 EL,2023-03-07:Olympiacos Piraeus-FC Barcelona,E2022:236,2023-03-07 20:00:00,RS,RS,27,played,Olympiacos Piraeus,FC Barcelona,77,70,0
22-23,22-23 EL,2023-03-07:Valencia Basket-EA7 Emporio Armani Milan,E2022:238,2023-03-07 20:30:00,RS,RS,27,played,Valencia Basket,EA7 Emporio Armani Milan,84,88,0
22-23,22-23 EL,2023-03-07:Virtus Segafredo Bologna-Partizan Mozzart Bet Belgrade,E2022:239,2023-03-07 20:30:00,RS,RS,27,played,Virtus Segafredo Bologna,Partizan Mozzart Bet Belgrade,79,88,0
22-23,22-23 EL,2023-03-07:Real Madrid-Cazoo Baskonia Vitoria-Gasteiz,E2022:240,2023-03-07 20:45:00,RS,RS,27,played,Real Madrid,Cazoo Baskonia Vitoria-Gasteiz,81,85,0
22-23,22-23 EL,2023-03-07:FC Bayern Munich-LDLC ASVEL Villeurbanne,E2022:237,2023-03-07 21:00:00,RS,RS,27,played,FC Bayern Munich,LDLC ASVEL Villeurbanne,76,72,0
22-23,22-23 EL,2023-03-08:Maccabi Playtika Tel Aviv-Fenerbahce Beko Istanbul,E2022:243,2023-03-08 18:30:00,RS,RS,27,played,Maccabi Playtika Tel Aviv,Fenerbahce Beko Istanbul,78,74,0
22-23,22-23 EL,2023-03-08:Crvena Zvezda Meridianbet Belgrade-Anadolu Efes Istanbul,E2022:242,2023-03-08 20:30:00,RS,RS,27,played,Crvena Zvezda Meridianbet Belgrade,Anadolu Efes Istanbul,94,75,0
22-23,22-23 EL,2023-03-08:AS Monaco-Panathinaikos Athens,E2022:241,2023-03-08 21:00:00,RS,RS,27,played,AS Monaco,Panathinaikos Athens,84,70,0
22-23,22-23 EL,2023-03-09:ALBA Berlin-Virtus Segafredo Bologna,E2022:250,2023-03-09 18:00:00,RS,RS,28,played,ALBA Berlin,Virtus Segafredo Bologna,74,96,0
22-23,22-23 EL,2023-03-09:Zalgiris Kaunas-LDLC ASVEL Villeurbanne,E2022:244,2023-03-09 19:00:00,RS,RS,28,played,Zalgiris Kaunas,LDLC ASVEL Villeurbanne,85,67,0
22-23,22-23 EL,2023-03-09:Olympiacos Piraeus-FC Bayern Munich,E2022:245,2023-03-09 20:00:00,RS,RS,28,played,Olympiacos Piraeus,FC Bayern Munich,102,74,0
22-23,22-23 EL,2023-03-09:EA7 Emporio Armani Milan-Partizan Mozzart Bet Belgrade,E2022:246,2023-03-09 20:30:00,RS,RS,28,played,EA7 Emporio Armani Milan,Partizan Mozzart Bet Belgrade,76,62,0
22-23,22-23 EL,2023-03-09:Real Madrid-Valencia Basket,E2022:247,2023-03-09 20:45:00,RS,RS,28,played,Real Madrid,Valencia Basket,95,91,0
22-23,22-23 EL,2023-03-10:Anadolu Efes Istanbul-Maccabi Playtika Tel Aviv,E2022:248,2023-03-10 18:30:00,RS,RS,28,played,Anadolu Efes Istanbul,Maccabi Playtika Tel Aviv,64,86,0
22-23,22-23 EL,2023-03-10:Fenerbahce Beko Istanbul-FC Barcelona,E2022:249,2023-03-10 18:45:00,RS,RS,28,played,Fenerbahce Beko Istanbul,FC Barcelona,81,73,0
22-23,22-23 EL,2023-03-10:Panathinaikos Athens-Crvena Zvezda Meridianbet Belgrade,E2022:251,2023-03-10 20:00:00,RS,RS,28,played,Panathinaikos Athens,Crvena Zvezda Meridianbet Belgrade,75,66,0
22-23,22-23 EL,2023-03-10:Cazoo Baskonia Vitoria-Gasteiz-AS Monaco,E2022:252,2023-03-10 20:30:00,RS,RS,28,played,Cazoo Baskonia Vitoria-Gasteiz,AS Monaco,93,102,0
22-23,22-23 EL,2023-03-16:Anadolu Efes Istanbul-Partizan Mozzart Bet Belgrade,E2022:253,2023-03-16 18:30:00,RS,RS,29,played,Anadolu Efes Istanbul,Partizan Mozzart Bet Belgrade,84,97,0
22-23,22-23 EL,2023-03-16:AS Monaco-Virtus Segafredo Bologna,E2022:254,2023-03-16 19:00:00,RS,RS,29,played,AS Monaco,Virtus Segafredo Bologna,81,68,0
22-23,22-23 EL,2023-03-16:Zalgiris Kaunas-Olympiacos Piraeus,E2022:255,2023-03-16 19:00:00,RS,RS,29,played,Zalgiris Kaunas,Olympiacos Piraeus,72,74,0
22-23,22-23 EL,2023-03-16:Maccabi Playtika Tel Aviv-Cazoo Baskonia Vitoria-Gasteiz,E2022:256,2023-03-16 20:05:00,RS,RS,29,played,Maccabi Playtika Tel Aviv,Cazoo Baskonia Vitoria-Gasteiz,93,79,0
22-23,22-23 EL,2023-03-16:Valencia Basket-Fenerbahce Beko Istanbul,E2022:261,2023-03-16 20:30:00,RS,RS,29,played,Valencia Basket,Fenerbahce Beko Istanbul,82,80,0
22-23,22-23 EL,2023-03-16:Real Madrid-EA7 Emporio Armani Milan,E2022:257,2023-03-16 20:45:00,RS,RS,29,played,Real Madrid,EA7 Emporio Armani Milan,91,87,0
22-23,22-23 EL,2023-03-16:LDLC ASVEL Villeurbanne-Panathinaikos Athens,E2022:259,2023-03-16 21:00:00,RS,RS,29,played,LDLC ASVEL Villeurbanne,Panathinaikos Athens,82,86,0
22-23,22-23 EL,2023-03-17:FC Barcelona-Crvena Zvezda Meridianbet Belgrade,E2022:258,2023-03-17 20:30:00,RS,RS,29,played,FC Barcelona,Crvena Zvezda Meridianbet Belgrade,85,79,0
22-23,22-23 EL,2023-03-17:FC Bayern Munich-ALBA Berlin,E2022:260,2023-03-17 20:30:00,RS,RS,29,played,FC Bayern Munich,ALBA Berlin,75,76,0
22-23,22-23 EL,2023-03-23:Crvena Zvezda Meridianbet Belgrade-Cazoo Baskonia Vitoria-Gasteiz,E2022:262,2023-03-23 19:00:00,RS,RS,30,played,Crvena Zvezda Meridianbet Belgrade,Cazoo Baskonia Vitoria-Gasteiz,74,63,0
22-23,22-23 EL,2023-03-23:Panathinaikos Athens-FC Barcelona,E2022:265,2023-03-23 19:30:00,RS,RS,30,played,Panathinaikos Athens,FC Barcelona,74,88,0
22-23,22-23 EL,2023-03-23:ALBA Berlin-Anadolu Efes Istanbul,E2022:263,2023-03-23 20:00:00,RS,RS,30,played,ALBA Berlin,Anadolu Efes Istanbul,95,93,0
22-23,22-23 EL,2023-03-23:LDLC ASVEL Villeurbanne-Maccabi Playtika Tel Aviv,E2022:264,2023-03-23 20:00:00,RS,RS,30,played,LDLC ASVEL Villeurbanne,Maccabi Playtika Tel Aviv,67,85,0
22-23,22-23 EL,2023-03-24:Fenerbahce Beko Istanbul-Zalgiris Kaunas,E2022:266,2023-03-24 18:45:00,RS,RS,30,played,Fenerbahce Beko Istanbul,Zalgiris Kaunas,87,79,0
22-23,22-23 EL,2023-03-24:AS Monaco-Valencia Basket,E2022:267,2023-03-24 19:00:00,RS,RS,30,played,AS Monaco,Valencia Basket,90,79,0
22-23,22-23 EL,2023-03-24:Virtus Segafredo Bologna-Real Madrid,E2022:270,2023-03-24 19:00:00,RS,RS,30,played,Virtus Segafredo Bologna,Real Madrid,79,96,0
22-23,22-23 EL,2023-03-24:Partizan Mozzart Bet Belgrade-Olympiacos Piraeus,E2022:269,2023-03-24 20:00:00,RS,RS,30,played,Partizan Mozzart Bet Belgrade,Olympiacos Piraeus,90,75,0
22-23,22-23 EL,2023-03-24:EA7 Emporio Armani Milan-FC Bayern Munich,E2022:268,2023-03-24 21:00:00,RS,RS,30,played,EA7 Emporio Armani Milan,FC Bayern Munich,99,74,0
22-23,22-23 EL,2023-03-28:Maccabi Playtika Tel Aviv-Virtus Segafredo Bologna,E2022:273,2023-03-28 18:00:00,RS,RS,31,played,Maccabi Playtika Tel Aviv,Virtus Segafredo Bologna,111,80,0
22-23,22-23 EL,2023-03-28:Anadolu Efes Istanbul-EA7 Emporio Armani Milan,E2022:271,2023-03-28 19:30:00,RS,RS,31,played,Anadolu Efes Istanbul,EA7 Emporio Armani Milan,89,69,0
22-23,22-23 EL,2023-03-28:Panathinaikos Athens-FC Bayern Munich,E2022:272,2023-03-28 19:30:00,RS,RS,31,played,Panathinaikos Athens,FC Bayern Munich,86,76,0
22-23,22-23 EL,2023-03-28:Partizan Mozzart Bet Belgrade-FC Barcelona,E2022:274,2023-03-28 20:30:00,RS,RS,31,played,Partizan Mozzart Bet Belgrade,FC Barcelona,80,89,0
22-23,22-23 EL,2023-03-28:Cazoo Baskonia Vitoria-Gasteiz-ALBA Berlin,E2022:275,2023-03-28 20:30:00,RS,RS,31,played,Cazoo Baskonia Vitoria-Gasteiz,ALBA Berlin,93,87,0
22-23,22-23 EL,2023-03-29:Zalgiris Kaunas-AS Monaco,E2022:277,2023-03-29 18:00:00,RS,RS,31,played,Zalgiris Kaunas,AS Monaco,79,70,0
22-23,22-23 EL,2023-03-29:Crvena Zvezda Meridianbet Belgrade-Valencia Basket,E2022:276,2023-03-29 19:00:00,RS,RS,31,played,Crvena Zvezda Meridianbet Belgrade,Valencia Basket,92,73,0
22-23,22-23 EL,2023-03-29:Olympiacos Piraeus-LDLC ASVEL Villeurbanne,E2022:278,2023-03-29 20:00:00,RS,RS,31,played,Olympiacos Piraeus,LDLC ASVEL Villeurbanne,81,55,0
22-23,22-23 EL,2023-03-29:Real Madrid-Fenerbahce Beko Istanbul,E2022:279,2023-03-29 20:45:00,RS,RS,31,played,Real Madrid,Fenerbahce Beko Istanbul,90,75,0
22-23,22-23 EL,2023-03-30:Anadolu Efes Istanbul-Virtus Segafredo Bologna,E2022:280,2023-03-30 19:30:00,RS,RS,32,played,Anadolu Efes Istanbul,Virtus Segafredo Bologna,86,67,0
22-23,22-23 EL,2023-03-30:Maccabi Playtika Tel Aviv-EA7 Emporio Armani Milan,E2022:281,2023-03-30 20:05:00,RS,RS,32,played,Maccabi Playtika Tel Aviv,EA7 Emporio Armani Milan,85,66,0
22-23,22-23 EL,2023-03-30:FC Barcelona-ALBA Berlin,E2022:282,2023-03-30 20:30:00,RS,RS,32,played,FC Barcelona,ALBA Berlin,72,56,0
22-23,22-23 EL,2023-03-31:Zalgiris Kaunas-Valencia Basket,E2022:283,2023-03-31 19:00:00,RS,RS,32,played,Zalgiris Kaunas,Valencia Basket,95,74,0
22-23,22-23 EL,2023-03-31:FC Bayern Munich-AS Monaco,E2022:287,2023-03-31 19:00:00,RS,RS,32,played,FC Bayern Munich,AS Monaco,81,84,0
22-23,22-23 EL,2023-03-31:Olympiacos Piraeus-Panathinaikos Athens,E2022:285,2023-03-31 20:30:00,RS,RS,32,played,Olympiacos Piraeus,Panathinaikos Athens,81,73,0
22-23,22-23 EL,2023-03-31:Cazoo Baskonia Vitoria-Gasteiz-Fenerbahce Beko Istanbul,E2022:286,2023-03-31 20:30:00,RS,RS,32,played,Cazoo Baskonia Vitoria-Gasteiz,Fenerbahce Beko Istanbul,92,69,0
22-23,22-23 EL,2023-03-31:Partizan Mozzart Bet Belgrade-Real Madrid,E2022:288,2023-03-31 20:30:00,RS,RS,32,played,Partizan Mozzart Bet Belgrade,Real Madrid,104,90,0
22-23,22-23 EL,2023-03-31:LDLC ASVEL Villeurbanne-Crvena Zvezda Meridianbet Belgrade,E2022:284,2023-03-31 21:00:00,RS,RS,32,played,LDLC ASVEL Villeurbanne,Crvena Zvezda Meridianbet Belgrade,60,76,0
22-23,22-23 EL,2023-04-06:Crvena Zvezda Meridianbet Belgrade-Olympiacos Piraeus,E2022:289,2023-04-06 19:00:00,RS,RS,33,played,Crvena Zvezda Meridianbet Belgrade,Olympiacos Piraeus,87,79,0
22-23,22-23 EL,2023-04-06:Zalgiris Kaunas-Maccabi Playtika Tel Aviv,E2022:295,2023-04-06 19:00:00,RS,RS,33,played,Zalgiris Kaunas,Maccabi Playtika Tel Aviv,68,67,0
22-23,22-23 EL,2023-04-06:Fenerbahce Beko Istanbul-Anadolu Efes Istanbul,E2022:290,2023-04-06 19:45:00,RS,RS,33,played,Fenerbahce Beko Istanbul,Anadolu Efes Istanbul,103,86,0
22-23,22-23 EL,2023-04-06:Valencia Basket-Virtus Segafredo Bologna,E2022:292,2023-04-06 20:30:00,RS,RS,33,played,Valencia Basket,Virtus Segafredo Bologna,79,68,0
22-23,22-23 EL,2023-04-06:Real Madrid-FC Bayern Munich,E2022:293,2023-04-06 20:45:00,RS,RS,33,played,Real Madrid,FC Bayern Munich,79,67,0
22-23,22-23 EL,2023-04-06:Cazoo Baskonia Vitoria-Gasteiz-LDLC ASVEL Villeurbanne,E2022:291,2023-04-06 21:00:00,RS,RS,33,played,Cazoo Baskonia Vitoria-Gasteiz,LDLC ASVEL Villeurbanne,120,100,0
22-23,22-23 EL,2023-04-07:Panathinaikos Athens-ALBA Berlin,E2022:296,2023-04-07 20:00:00,RS,RS,33,played,Panathinaikos Athens,ALBA Berlin,84,88,0
22-23,22-23 EL,2023-04-07:EA7 Emporio Armani Milan-FC Barcelona,E2022:297,2023-04-07 20:30:00,RS,RS,33,played,EA7 Emporio Armani Milan,FC Barcelona,84,76,0
22-23,22-23 EL,2023-04-07:AS Monaco-Partizan Mozzart Bet Belgrade,E2022:294,2023-04-07 21:00:00,RS,RS,33,played,AS Monaco,Partizan Mozzart Bet Belgrade,84,88,0
22-23,22-23 EL,2023-04-13:Crvena Zvezda Meridianbet Belgrade-Fenerbahce Beko Istanbul,E2022:298,2023-04-13 19:00:00,RS,RS,34,played,Crvena Zvezda Meridianbet Belgrade,Fenerbahce Beko Istanbul,91,89,1
22-23,22-23 EL,2023-04-13:ALBA Berlin-LDLC ASVEL Villeurbanne,E2022:299,2023-04-13 19:00:00,RS,RS,34,played,ALBA Berlin,LDLC ASVEL Villeurbanne,88,71,0
22-23,22-23 EL,2023-04-13:Olympiacos Piraeus-Cazoo Baskonia Vitoria-Gasteiz,E2022:300,2023-04-13 20:00:00,RS,RS,34,played,Olympiacos Piraeus,Cazoo Baskonia Vitoria-Gasteiz,86,78,0
22-23,22-23 EL,2023-04-13:Maccabi Playtika Tel Aviv-Real Madrid,E2022:301,2023-04-13 20:05:00,RS,RS,34,played,Maccabi Playtika Tel Aviv,Real Madrid,100,96,1
22-23,22-23 EL,2023-04-13:Virtus Segafredo Bologna-EA7 Emporio Armani Milan,E2022:302,2023-04-13 20:45:00,RS,RS,34,played,Virtus Segafredo Bologna,EA7 Emporio Armani Milan,89,84,0
22-23,22-23 EL,2023-04-14:Anadolu Efes Istanbul-AS Monaco,E2022:303,2023-04-14 19:30:00,RS,RS,34,played,Anadolu Efes Istanbul,AS Monaco,87,72,0
22-23,22-23 EL,2023-04-14:FC Barcelona-Valencia Basket,E2022:304,2023-04-14 20:30:00,RS,RS,34,played,FC Barcelona,Valencia Basket,85,71,0
22-23,22-23 EL,2023-04-14:Partizan Mozzart Bet Belgrade-Panathinaikos Athens,E2022:305,2023-04-14 20:30:00,RS,RS,34,played,Partizan Mozzart Bet Belgrade,Panathinaikos Athens,83,81,0
22-23,22-23 EL,2023-04-14:FC Bayern Munich-Zalgiris Kaunas,E2022:306,2023-04-14 20:30:00,RS,RS,34,played,FC Bayern Munich,Zalgiris Kaunas,80,83,0
22-23,22-23 EL,2023-04-25:AS Monaco-Maccabi Playtika Tel Aviv,E2022:308,2023-04-25 20:15:00,PO,PO,1,played,AS Monaco,Maccabi Playtika Tel Aviv,67,79,0
22-23,22-23 EL,2023-04-25:Real Madrid-Partizan Mozzart Bet Belgrade,E2022:309,2023-04-25 20:45:00,PO,PO,1,played,Real Madrid,Partizan Mozzart Bet Belgrade,87,89,0
22-23,22-23 EL,2023-04-26:FC Barcelona-Zalgiris Kaunas,E2022:310,2023-04-26 20:00:00,PO,PO,1,played,FC Barcelona,Zalgiris Kaunas,91,69,0
22-23,22-23 EL,2023-04-26:Olympiacos Piraeus-Fenerbahce Beko Istanbul,E2022:307,2023-04-26 20:45:00,PO,PO,1,played,Olympiacos Piraeus,Fenerbahce Beko Istanbul,79,68,0
22-23,22-23 EL,2023-04-27:AS Monaco-Maccabi Playtika Tel Aviv,E2022:312,2023-04-27 20:15:00,PO,PO,2,played,AS Monaco,Maccabi Playtika Tel Aviv,86,74,0
22-23,22-23 EL,2023-04-27:Real Madrid-Partizan Mozzart Bet Belgrade,E2022:313,2023-04-27 20:45:00,PO,PO,2,played,Real Madrid,Partizan Mozzart Bet Belgrade,80,95,0
22-23,22-23 EL,2023-04-28:FC Barcelona-Zalgiris Kaunas,E2022:314,2023-04-28 20:00:00,PO,PO,2,played,FC Barcelona,Zalgiris Kaunas,89,81,0
22-23,22-23 EL,2023-04-28:Olympiacos Piraeus-Fenerbahce Beko Istanbul,E2022:311,2023-04-28 20:30:00,PO,PO,2,played,Olympiacos Piraeus,Fenerbahce Beko Istanbul,78,82,0
22-23,22-23 EL,2023-05-02:Maccabi Playtika Tel Aviv-AS Monaco,E2022:316,2023-05-02 20:05:00,PO,PO,3,played,Maccabi Playtika Tel Aviv,AS Monaco,78,83,0
22-23,22-23 EL,2023-05-02:Partizan Mozzart Bet Belgrade-Real Madrid,E2022:317,2023-05-02 20:30:00,PO,PO,3,played,Partizan Mozzart Bet Belgrade,Real Madrid,80,82,0
22-23,22-23 EL,2023-05-03:Zalgiris Kaunas-FC Barcelona,E2022:318,2023-05-03 19:00:00,PO,PO,3,played,Zalgiris Kaunas,FC Barcelona,66,77,0
22-23,22-23 EL,2023-05-03:Fenerbahce Beko Istanbul-Olympiacos Piraeus,E2022:315,2023-05-03 19:45:00,PO,PO,3,played,Fenerbahce Beko Istanbul,Olympiacos Piraeus,71,72,0
22-23,22-23 EL,2023-05-04:Maccabi Playtika Tel Aviv-AS Monaco,E2022:320,2023-05-04 20:05:00,PO,PO,4,played,Maccabi Playtika Tel Aviv,AS Monaco,104,69,0
22-23,22-23 EL,2023-05-04:Partizan Mozzart Bet Belgrade-Real Madrid,E2022:321,2023-05-04 20:30:00,PO,PO,4,played,Partizan Mozzart Bet Belgrade,Real Madrid,78,85,0
22-23,22-23 EL,2023-05-05:Fenerbahce Beko Istanbul-Olympiacos Piraeus,E2022:319,2023-05-05 19:45:00,PO,PO,4,played,Fenerbahce Beko Istanbul,Olympiacos Piraeus,73,69,0
22-23,22-23 EL,2023-05-09:Olympiacos Piraeus-Fenerbahce Beko Istanbul,E2022:323,2023-05-09 20:30:00,PO,PO,5,played,Olympiacos Piraeus,Fenerbahce Beko Istanbul,84,72,0
22-23,22-23 EL,2023-05-10:AS Monaco-Maccabi Playtika Tel Aviv,E2022:324,2023-05-10 20:00:00,PO,PO,5,played,AS Monaco,Maccabi Playtika Tel Aviv,97,86,0
22-23,22-23 EL,2023-05-10:Real Madrid-Partizan Mozzart Bet Belgrade,E2022:325,2023-05-10 21:00:00,PO,PO,5,played,Real Madrid,Partizan Mozzart Bet Belgrade,98,94,0
22-23,22-23 EL,2023-05-19:Olympiacos Piraeus-AS Monaco,E2022:327,2023-05-19 17:00:00,PO,F4,40,played,Olympiacos Piraeus,AS Monaco,76,62,0
22-23,22-23 EL,2023-05-19:FC Barcelona-Real Madrid,E2022:328,2023-05-19 20:00:00,PO,F4,40,played,FC Barcelona,Real Madrid,66,78,0
22-23,22-23 EL,2023-05-21:AS Monaco-FC Barcelona,E2022:329,2023-05-21 16:00:00,PO,F4,41,played,AS Monaco,FC Barcelona,78,66,0
22-23,22-23 EL,2023-05-21:Olympiacos Piraeus-Real Madrid,E2022:330,2023-05-21 19:00:00,PO,F4,41,played,Olympiacos Piraeus,Real Madrid,78,79,0
