player_id,name,middle_name,surname,full_name,birthday,sex,role,height,weight,team_id,season_id,jersey_number,picture_url
Panagiotis Kalaitzakis,Panagiotis,,Kalaitzakis,Panagiotis Kalaitzakis,1999-01-02,M,G,2.0,92,Panathinaikos Athens,22-23,0,https://media-cdn.incrowdsports.com/00ad2c3b-dc73-4da7-bc3c-299973409fa4.png
Paris Lee,Paris,Devante,Lee,Paris Lee,1995-04-20,M,G,1.84,84,Panathinaikos Athens,22-23,5,https://media-cdn.incrowdsports.com/57e24529-f5f3-4b9c-9f4c-03f0319bb615.png
Georgios Papagiannis,Georgios,,Papagiannis,Georgios Papagiannis,1997-07-03,M,C,2.2,110,Panathinaikos Athens,22-23,6,https://media-cdn.incrowdsports.com/73109f7f-f956-4a7b-8c21-397521305d0c.png
Eleftherios Bochoridis,Eleftherios,,Bochoridis,Eleftherios Bochoridis,1994-04-18,M,G,1.96,91,Panathinaikos Athens,22-23,7,https://media-cdn.incrowdsports.com/d7f4f2d3-08b8-4b33-bb20-e28a2a34f10f.png
Derrick Williams,Derrick,Le Ron,Williams,Derrick Williams,1991-05-25,M,F,2.06,109,Panathinaikos Athens,22-23,8,https://media-cdn.incrowdsports.com/245aaf8f-09c0-4e5a-9a1b-1b010df9bc5a.png
Andrew Andrews,Andrew,Delano,Andrews,Andrew Andrews,1993-05-25,M,G,1.88,80,Panathinaikos Athens,22-23,12,https://media-cdn.incrowdsports.com/446b86cc-1274-48e3-a2cf-b1b829e72a9d.png
Georgios Kalaitzakis,Georgios,,Kalaitzakis,Georgios Kalaitzakis,1999-01-02,M,G,2.01,92,Panathinaikos Athens,22-23,16,https://media-cdn.incrowdsports.com/4f798921-c3d2-4c9f-aa61-29b8182f7f8a.png
Nikos Chougkaz,Nikos,,Chougkaz,Nikos Chougkaz,2000-10-04,M,F,2.08,91,Panathinaikos Athens,22-23,33,https://media-cdn.incrowdsports.com/f7b162d9-5f37-46ed-89f3-c55ed6345983.png
Mateusz Ponitka,Mateusz,Michal,Ponitka,Mateusz Ponitka,1993-08-29,M,F,1.98,94,Panathinaikos Athens,22-23,37,https://media-cdn.incrowdsports.com/09c2fc7e-586c-4674-8338-a46ae56bc0dd.png
Marius Grigonis,Marius,,Grigonis,Marius Grigonis,1994-04-26,M,G,1.98,93,Panathinaikos Athens,22-23,40,https://media-cdn.incrowdsports.com/34880631-ed7d-44f3-b42a-36742b2d7f9f.png
Eleftherios Mantzoukas,Eleftherios,,Mantzoukas,Eleftherios Mantzoukas,2003-07-08,M,F,2.07,100,Panathinaikos Athens,22-23,72,https://media-cdn.incrowdsports.com/96ab480f-9d62-4037-a0c7-280fa95ed7e8.png
Arturas Gudaitis,Arturas,,Gudaitis,Arturas Gudaitis,1993-06-19,M,C,2.13,121,Panathinaikos Athens,22-23,77,https://media-cdn.incrowdsports.com/925b2ddb-a6a2-4cd6-a35d-77086e723606.png
Hugo Gonzalez,Hugo,,Gonzalez,Hugo Gonzalez,2006-02-05,M,F,1.99,96,Real Madrid,22-23,7,https://media-cdn.incrowdsports.com/0ca86941-35df-4469-9086-5a4a3196e116.png
Mario Hezonja,Mario,,Hezonja,Mario Hezonja,1995-02-25,M,F,2.06,110,Real Madrid,22-23,11,https://media-cdn.incrowdsports.com/3d465084-d984-4866-8cef-d137454e0e3b.png
Sergio Rodriguez,Sergio,,Rodriguez,Sergio Rodriguez,1986-06-12,M,G,1.91,83,Real Madrid,22-23,13,https://media-cdn.incrowdsports.com/2e15562b-41e0-443c-8ffd-595f565b48b8.png
Petr Cornelie,Petr,,Cornelie,Petr Cornelie,1995-07-26,M,F,2.11,108,Real Madrid,22-23,21,https://media-cdn.incrowdsports.com/f32df5fa-6f0f-4d83-988f-64c217859068.png
Dzanan Musa,Dzanan,,Musa,Dzanan Musa,1999-05-08,M,F,2.05,101,Real Madrid,22-23,31,https://media-cdn.incrowdsports.com/392ce921-9b4f-4915-8a76-052b9fce9c17.png
Jonah Mathews,Jonah,Kenneth,Mathews,Jonah Mathews,1998-02-10,M,F,1.91,95,LDLC ASVEL Villeurbanne,22-23,0,https://media-cdn.incrowdsports.com/021fd6a9-5d5f-454c-a8bd-9e5dd9da6a5d.png
Anthony Polite,Anthony,Michael Lewis,Polite,Anthony Polite,1997-06-21,M,F,1.98,97,LDLC ASVEL Villeurbanne,22-23,1,https://media-cdn.incrowdsports.com/7a4667c7-c050-47ef-bb3c-f83ca8a88077.png
Nando De Colo,Nando,,De Colo,Nando De Colo,1987-06-23,M,G,1.96,91,LDLC ASVEL Villeurbanne,22-23,12,https://media-cdn.incrowdsports.com/d77d0127-6244-4f0c-963d-9125f89c6969.png
Yaacov Noam,Yaacov,Emil Petersen,Noam,Yaacov Noam,2004-10-20,M,G,1.86,80,LDLC ASVEL Villeurbanne,22-23,31,
Retin Obasohan,Retin,,Obasohan,Retin Obasohan,1993-07-06,M,G,1.83,94,LDLC ASVEL Villeurbanne,22-23,32,https://media-cdn.incrowdsports.com/17320484-613c-4fb5-8f47-b3826b455f52.png
Yves Pons,Yves,,Pons,Yves Pons,1999-05-07,M,F,1.97,93,LDLC ASVEL Villeurbanne,22-23,35,https://media-cdn.incrowdsports.com/069f9181-a23b-49bd-b633-c27494755f50.png
Brandon Davies,Brandon,Jameel,Davies,Brandon Davies,1991-07-25,M,C,2.08,106,EA7 Emporio Armani Milan,22-23,0,https://media-cdn.incrowdsports.com/10ffc6ce-0c5e-4576-be29-834d63326c70.png
Deshaun Thomas,Deshaun,Leroy,Thomas,Deshaun Thomas,1991-08-29,M,F,2.01,104,EA7 Emporio Armani Milan,22-23,1,https://media-cdn.incrowdsports.com/9e593910-1a58-4fe9-b3f4-af226fbf2c76.png
Kevin Pangos,Kevin,Joseph,Pangos,Kevin Pangos,1993-01-26,M,G,1.86,84,EA7 Emporio Armani Milan,22-23,5,https://media-cdn.incrowdsports.com/bfcb62bf-d039-4c8d-a69a-a5b499ecd088.png
Stefano Tonut,Stefano,,Tonut,Stefano Tonut,1993-11-07,M,G,1.94,95,EA7 Emporio Armani Milan,22-23,7,https://media-cdn.incrowdsports.com/1ce9c268-698d-4271-ab71-57c5921fc9e8.png
Nicolo Melli,Nicolo,,Melli,Nicolo Melli,1991-01-26,M,F,2.05,112,EA7 Emporio Armani Milan,22-23,9,https://media-cdn.incrowdsports.com/7d8f19e7-d37b-4de5-8c47-ea58c0f91e47.png
Billy Baron,Billy,,Baron,Billy Baron,1990-12-11,M,G,1.88,88,EA7 Emporio Armani Milan,22-23,12,https://media-cdn.incrowdsports.com/d7393df0-82c1-403f-a68d-9a278b801655.png
Giampaolo Ricci,Giampaolo,,Ricci,Giampaolo Ricci,1991-09-27,M,F,2.01,102,EA7 Emporio Armani Milan,22-23,17,https://media-cdn.incrowdsports.com/83ea398a-3dbb-4c91-bdeb-28e6dc66ce45.png
Devon Hall,Devon,Howard,Hall,Devon Hall,1995-07-07,M,G,1.96,96,EA7 Emporio Armani Milan,22-23,22,https://media-cdn.incrowdsports.com/368a2f6f-9e44-473b-beba-50b5a461a9a6.png
Shavon Shields,Shavon,Oday Stokholm,Shields,Shavon Shields,1994-06-05,M,F,2.01,97,EA7 Emporio Armani Milan,22-23,31,https://media-cdn.incrowdsports.com/a29bd6ce-9880-425f-bfad-28cd38c79d43.png
Davide Alviti,Davide,,Alviti,Davide Alviti,1996-11-05,M,G,1.97,92,EA7 Emporio Armani Milan,22-23,40,https://media-cdn.incrowdsports.com/90c1154e-8243-4f4b-ae7e-7c76313fc480.png
Kyle Hines,Kyle,Tyrrell,Hines,Kyle Hines,1986-09-02,M,C,1.98,109,EA7 Emporio Armani Milan,22-23,42,https://media-cdn.incrowdsports.com/d26fb08c-149a-43ca-82da-d3377e3665e4.png
Johannes Voigtmann,Johannes,,Voigtmann,Johannes Voigtmann,1992-09-30,M,F,2.11,111,EA7 Emporio Armani Milan,22-23,77,https://media-cdn.incrowdsports.com/89a91c9c-232e-4a52-9805-554e7eb16e53.png
Lorenzo Brown,Lorenzo,D Ontez,Brown,Lorenzo Brown,1990-08-26,M,G,1.96,89,Maccabi Playtika Tel Aviv,22-23,4,https://media-cdn.incrowdsports.com/96919f28-e1fb-441c-bd0b-fe06710a3bd4.png
Wade Baldwin,Wade,M,Baldwin,Wade Baldwin,1996-03-29,M,G,1.93,90,Maccabi Playtika Tel Aviv,22-23,5,https://media-cdn.incrowdsports.com/e639d9aa-7e07-4c6c-9437-e6fb40006c76.png
Jarell Martin,Jarell,Montrel,Martin,Jarell Martin,1994-05-24,M,F,2.08,100,Maccabi Playtika Tel Aviv,22-23,6,https://media-cdn.incrowdsports.com/a0790da9-3281-4909-90d6-c535bc6b1be6.png
Rafi Menco,Rafi,,Menco,Rafi Menco,1994-03-05,M,F,1.98,100,Maccabi Playtika Tel Aviv,22-23,8,https://media-cdn.incrowdsports.com/c13c8c26-78a2-4dd9-8946-b203e23ec79c.png
Guy Pnini,Guy,,Pnini,Guy Pnini,1983-09-04,M,F,2.01,94,Maccabi Playtika Tel Aviv,22-23,10,https://media-cdn.incrowdsports.com/555f6f68-6bd3-4239-9091-25cdb99cfbd7.png
Darrun Hilliard,Darrun,Cordell,Hilliard,Darrun Hilliard,1993-04-13,M,G,1.98,104,Maccabi Playtika Tel Aviv,22-23,13,https://media-cdn.incrowdsports.com/093f8c89-2e15-43c1-9bbf-2f48e5e23468.png
Austin Hollins,Austin,James,Hollins,Austin Hollins,1991-11-08,M,G,1.93,86,Maccabi Playtika Tel Aviv,22-23,20,https://media-cdn.incrowdsports.com/5bd17dd6-7b19-4fa5-8dbc-ac7918cf891e.png
Alex Poythress,Alex,,Poythress,Alex Poythress,1993-09-06,M,F,2.06,107,Maccabi Playtika Tel Aviv,22-23,22,https://media-cdn.incrowdsports.com/0d465fdd-fb16-4c36-9210-853ebde93f62.png
Josh Nebo,Josh,,Nebo,Josh Nebo,1997-07-17,M,C,2.06,111,Maccabi Playtika Tel Aviv,22-23,32,https://media-cdn.incrowdsports.com/626ca861-1717-4ba9-b2e0-a6723d012a5d.png
Bonzie Colson,Bonzie,Alexander,Colson,Bonzie Colson,1996-01-12,M,F,1.98,102,Maccabi Playtika Tel Aviv,22-23,50,https://media-cdn.incrowdsports.com/25ce2144-a34f-40a6-8ad9-0598728de437.png
Keenan Evans,Keenan,Cortez,Evans,Keenan Evans,1996-08-23,M,G,1.91,86,Zalgiris Kaunas,22-23,2,https://media-cdn.incrowdsports.com/2d4f8e54-744f-46c8-8410-a0873951fc09.png
Kevarrius Hayes,Kevarrius,Keshawn,Hayes,Kevarrius Hayes,1997-03-05,M,C,2.06,103,Zalgiris Kaunas,22-23,8,https://media-cdn.incrowdsports.com/21ac5757-361b-4bb2-ad86-84cbd5e3bbe9.png
Rolands Smits,Rolands,,Smits,Rolands Smits,1995-06-25,M,F,2.08,107,Zalgiris Kaunas,22-23,10,https://media-cdn.incrowdsports.com/94dce191-acc7-4766-8c54-c87b1bc15e8d.png
Ignas Brazdeikis,Ignas,,Brazdeikis,Ignas Brazdeikis,1999-01-08,M,G,2.01,98,Zalgiris Kaunas,22-23,17,https://media-cdn.incrowdsports.com/4b4902b5-b16b-4a50-8804-6aca6f38af78.png
Tomas Dimsa,Tomas,,Dimsa,Tomas Dimsa,1994-02-02,M,G,1.96,90,Zalgiris Kaunas,22-23,33,https://media-cdn.incrowdsports.com/7c62b4b7-7d04-4570-8805-359193588b0b.png
Arnas Butkevicius,Arnas,,Butkevicius,Arnas Butkevicius,1992-10-22,M,F,1.97,95,Zalgiris Kaunas,22-23,51,https://media-cdn.incrowdsports.com/cbb50274-e25a-48fc-924a-bfbbdf655987.png
Cassius Winston,Cassius,Xavier Lamarr,Winston,Cassius Winston,1998-02-28,M,G,,,FC Bayern Munich,22-23,5,https://media-cdn.incrowdsports.com/79d70bff-48b3-41c9-bb0e-889933051639.png
Niklas Wimberg,Niklas,Jan,Wimberg,Niklas Wimberg,1996-02-11,M,F,2.06,100,FC Bayern Munich,22-23,17,https://media-cdn.incrowdsports.com/f48f149e-4d39-4781-b30d-49e127db7911.png
Freddie Gillespie,Freddie,,Gillespie,Freddie Gillespie,1997-06-14,M,C,2.06,,FC Bayern Munich,22-23,33,https://media-cdn.incrowdsports.com/f7e1c38c-964f-47c5-a25d-88398a45be54.png
Johnathan Motley,Johnathan,Landus,Motley,Johnathan Motley,1995-05-04,M,C,2.06,109,Fenerbahce Beko Istanbul,22-23,0,https://media-cdn.incrowdsports.com/401cd2c2-711c-4a6f-84e0-8b4727eb39ce.png
Scottie Wilbekin,Scottie,,Wilbekin,Scottie Wilbekin,1993-04-05,M,G,1.88,80,Fenerbahce Beko Istanbul,22-23,3,https://media-cdn.incrowdsports.com/b527e159-eb69-4f45-bf2f-222ec8d7ab73.png
Carsen Edwards,Carsen,Cade,Edwards,Carsen Edwards,1998-03-12,M,G,1.8,91,Fenerbahce Beko Istanbul,22-23,4,https://media-cdn.incrowdsports.com/20efcd85-686b-497c-83d6-d0c7f46db588.png
Nigel Hayes Davis,Nigel,Alexander,Hayes Davis,Nigel Hayes Davis,1994-12-16,M,F,2.03,103,Fenerbahce Beko Istanbul,22-23,11,https://media-cdn.incrowdsports.com/194bb0ce-8a7a-4319-b917-eed2020c7531.png
Tonye Jekiri,Tonye,Frank,Jekiri,Tonye Jekiri,1994-07-23,M,C,2.12,100,Fenerbahce Beko Istanbul,22-23,22,https://media-cdn.incrowdsports.com/08af8670-c95d-408c-aa3b-ce8ed0ea959f.png
Nick Calathes,Nick,,Calathes,Nick Calathes,1989-02-07,M,G,1.96,94,Fenerbahce Beko Istanbul,22-23,33,https://media-cdn.incrowdsports.com/236434bd-9730-4ba3-96f6-c14605b367e0.png
Jared Harper,Jared,,Harper,Jared Harper,1997-09-14,M,G,1.78,79,Valencia Basket,22-23,0,https://media-cdn.incrowdsports.com/ae7d2b0a-5ca7-421d-ad99-80cb4b481d25.png
Victor Claver,Victor,,Claver,Victor Claver,1988-08-30,M,F,2.08,106,Valencia Basket,22-23,1,https://media-cdn.incrowdsports.com/f5f9cfc2-641d-4815-8fd7-d0de7d4e45a9.png
James Webb,James,Leroy,Webb,James Webb,1993-08-19,M,F,2.06,95,Valencia Basket,22-23,5,https://media-cdn.incrowdsports.com/76ae7972-f7e7-488f-a940-8b9ce7f6004a.png
Xabi Lopez Arostegui,Xabi,,Lopez Arostegui,Xabi Lopez Arostegui,1997-05-19,M,G,2.0,93,Valencia Basket,22-23,6,https://media-cdn.incrowdsports.com/9ee4acba-8f76-40d2-9b7e-2c1f47b124b9.png
Chris Jones,Chris,,Jones,Chris Jones,1993-04-10,M,G,1.88,85,Valencia Basket,22-23,7,https://media-cdn.incrowdsports.com/b71ab278-55fb-4209-8dc3-dbe8368f5139.png
Jonah Radebaugh,Jonah,Kameron,Radebaugh,Jonah Radebaugh,1997-06-17,M,G,1.91,90,Valencia Basket,22-23,12,https://media-cdn.incrowdsports.com/149681b6-ef7b-43a6-b8e9-9e951e846251.png
Kyle Alexander,Kyle,John Solomon,Alexander,Kyle Alexander,1996-10-21,M,F,2.08,98,Valencia Basket,22-23,21,https://media-cdn.incrowdsports.com/26b93b97-ef4d-4bf5-92c6-228c84353ac3.png
Jasiel Rivero,Jasiel,,Rivero,Jasiel Rivero,1993-10-31,M,C,2.06,110,Valencia Basket,22-23,41,https://media-cdn.incrowdsports.com/a01ad35e-e7a1-4ab8-872c-74074c009ef9.png
Markus Howard,Markus,Anthony,Howard,Markus Howard,1999-03-03,M,G,1.78,79,Cazoo Baskonia Vitoria-Gasteiz,22-23,0,https://media-cdn.incrowdsports.com/862fd672-212d-41de-a993-fa5c02a3a6c7.png
Sander Raieste,Sander,,Raieste,Sander Raieste,1999-03-31,M,F,2.04,95,Cazoo Baskonia Vitoria-Gasteiz,22-23,2,https://media-cdn.incrowdsports.com/a559227b-6c4f-4f6c-af14-238e921adc94.png
Tadas Sedekerskis,Tadas,,Sedekerskis,Tadas Sedekerskis,1998-01-17,M,F,2.0,98,Cazoo Baskonia Vitoria-Gasteiz,22-23,8,https://media-cdn.incrowdsports.com/31ade30c-9f37-44ea-9e19-85c52ae0577d.png
Vanja Marinkovic,Vanja,,Marinkovic,Vanja Marinkovic,1997-01-09,M,F,1.98,95,Cazoo Baskonia Vitoria-Gasteiz,22-23,9,https://media-cdn.incrowdsports.com/d51274fd-3a67-4f1f-817b-2b68beaf6e52.png
Daniel Diez,Daniel,,Diez,Daniel Diez,1993-04-07,M,F,2.01,97,Cazoo Baskonia Vitoria-Gasteiz,22-23,11,https://media-cdn.incrowdsports.com/ea01879e-d45a-43ac-9233-4b039ccc7395.png
Darius Thompson,Darius,Jamar,Thompson,Darius Thompson,1995-05-04,M,G,1.92,90,Cazoo Baskonia Vitoria-Gasteiz,22-23,13,https://media-cdn.incrowdsports.com/366a1d24-83bc-45dc-9936-54b6bac4166c.png
Maik Kotsar,Maik,Kalev,Kotsar,Maik Kotsar,1996-12-22,M,C,2.09,119,Cazoo Baskonia Vitoria-Gasteiz,22-23,21,https://media-cdn.incrowdsports.com/5cf4bd48-8b89-45f0-a9e1-097147e526ae.png
Matthew Costello,Matthew,,Costello,Matthew Costello,1993-08-05,M,C,2.1,105,Cazoo Baskonia Vitoria-Gasteiz,22-23,24,https://media-cdn.incrowdsports.com/fd4a0b50-0126-44ee-8099-69ad0ea6d6fa.png
Rokas Giedraitis,Rokas,,Giedraitis,Rokas Giedraitis,1992-08-16,M,F,2.0,90,Cazoo Baskonia Vitoria-Gasteiz,22-23,31,https://media-cdn.incrowdsports.com/94f8125f-2fd5-4bb6-908e-ee4b3107fc08.png
Daulton Hommes,Daulton,Craig,Hommes,Daulton Hommes,1996-07-04,M,F,2.03,98,Cazoo Baskonia Vitoria-Gasteiz,22-23,34,https://media-cdn.incrowdsports.com/7b5fadf5-9375-40ab-a7db-f1ec785fd859.png
Arturs Kurucs,Arturs,,Kurucs,Arturs Kurucs,2000-01-19,M,G,1.9,90,Cazoo Baskonia Vitoria-Gasteiz,22-23,47,https://media-cdn.incrowdsports.com/b98c88da-6556-46e0-981a-106d466b7a22.png
Will Clyburn,Will,,Clyburn,Will Clyburn,1990-05-17,M,F,2.01,99,Anadolu Efes Istanbul,22-23,12,https://media-cdn.incrowdsports.com/7b750eb9-35cd-4621-9051-71f26ad22d5d.png
Egehan Arna,Egehan,,Arna,Egehan Arna,1997-01-05,M,F,2.03,92,Anadolu Efes Istanbul,22-23,18,https://media-cdn.incrowdsports.com/c84f3eec-78b4-4e61-84de-070b7eceb3bc.png
Amath M'Baye,Amath,Amadou Garvey,M'Baye,Amath M'Baye,1989-12-14,M,F,2.06,99,Anadolu Efes Istanbul,22-23,24,https://media-cdn.incrowdsports.com/b1c5a105-61d0-4de3-860d-55368f5f5c6a.png
Achille Polonara,Achille,,Polonara,Achille Polonara,1991-11-23,M,F,2.05,90,Anadolu Efes Istanbul,22-23,33,https://media-cdn.incrowdsports.com/c6c5eb98-4507-478c-be9f-471ea17b24f1.png
Ante Zizic,Ante,Toni,Zizic,Ante Zizic,1997-01-04,M,C,2.1,121,Anadolu Efes Istanbul,22-23,41,https://media-cdn.incrowdsports.com/c9621cbf-2f58-4c9b-8966-b12289720bfc.png
John Holland,John,Michael Joseph,Holland,John Holland,1988-11-06,M,F,1.96,93,Crvena Zvezda Meridianbet Belgrade,22-23,0,https://media-cdn.incrowdsports.com/6427fad8-3c2d-4f37-85ab-5c186f975aec.png
Stefan Lazarevic,Stefan,,Lazarevic,Stefan Lazarevic,1996-08-20,M,F,1.98,95,Crvena Zvezda Meridianbet Belgrade,22-23,2,https://media-cdn.incrowdsports.com/59433a5b-2d07-42bd-a941-f30468acc8f1.png
Jaylen Adams,Jaylen,Tairique,Adams,Jaylen Adams,1996-05-04,M,G,1.88,86,Crvena Zvezda Meridianbet Belgrade,22-23,3,https://media-cdn.incrowdsports.com/33b3679b-1a5a-4808-a813-ee9b6e0984b1.png
Luka Mitrovic,Luka,,Mitrovic,Luka Mitrovic,1993-03-21,M,F,2.06,102,Crvena Zvezda Meridianbet Belgrade,22-23,9,https://media-cdn.incrowdsports.com/294e6407-eed1-447f-81f4-86170509416b.png
Branko Lazic,Branko,,Lazic,Branko Lazic,1989-01-12,M,G,1.95,91,Crvena Zvezda Meridianbet Belgrade,22-23,10,https://media-cdn.incrowdsports.com/14a3b374-8fe7-498a-9c5f-e90914174614.png
Hassan Martin,Hassan,,Martin,Hassan Martin,1995-11-22,M,C,2.01,104,Crvena Zvezda Meridianbet Belgrade,22-23,12,https://media-cdn.incrowdsports.com/194846fe-c304-4296-a153-6221f245307f.png
Nikola Ivanovic,Nikola,,Ivanovic,Nikola Ivanovic,1994-02-19,M,G,1.91,85,Crvena Zvezda Meridianbet Belgrade,22-23,20,https://media-cdn.incrowdsports.com/098c56e1-f92f-4534-9606-dea562a629bf.png
Stefan Markovic,Stefan,,Markovic,Stefan Markovic,1988-04-25,M,G,1.98,98,Crvena Zvezda Meridianbet Belgrade,22-23,27,https://media-cdn.incrowdsports.com/b00db9c1-d63e-4645-a1a9-df3963fe533f.png
Ognjen Kuzmic,Ognjen,,Kuzmic,Ognjen Kuzmic,1990-05-16,M,C,2.13,121,Crvena Zvezda Meridianbet Belgrade,22-23,32,https://media-cdn.incrowdsports.com/0dcc6cfb-0fbd-435b-a928-36268ce5f3a0.png
Filip Petrusev,Filip,,Petrusev,Filip Petrusev,2000-04-15,M,F,2.11,107,Crvena Zvezda Meridianbet Belgrade,22-23,33,https://media-cdn.incrowdsports.com/930d1af7-91a7-4a54-940b-d96da453e26e.png
Nikola Topic,Nikola,,Topic,Nikola Topic,2005-08-10,M,G,1.98,78,Crvena Zvezda Meridianbet Belgrade,22-23,44,https://media-cdn.incrowdsports.com/58220b5a-7c95-4c19-934e-0c13097386c4.png
Benjamin Bentil,Benjamin,,Bentil,Benjamin Bentil,1995-03-29,M,F,2.04,120,Crvena Zvezda Meridianbet Belgrade,22-23,50,https://media-cdn.incrowdsports.com/243bd187-36a7-4985-b9bd-292719794a9d.png
Gabriele Procida,Gabriele,,Procida,Gabriele Procida,2002-06-01,M,G,1.98,80,ALBA Berlin,22-23,1,https://media-cdn.incrowdsports.com/a06691de-8a4d-4ecf-9e78-b7fc278945fa.png
Tristan Vukcevic,Tristan,,Vukcevic,Tristan Vukcevic,2003-03-11,M,F,2.09,100,Partizan Mozzart Bet Belgrade,22-23,1,https://media-cdn.incrowdsports.com/e88f2d0e-7ee7-401c-be48-f112ee32ebb6.png
Zach Leday,Zach,,Leday,Zach Leday,1994-05-30,M,C,2.02,108,Partizan Mozzart Bet Belgrade,22-23,2,https://media-cdn.incrowdsports.com/b7be50a6-eccb-40c3-8f92-77910689a966.png
Balsa Koprivica,Balsa,,Koprivica,Balsa Koprivica,2000-05-01,M,C,2.15,113,Partizan Mozzart Bet Belgrade,22-23,5,https://media-cdn.incrowdsports.com/cc46336f-5b4d-4515-a4c7-b38d0b9528df.png
Kevin Punter,Kevin,Xavier,Punter,Kevin Punter,1993-06-25,M,F,1.93,83,Partizan Mozzart Bet Belgrade,22-23,7,https://media-cdn.incrowdsports.com/525c6274-593a-4703-9e47-255110ef88a1.png
Ioannis Papapetrou,Ioannis,,Papapetrou,Ioannis Papapetrou,1994-03-30,M,F,2.06,106,Partizan Mozzart Bet Belgrade,22-23,10,https://media-cdn.incrowdsports.com/87d862da-1508-45d9-a0af-84d089608cab.png
Dante Exum,Dante,Liman,Exum,Dante Exum,1995-07-13,M,F,1.98,101,Partizan Mozzart Bet Belgrade,22-23,11,https://media-cdn.incrowdsports.com/e6ac5ad6-82ef-4bd7-8cae-ace02881c0b0.png
Dordije Djordjije,Dordije,,Djordjije,Dordije Djordjije,2003-05-15,M,F,2.0,96,Partizan Mozzart Bet Belgrade,22-23,13,https://media-cdn.incrowdsports.com/2e119adf-f2ea-415c-b297-1b2ec2ba72c6.png
James Nunnally,James,William,Nunnally,James Nunnally,1990-07-14,M,G,2.01,93,Partizan Mozzart Bet Belgrade,22-23,21,https://media-cdn.incrowdsports.com/d3aac321-bc67-4a8b-b900-113b922e49ad.png
Mathias Lessort,Mathias,Michel,Lessort,Mathias Lessort,1995-09-29,M,C,2.06,113,Partizan Mozzart Bet Belgrade,22-23,26,https://media-cdn.incrowdsports.com/cb3024fc-3af4-4665-bd51-4ecb2965ae17.png
Uros Trifunovic,Uros,,Trifunovic,Uros Trifunovic,2000-12-05,M,F,2.0,97,Partizan Mozzart Bet Belgrade,22-23,32,https://media-cdn.incrowdsports.com/67f071a7-d323-4a77-9284-86f5e6894e95.png
Danilo Andjusic,Danilo,,Andjusic,Danilo Andjusic,1991-04-22,M,G,1.95,98,Partizan Mozzart Bet Belgrade,22-23,33,https://media-cdn.incrowdsports.com/4e606702-9172-4244-a9b6-df2fc13b9166.png
Yam Madar,Yam,,Madar,Yam Madar,2000-12-21,M,G,1.9,78,Partizan Mozzart Bet Belgrade,22-23,41,https://media-cdn.incrowdsports.com/2eec19c1-3e11-4a6a-b9aa-406cc0158421.png
Oscar Da Silva,Oscar,Leon,Da Silva,Oscar Da Silva,1998-09-21,M,C,2.05,104,FC Barcelona,22-23,1,https://media-cdn.incrowdsports.com/68bc7841-7541-4c1e-a0bc-270a887797e8.png
Oriol Pauli,Oriol,,Pauli,Oriol Pauli,1994-05-20,M,G,2.01,97,FC Barcelona,22-23,3,https://media-cdn.incrowdsports.com/fbd8d153-05a8-4384-93ea-263264cf3b8c.png
Jan Vesely,Jan,,Vesely,Jan Vesely,1990-04-24,M,C,2.13,110,FC Barcelona,22-23,6,https://media-cdn.incrowdsports.com/94b05ac8-f15f-47cf-9605-d6f64d4e72f6.png
Nikola Kalinic,Nikola,,Kalinic,Nikola Kalinic,1991-11-08,M,F,2.02,102,FC Barcelona,22-23,10,https://media-cdn.incrowdsports.com/3481ab72-c161-4a02-9bf4-236a01ee98e4.png
Tomas Satoransky,Tomas,,Satoransky,Tomas Satoransky,1991-10-30,M,G,2.01,95,FC Barcelona,22-23,13,https://media-cdn.incrowdsports.com/f1617b1a-c79f-4f43-abd1-99c0e6de3bd3.png
Mike Tobey,Mike,,Tobey,Mike Tobey,1994-10-10,M,C,2.13,115,FC Barcelona,22-23,23,https://media-cdn.incrowdsports.com/aee0dd22-0e7f-4532-9e76-89d7e6e00d8e.png
Isaiah Canaan,Isaiah,Andre,Canaan,Isaiah Canaan,1991-05-21,M,G,1.83,91,Olympiacos Piraeus,22-23,3,https://media-cdn.incrowdsports.com/51019c3a-d975-4a30-9cd3-28e14869f2fe.png
Joel Bolomboy,Joel,,Bolomboy,Joel Bolomboy,1994-01-28,M,C,2.04,103,Olympiacos Piraeus,22-23,21,https://media-cdn.incrowdsports.com/a5164e22-02eb-4e62-9ee1-cc6757d81ee7.png
Alec Peters,Alec,Jeffrey,Peters,Alec Peters,1995-04-13,M,F,2.06,107,Olympiacos Piraeus,22-23,25,https://media-cdn.incrowdsports.com/a37572ac-39e7-4367-8346-071c8ad522e5.png
Tarik Black,Tarik,Bernard,Black,Tarik Black,1991-11-22,M,C,2.06,119,Olympiacos Piraeus,22-23,28,https://media-cdn.incrowdsports.com/19d2fe9c-c1e6-4836-aae0-f3d2f8b48c85.png
Isaia Cordinier,Isaia,,Cordinier,Isaia Cordinier,1996-11-28,M,G,1.97,85,Virtus Segafredo Bologna,22-23,0,https://media-cdn.incrowdsports.com/ff9c4900-773c-4f75-9434-4acf68107760.png
Niccolo Mannion,Niccolo,,Mannion,Niccolo Mannion,2001-03-14,M,G,1.9,85,Virtus Segafredo Bologna,22-23,1,https://media-cdn.incrowdsports.com/45b8585b-0229-4441-9f90-6f4bd3232ca3.png
Marco Belinelli,Marco,,Belinelli,Marco Belinelli,1986-03-25,M,G,1.95,95,Virtus Segafredo Bologna,22-23,3,https://media-cdn.incrowdsports.com/f13366de-a8da-4503-a64b-420104fd1777.png
Alessandro Pajola,Alessandro,,Pajola,Alessandro Pajola,1999-11-09,M,G,1.94,89,Virtus Segafredo Bologna,22-23,6,https://media-cdn.incrowdsports.com/7448524a-e025-4b87-b5c9-90cc186a72e7.png
Ismael Bako,Ismael,,Bako,Ismael Bako,1995-10-10,M,C,2.08,100,Virtus Segafredo Bologna,22-23,7,https://media-cdn.incrowdsports.com/c188da68-4a88-460f-847d-93a21015e5d7.png
Mam Jaiteh,Mam,,Jaiteh,Mam Jaiteh,1994-11-27,M,C,2.08,113,Virtus Segafredo Bologna,22-23,14,https://media-cdn.incrowdsports.com/6295f0f9-ef78-4e80-8d9f-4bd0d8c4d3b7.png
Iffe Lundberg,Iffe,,Lundberg,Iffe Lundberg,1994-12-04,M,G,1.93,92,Virtus Segafredo Bologna,22-23,19,https://media-cdn.incrowdsports.com/06b83597-78db-4419-8b59-d95eff044bd0.png
Daniel Hackett,Daniel,Lorenzo,Hackett,Daniel Hackett,1987-12-19,M,G,1.96,97,Virtus Segafredo Bologna,22-23,23,https://media-cdn.incrowdsports.com/7a89b23b-4029-4fad-9f64-1c7dbe62ed2a.png
Jordan Mickey,Jordan,Grayson,Mickey,Jordan Mickey,1994-07-09,M,F,2.03,104,Virtus Segafredo Bologna,22-23,25,https://media-cdn.incrowdsports.com/88772c90-73de-424b-be82-3f2c4cd30576.png
Gora Camara,Gora,,Camara,Gora Camara,2001-04-12,M,C,2.14,112,Virtus Segafredo Bologna,22-23,29,https://media-cdn.incrowdsports.com/9f5dc0c9-a51c-4b77-8bb2-a71786922ec2.png
Kyle Weems,Kyle,Jordan,Weems,Kyle Weems,1989-08-23,M,F,1.98,103,Virtus Segafredo Bologna,22-23,34,https://media-cdn.incrowdsports.com/a7626a3e-1b95-4e35-837b-a8e87770c1e6.png
Semi Ojeleye,Semi,,Ojeleye,Semi Ojeleye,1994-12-05,M,F,1.98,108,Virtus Segafredo Bologna,22-23,37,https://media-cdn.incrowdsports.com/99c51086-df45-49fa-baa9-60ddcf3597c3.png
John Brown,John,Edward,Brown,John Brown,1992-01-28,M,F,2.03,98,AS Monaco,22-23,0,https://media-cdn.incrowdsports.com/cf70c79a-f75b-4e7f-b2e4-ff0b3f5b332f.png
Elie Okobo,Elie,,Okobo,Elie Okobo,1997-10-23,M,G,1.91,95,AS Monaco,22-23,0,https://media-cdn.incrowdsports.com/16fb6eff-a16e-4545-8e57-2358f354a8e8.png
Jordan Loyd,Jordan,Kenneth,Loyd,Jordan Loyd,1993-07-27,M,G,1.93,80,AS Monaco,22-23,3,https://media-cdn.incrowdsports.com/fe60ad13-a29f-486a-9495-fe30721fed86.png
Jaron Blossomgame,Jaron,Samuel,Blossomgame,Jaron Blossomgame,1993-09-16,M,F,1.98,100,AS Monaco,22-23,4,https://media-cdn.incrowdsports.com/6c56130a-c212-4a8b-bd5d-19ecea0bbb84.png
Yoan Makoundou,Yoan,Maurice Junior,Makoundou,Yoan Makoundou,2000-08-09,M,C,2.07,102,AS Monaco,22-23,5,https://media-cdn.incrowdsports.com/5de9d7a7-4e51-4f93-9a24-1baf888085d3.png
Adrien Moerman,Adrien,Rene,Moerman,Adrien Moerman,1988-08-07,M,F,2.02,108,AS Monaco,22-23,18,https://media-cdn.incrowdsports.com/f3077405-e32f-4acd-8a10-fdea2de62cee.png
Matthew Strazel,Matthew,,Strazel,Matthew Strazel,2002-08-05,M,G,1.82,78,AS Monaco,22-23,32,https://media-cdn.incrowdsports.com/f3391d99-91b2-4492-8ffc-8f3fe3716cf6.png
Ognjen Dobric,Ognjen,,Dobric,Ognjen Dobric,1994-10-27,M,G,2.0,93,Crvena Zvezda Meridianbet Belgrade,22-23,13,https://media-cdn.incrowdsports.com/de37c08a-40f9-4668-b3b3-c93e1cc1b87f.png
Miroslav Raduljica,Miroslav,,Raduljica,Miroslav Raduljica,1988-01-05,M,C,2.13,110,Crvena Zvezda Meridianbet Belgrade,22-23,15,https://media-cdn.incrowdsports.com/1603d9ff-ae35-4383-b176-5e4c3fbddad2.png
Milos Teodosic,Milos,,Teodosic,Milos Teodosic,1987-03-19,M,G,1.95,89,Virtus Segafredo Bologna,22-23,44,https://media-cdn.incrowdsports.com/872b56b1-13b6-43d6-a617-82fa0a5b6698.png
George Papas,George,Peter,Papas,George Papas,1998-03-15,M,G,1.96,90,Olympiacos Piraeus,22-23,9,https://media-cdn.incrowdsports.com/8f9f9fb8-ed50-482e-a540-bef69ea68f1f.png
Paul Biligha,Paul,Stephane Lionel,Biligha,Paul Biligha,1990-05-31,M,C,2.0,106,EA7 Emporio Armani Milan,22-23,19,https://media-cdn.incrowdsports.com/f8d8bba0-1b64-464a-b8c2-5b7c4a8ebf22.png
Yanni Wetzell,Yanni,,Wetzell,Yanni Wetzell,1996-07-08,M,F,2.06,,ALBA Berlin,22-23,7,https://media-cdn.incrowdsports.com/e23c5421-5c1a-4d2f-859c-cf0c5813494e.png
Gregor Glas,Gregor,,Glas,Gregor Glas,2001-04-29,M,G,1.97,90,Partizan Mozzart Bet Belgrade,22-23,24,https://media-cdn.incrowdsports.com/53160cef-fe97-4361-9c05-10914d94b591.png
Joffrey Lauvergne,Joffrey,Stephane Morgan,Lauvergne,Joffrey Lauvergne,1991-09-30,M,C,2.11,116,LDLC ASVEL Villeurbanne,22-23,7,https://media-cdn.incrowdsports.com/394ab272-8edf-438a-9068-52aed8701825.png
Jalen Adams,Jalen,Rashad,Adams,Jalen Adams,1995-12-11,M,G,1.91,90,Maccabi Playtika Tel Aviv,22-23,3,https://media-cdn.incrowdsports.com/14bb2746-dd8f-4977-b5f2-4b3acaacd9c0.png
Nils Machowski,Nils,Benjamin,Machowski,Nils Machowski,2004-09-21,M,G,1.9,75,ALBA Berlin,22-23,2,https://media-cdn.incrowdsports.com/e7147257-30bc-41ac-be21-1e1cb98a60d4.png
Ousmane Ndiaye,Ousmane,,Ndiaye,Ousmane Ndiaye,2004-03-19,M,C,2.1,87,Cazoo Baskonia Vitoria-Gasteiz,22-23,20,https://media-cdn.incrowdsports.com/0d8e0973-6c24-4d34-8553-dd626c69953a.png
Luca Vildoza,Luca,,Vildoza,Luca Vildoza,1995-08-11,M,G,1.91,86,Crvena Zvezda Meridianbet Belgrade,22-23,1,https://media-cdn.incrowdsports.com/c4d3eaa0-abbb-4d52-a810-c4db2a341dd4.png
Nate Wolters,Nate,,Wolters,Nate Wolters,1991-05-15,M,G,1.94,86,Panathinaikos Athens,22-23,3,https://media-cdn.incrowdsports.com/3c526125-4fa4-4d9f-8977-0d2272657592.png
Elias Rapieque,Elias,Jose,Rapieque,Elias Rapieque,2004-02-25,M,F,2.0,90,ALBA Berlin,22-23,25,https://media-cdn.incrowdsports.com/edbc6601-c5df-44ad-bd84-fe927636455a.png
Nemanja Nedovic,Nemanja,,Nedovic,Nemanja Nedovic,1991-06-16,M,G,1.92,89,Crvena Zvezda Meridianbet Belgrade,22-23,26,https://media-cdn.incrowdsports.com/d8d294fe-9314-446d-875a-da5745ed5f38.png
Isaac Bonga,Isaac,Evolue Etue Bofenda,Bonga,Isaac Bonga,1999-11-08,M,F,2.04,96,FC Bayern Munich,22-23,9,https://media-cdn.incrowdsports.com/2f103544-9632-4b5f-9c3c-95ab66b91022.png
Elias Harris,Elias,John Michael,Harris,Elias Harris,1989-07-06,M,C,2.03,108,FC Bayern Munich,22-23,20,https://media-cdn.incrowdsports.com/e9a4c295-04d4-44b9-a15b-a8d0adbf8bc0.png
Alex Tyus,Alex,,Tyus,Alex Tyus,1988-01-08,M,C,2.04,101,LDLC ASVEL Villeurbanne,22-23,9,https://media-cdn.incrowdsports.com/3bbdc2a0-64b7-425f-a940-af651d08f39f.png
Parker Jackson Cartwright,Parker,Ellington,Jackson Cartwright,Parker Jackson Cartwright,1995-07-12,M,G,1.8,70,LDLC ASVEL Villeurbanne,22-23,33,https://media-cdn.incrowdsports.com/c50fa014-9bac-4f63-aeea-a5ce778278f8.png
Pierria Henry,Pierria,Lee Vaughntay,Henry,Pierria Henry,1993-01-20,M,G,1.93,88,Cazoo Baskonia Vitoria-Gasteiz,22-23,7,https://media-cdn.incrowdsports.com/077c05d4-8009-41af-b7d3-0c3d5dffd65c.png
Luigi Datome,Luigi,,Datome,Luigi Datome,1987-11-27,M,F,2.03,98,EA7 Emporio Armani Milan,22-23,70,https://media-cdn.incrowdsports.com/f8f16c97-c272-49fb-9c73-5688cd7bb6f3.png
Dwayne Bacon,Dwayne,Lee,Bacon,Dwayne Bacon,1995-08-30,M,F,1.98,100,Panathinaikos Athens,22-23,24,https://media-cdn.incrowdsports.com/c7084520-c597-4b26-b291-dfb201b73b3e.png
Naz Mitrou Long,Naz,,Mitrou Long,Naz Mitrou Long,1993-08-03,M,G,1.9,85,EA7 Emporio Armani Milan,22-23,3,https://media-cdn.incrowdsports.com/d88dada5-b302-4cdb-8a48-ed7dab452846.png
Isaiah Taylor,Isaiah,Shaquille,Taylor,Isaiah Taylor,1994-07-11,M,G,1.91,77,Anadolu Efes Istanbul,22-23,13,https://media-cdn.incrowdsports.com/ad6e61c4-29e9-411d-9668-08a7ef23d19e.png
Dalibor Ilic,Dalibor,,Ilic,Dalibor Ilic,2000-03-04,M,F,2.02,94,Crvena Zvezda Meridianbet Belgrade,22-23,22,https://media-cdn.incrowdsports.com/a342c59b-c443-4b35-9d6c-36101af4cfb9.png
Tornike Shengelia,Tornike,,Shengelia,Tornike Shengelia,1991-10-05,M,F,2.06,103,Virtus Segafredo Bologna,22-23,21,https://media-cdn.incrowdsports.com/bb2b9048-aebb-463d-92b7-8710a4ee9914.png
Tommaso Baldasso,Tommaso,,Baldasso,Tommaso Baldasso,1998-01-29,M,G,1.9,88,EA7 Emporio Armani Milan,22-23,25,https://media-cdn.incrowdsports.com/a83a935a-aed7-4ea6-99d2-7978cd47e914.png
Niels Giffey,Niels,,Giffey,Niels Giffey,1991-06-08,M,F,2.0,97,FC Bayern Munich,22-23,7,https://media-cdn.incrowdsports.com/e23d25c0-4504-4ddf-9ba4-1c4ef1dd9a7d.png
Ambroise Couture,Ambroise,Arnaud Balthazar,Couture,Ambroise Couture,2002-11-08,M,F,1.98,97,AS Monaco,22-23,6,https://media-cdn.incrowdsports.com/69a73ded-1618-4a26-acb6-80058b0b0e39.png
Alen Smailagic,Alen,,Smailagic,Alen Smailagic,2000-08-18,M,F,2.08,110,Partizan Mozzart Bet Belgrade,22-23,9,https://media-cdn.incrowdsports.com/0b0dc32d-ec39-474d-adf7-c1038b506b67.png
Samet Geyik,Samet,,Geyik,Samet Geyik,1993-01-12,M,F,2.06,98,Fenerbahce Beko Istanbul,22-23,9,https://media-cdn.incrowdsports.com/c60a6ac0-b0e1-4839-8dec-e43cd301f174.png
Timothe Luwawu Cabarrot,Timothe,,Luwawu Cabarrot,Timothe Luwawu Cabarrot,1995-05-09,M,F,2.01,98,EA7 Emporio Armani Milan,22-23,2,https://media-cdn.incrowdsports.com/154ec2b7-3a3e-4956-92bb-5fc252809ff6.png
Vladimir Brodziansky,Vladimir,,Brodziansky,Vladimir Brodziansky,1994-05-08,M,C,2.11,102,Partizan Mozzart Bet Belgrade,22-23,12,https://media-cdn.incrowdsports.com/226c95cc-9c67-4d72-a0ec-2188b7311766.png
Steven Enoch,Steven,Coy,Enoch,Steven Enoch,1997-09-18,M,C,2.08,116,Cazoo Baskonia Vitoria-Gasteiz,22-23,23,https://media-cdn.incrowdsports.com/4624fc5f-6887-4031-bcb5-0be38fb45c33.png
Dovydas Giedraitis,Dovydas,,Giedraitis,Dovydas Giedraitis,2000-08-17,M,G,1.93,90,Zalgiris Kaunas,22-23,3,https://media-cdn.incrowdsports.com/bf894e36-72d0-4823-b466-d44340bb0a8e.png
Alexandros Samontourov,Alexandros,,Samontourov,Alexandros Samontourov,2005-04-20,M,F,2.1,91,Panathinaikos Athens,22-23,20,https://media-cdn.incrowdsports.com/9d1e8791-ca6e-4afe-bc88-3f2261c62134.png
Neoklis Avdalas,Neoklis,,Avdalas,Neoklis Avdalas,2006-02-04,M,G,1.96,90,Panathinaikos Athens,22-23,21,https://media-cdn.incrowdsports.com/2d3e85bb-13d9-4418-9660-ae696f76ac56.png
Kajus Kublickas,Kajus,,Kublickas,Kajus Kublickas,2004-09-02,M,G,1.86,83,Zalgiris Kaunas,22-23,7,https://media-cdn.incrowdsports.com/0da669bf-07b9-4046-be89-7eb521736261.png
Aleksa Avramovic,Aleksa,,Avramovic,Aleksa Avramovic,1994-10-25,M,G,1.92,86,Partizan Mozzart Bet Belgrade,22-23,4,https://media-cdn.incrowdsports.com/c85df4c0-2eed-4eef-a01b-229fd222be58.png
Kostas Antetokounmpo,Kostas,,Antetokounmpo,Kostas Antetokounmpo,1997-11-20,M,C,2.08,105,Fenerbahce Beko Istanbul,22-23,37,https://media-cdn.incrowdsports.com/07354706-0feb-47d0-8492-305c75f9917b.png
Matys Pommier,Matys,,Pommier,Matys Pommier,2002-03-05,M,F,1.97,87,AS Monaco,22-23,2,https://media-cdn.incrowdsports.com/5a9bf6e8-7403-4106-8900-48924332f38c.png
Isaiah Taylor,Isaiah,Shaquille,Taylor,Isaiah Taylor,1994-07-11,M,G,1.91,77,Zalgiris Kaunas,22-23,1,https://media-cdn.incrowdsports.com/ad6e61c4-29e9-411d-9668-08a7ef23d19e.png
Achille Polonara,Achille,,Polonara,Achille Polonara,1991-11-23,M,F,2.05,90,Zalgiris Kaunas,22-23,25,https://media-cdn.incrowdsports.com/c6c5eb98-4507-478c-be9f-471ea17b24f1.png
Sergio De Larrea,Sergio,,De Larrea,Sergio De Larrea,2005-12-04,M,G,1.98,86,Valencia Basket,22-23,50,
Lucas Mari,Lucas,,Mari,Lucas Mari,,M,,,,Valencia Basket,22-23,55,
Dee Bost,Dee,,Bost,Dee Bost,1989-10-12,M,G,1.88,80,LDLC ASVEL Villeurbanne,22-23,3,https://media-cdn.incrowdsports.com/66946039-ffd9-4573-bfaf-cf35073df8a5.png
Shannon Evans,Shannon,Eugene,Evans,Shannon Evans,1994-07-19,M,G,1.85,80,Valencia Basket,22-23,13,https://media-cdn.incrowdsports.com/9bd982a1-02b3-4652-bf99-968e05b18ad2.png
Chima Moneke,Chima,Nwachukwu Iheukwumere,Moneke,Chima Moneke,1995-12-24,M,F,1.96,101,AS Monaco,22-23,1,https://media-cdn.incrowdsports.com/ddf1ca6a-eeca-46a8-ba79-558dc4701044.png
Suleiman Braimoh,Suleiman,Okhaifoede,Braimoh,Suleiman Braimoh,1989-10-19,M,C,2.03,104,Maccabi Playtika Tel Aviv,22-23,17,https://media-cdn.incrowdsports.com/b32b8876-5cd0-4303-89ab-3efeb642782c.png
Shabazz Napier,Shabazz,,Napier,Shabazz Napier,1991-07-14,M,G,1.85,82,EA7 Emporio Armani Milan,22-23,13,https://media-cdn.incrowdsports.com/0874655a-e690-4afa-b882-1ab9c470e9fd.png
Max Heidegger,Max,,Heidegger,Max Heidegger,1997-06-05,M,G,1.91,90,Cazoo Baskonia Vitoria-Gasteiz,22-23,1,https://media-cdn.incrowdsports.com/b95002b6-f51e-4fc8-a071-fb65e59bdeb4.png
Awudu Abass,Awudu,Abass,Abass,Awudu Abass,1993-01-27,M,F,1.98,100,Virtus Segafredo Bologna,22-23,55,https://media-cdn.incrowdsports.com/41895699-93f8-43c3-90cb-368c11e58e27.png
Panagiotis Tsamis,Panagiotis,,Tsamis,Panagiotis Tsamis,2002-04-10,M,F,2.04,91,Olympiacos Piraeus,22-23,19,https://media-cdn.incrowdsports.com/9e7cf92a-ebd0-4369-87b9-43df29a2c865.png
Veniamin Abosi,Veniamin,,Abosi,Veniamin Abosi,2006-01-15,M,F,1.94,90,Olympiacos Piraeus,22-23,81,
Dimitris Agravanis,Dimitris,,Agravanis,Dimitris Agravanis,1994-12-20,M,F,2.08,106,Panathinaikos Athens,22-23,9,https://media-cdn.incrowdsports.com/3d98a249-0b03-46bf-a720-f3a83467c405.png
Matt Thomas,Matt,,Thomas,Matt Thomas,1994-08-04,M,G,1.96,98,Panathinaikos Athens,22-23,17,https://media-cdn.incrowdsports.com/a44a7343-3381-41db-af7d-e1da96c276bb.png
Nemanja Bjelica,Nemanja,,Bjelica,Nemanja Bjelica,1988-05-09,M,F,2.09,106,Fenerbahce Beko Istanbul,22-23,8,https://media-cdn.incrowdsports.com/ba4db838-99bf-4ee1-b0b7-f5a8d65b4c65.png
Facundo Campazzo,Facundo,,Campazzo,Facundo Campazzo,1991-03-23,M,G,1.81,84,Crvena Zvezda Meridianbet Belgrade,22-23,7,https://media-cdn.incrowdsports.com/4e5450b5-1079-4fd1-abd0-00f724eefa8c.png
Tyler Dorsey,Tyler,Quincy,Dorsey,Tyler Dorsey,1996-02-18,M,G,1.96,83,Fenerbahce Beko Istanbul,22-23,27,https://media-cdn.incrowdsports.com/1f3a3af8-5dac-4a01-8870-1bdcd6ca1e2e.png
Karahan Efeoglu,Karahan,Tuan,Efeoglu,Karahan Efeoglu,2004-06-13,M,F,2.03,102,Anadolu Efes Istanbul,22-23,5,https://media-cdn.incrowdsports.com/28d7b1ce-70bf-4878-9b38-21468b3ecffb.png
Furkan Haltali,Furkan,,Haltali,Furkan Haltali,2002-12-02,M,C,2.07,95,Anadolu Efes Istanbul,22-23,14,https://media-cdn.incrowdsports.com/342304aa-95b0-4b03-bff3-4d568e38a0aa.png
Leo Menalo,Leo,,Menalo,Leo Menalo,2002-01-06,M,F,2.06,91,Virtus Segafredo Bologna,22-23,24,https://media-cdn.incrowdsports.com/8f2ae600-b94a-42d3-a713-1e5862602393.png
Mohammad Amini,Mohammad,,Amini,Mohammad Amini,2005-04-26,M,F,2.0,80,AS Monaco,22-23,23,
Zylan Cheatham,Zylan,Anthony,Cheatham,Zylan Cheatham,1995-11-17,M,C,1.96,,FC Bayern Munich,22-23,45,https://media-cdn.incrowdsports.com/c2afc9d6-0e11-43a7-ac50-3749c0216ccf.png
Nikos Pappas,Nikos,,Pappas,Nikos Pappas,1990-07-11,M,G,1.96,94,Panathinaikos Athens,22-23,11,
