team_id,franchise_id,season_id,conference,type,name,abbreviation,logo_url,color
Panathinaikos Athens,Panathinaikos B.C.,22-23,,M,Panathinaikos Athens,PAO,https://media-cdn.incrowdsports.com/696724ea-a92f-456e-8572-aca4ce0ff025.png,#007135
Real Madrid,Real Madrid Baloncesto,22-23,,M,Real Madrid,RMB,https://media-cdn.incrowdsports.com/1a3e1404-4f6f-4ede-9d8b-30eee7cb51b4.png,#004996
LDLC ASVEL Villeurbanne,ASVEL Basket,22-23,,M,LDLC ASVEL Villeurbanne,ASV,https://media-cdn.incrowdsports.com/e33c6d1a-95ca-4dbc-b8cb-0201812104cc.png,#929292
EA7 Emporio Armani Milan,Olimpia Milano,22-23,,M,EA7 Emporio Armani Milan,EA7,https://media-cdn.incrowdsports.com/8154f184-c61a-4e7f-b14d-9d802e35cb95.png,#E1261D
Maccabi Playtika Tel Aviv,Maccabi Tel Aviv B.C.,22-23,,M,Maccabi Playtika Tel Aviv,MTA,https://media-cdn.incrowdsports.com/5c55ef14-29df-4328-bd52-a7a64c432350.png,#FFF100
Zalgiris Kaunas,BC Žalgiris,22-23,,M,Zalgiris Kaunas,ZAL,https://media-cdn.incrowdsports.com/1f04fd8a-1fd4-43f9-b507-06c09a1a3a5d.png,#0C6F3E
FC Bayern Munich,FC Bayern Munich (basketball),22-23,,M,FC Bayern Munich,BAY,https://media-cdn.incrowdsports.com/817b0e58-d595-4b09-ab0b-1e7cc26249ff.png,#E11837
Fenerbahce Beko Istanbul,Fenerbahçe S.K. (basketball),22-23,,M,Fenerbahce Beko Istanbul,FBB,https://media-cdn.incrowdsports.com/0233ebbb-f3a2-49ea-837c-7fd3e661e672.png,#FFED00
Valencia Basket,Valencia Basket,22-23,,M,Valencia Basket,VBC,https://media-cdn.incrowdsports.com/efd12730-f2ea-4830-9caa-7f2f676079c2.png,#FF6C0E
Cazoo Baskonia Vitoria-Gasteiz,Saski Baskonia,22-23,,M,Cazoo Baskonia Vitoria-Gasteiz,BKN,https://media-cdn.incrowdsports.com/e324a6af-2a72-443e-9813-8bf2d364ddab.png,#0A2240
Anadolu Efes Istanbul,Anadolu Efes S.K.,22-23,,M,Anadolu Efes Istanbul,EFS,https://media-cdn.incrowdsports.com/8ea8cec7-d8f7-45f4-a956-d976b5867610.png,#002D74
Crvena Zvezda Meridianbet Belgrade,KK Crvena zvezda,22-23,,M,Crvena Zvezda Meridianbet Belgrade,CZV,https://media-cdn.incrowdsports.com/d2eef4a8-62df-4fdd-9076-276004268515.png,#E91D26
ALBA Berlin,Alba Berlin,22-23,,M,ALBA Berlin,BER,https://media-cdn.incrowdsports.com/ccc34858-22b0-47dc-904c-9940b0a16ff3.png,#FFD100
Partizan Mozzart Bet Belgrade,KK Partizan,22-23,,M,Partizan Mozzart Bet Belgrade,PAR,https://media-cdn.incrowdsports.com/2681304e-77dd-4331-88b1-683078c0fb49.png,#1D1D1B
FC Barcelona,FC Barcelona Bàsquet,22-23,,M,FC Barcelona,BAR,https://media-cdn.incrowdsports.com/35dfa503-e417-481f-963a-bdf6f013763e.png,#023485
Olympiacos Piraeus,Olympiacos B.C.,22-23,,M,Olympiacos Piraeus,OLY,https://media-cdn.incrowdsports.com/789423ac-3cdf-4b89-b11c-b458aa5f59a6.png,#D1061F
Virtus Segafredo Bologna,Virtus Bologna,22-23,,M,Virtus Segafredo Bologna,VIR,https://media-cdn.incrowdsports.com/4af5e83b-f2b5-4fba-a87c-1f85837a508a.png,#1D1D1B
AS Monaco,AS Monaco Basket,22-23,,M,AS Monaco,ASM,https://media-cdn.incrowdsports.com/89ed276a-2ba3-413f-8ea2-b3be209ca129.png,#E2211C
