player_id,name,middle_name,surname,full_name,birthday,sex,role,height,weight,team_id,season_id,jersey_number,picture_url
Nando De Colo,Nando,,De Colo,Nando De Colo,1987-06-23,M,G,1.96,91,CSKA Moscow,18-19,1,https://media-cdn.incrowdsports.com/45f31fb5-017d-446c-89a2-26721d2eaaf7.png
Alec Peters,Alec,Jeffrey,Peters,Alec Peters,1995-04-13,M,F,2.06,107,CSKA Moscow,18-19,5,https://media-cdn.incrowdsports.com/435d1065-a3dd-4457-9fb2-ed9e2dd9266d.png
Ivan Ukhov,Ivan,,Ukhov,Ivan Ukhov,1995-09-11,M,G,1.93,89,CSKA Moscow,18-19,7,https://media-cdn.incrowdsports.com/f1586f0c-8252-43f2-bb87-97a6af5e0985.png
Semen Antonov,Semen,,Antonov,Semen Antonov,1989-07-18,M,F,2.02,100,CSKA Moscow,18-19,11,https://media-cdn.incrowdsports.com/97edd9ca-e353-4d4f-9237-329a51a00b47.png
Sergio Rodriguez,Sergio,,Rodriguez,Sergio Rodriguez,1986-06-12,M,G,1.91,83,CSKA Moscow,18-19,13,https://media-cdn.incrowdsports.com/a8e7f1f9-6f9f-49c3-8974-86609e17aaac.png
Andrey Vorontsevich,Andrey,,Vorontsevich,Andrey Vorontsevich,1987-07-17,M,F,2.07,107,CSKA Moscow,18-19,20,https://media-cdn.incrowdsports.com/3e167db2-1a14-4c93-804a-04832421401b.png
Will Clyburn,Will,,Clyburn,Will Clyburn,1990-05-17,M,F,2.01,99,CSKA Moscow,18-19,21,https://media-cdn.incrowdsports.com/5d0c9320-49e6-4bf4-a0fb-bfa37f435a3a.png
Cory Higgins,Cory,,Higgins,Cory Higgins,1989-06-14,M,G,1.95,85,CSKA Moscow,18-19,22,https://media-cdn.incrowdsports.com/ecac74c0-0222-4da1-92eb-7edeb2df66fc.png
Daniel Hackett,Daniel,Lorenzo,Hackett,Daniel Hackett,1987-12-19,M,G,1.96,97,CSKA Moscow,18-19,23,https://media-cdn.incrowdsports.com/917a1adc-60fd-4443-810e-199f45c92317.png
Nikita Kurbanov,Nikita,,Kurbanov,Nikita Kurbanov,1986-10-05,M,F,2.02,97,CSKA Moscow,18-19,41,https://media-cdn.incrowdsports.com/84e52e29-89f6-484e-b7d6-746760734f0f.png
Kyle Hines,Kyle,Tyrrell,Hines,Kyle Hines,1986-09-02,M,C,1.98,109,CSKA Moscow,18-19,42,https://media-cdn.incrowdsports.com/972413e1-937a-415c-b752-f9c4b8ad6ab4.png
Othello Hunter,Othello,Tegba,Hunter,Othello Hunter,1986-05-28,M,C,2.03,102,CSKA Moscow,18-19,44,https://media-cdn.incrowdsports.com/cc6e6e2b-88fc-498c-9f67-5cee371c4adf.png
Kevin Seraphin,Kevin,Eddy Ambroise,Seraphin,Kevin Seraphin,1989-12-07,M,C,2.08,130,FC Barcelona Lassa,18-19,1,https://media-cdn.incrowdsports.com/be58dd63-bf1f-4fdd-97ef-6b95aef235fd.png
Kevin Pangos,Kevin,Joseph,Pangos,Kevin Pangos,1993-01-26,M,G,1.86,84,FC Barcelona Lassa,18-19,3,https://media-cdn.incrowdsports.com/928bf5c7-d384-4c50-9576-32f774926548.png
Pau Ribas,Pau,,Ribas,Pau Ribas,1987-03-02,M,G,1.94,83,FC Barcelona Lassa,18-19,5,https://media-cdn.incrowdsports.com/3b12578c-d151-4e57-8dec-6aeceee2f828.png
Chris Singleton,Chris,,Singleton,Chris Singleton,1989-11-21,M,F,2.06,105,FC Barcelona Lassa,18-19,6,https://media-cdn.incrowdsports.com/8e626f92-93eb-48c0-b702-62b2e37ed7c5.png
Jaka Blazic,Jaka,,Blazic,Jaka Blazic,1990-06-30,M,F,1.96,91,FC Barcelona Lassa,18-19,9,https://media-cdn.incrowdsports.com/93ed6044-6190-4550-83d0-7a79f570f24e.png
Rolands Smits,Rolands,,Smits,Rolands Smits,1995-06-25,M,F,2.08,107,FC Barcelona Lassa,18-19,10,https://media-cdn.incrowdsports.com/dd891d08-83da-444b-b008-e32946b1a399.png
Thomas Heurtel,Thomas,David,Heurtel,Thomas Heurtel,1989-04-10,M,G,1.89,83,FC Barcelona Lassa,18-19,13,https://media-cdn.incrowdsports.com/374e6ad1-a479-45aa-90f7-51f3dc3cb7e2.png
Artem Pustovyi,Artem,,Pustovyi,Artem Pustovyi,1992-06-25,M,C,2.18,115,FC Barcelona Lassa,18-19,14,
Pierre Oriola,Pierre,David,Oriola,Pierre Oriola,1992-09-25,M,C,2.08,104,FC Barcelona Lassa,18-19,18,https://media-cdn.incrowdsports.com/96365a99-acfc-47c7-93a2-b8790b6758d2.png
Kyle Kuric,Kyle,Mathew,Kuric,Kyle Kuric,1989-08-25,M,F,1.93,85,FC Barcelona Lassa,18-19,24,https://media-cdn.incrowdsports.com/50d25560-3701-46bd-8f87-be0dffbbe962.png
Victor Claver,Victor,,Claver,Victor Claver,1988-08-30,M,F,2.08,106,FC Barcelona Lassa,18-19,30,https://media-cdn.incrowdsports.com/6057187a-605c-4d1a-8040-d86dd5924758.png
Ante Tomic,Ante,,Tomic,Ante Tomic,1987-02-17,M,C,2.17,111,FC Barcelona Lassa,18-19,44,https://media-cdn.incrowdsports.com/b4218314-84eb-409f-a235-71d9f08e3617.png
Deshaun Thomas,Deshaun,Leroy,Thomas,Deshaun Thomas,1991-08-29,M,F,2.01,104,Panathinaikos OPAP Athens,18-19,0,https://media-cdn.incrowdsports.com/7ac458e9-fae8-49ad-b31d-a4e1ab696365.png
Keith Langford,Keith,Andre,Langford,Keith Langford,1983-09-15,M,G,1.93,95,Panathinaikos OPAP Athens,18-19,5,https://media-cdn.incrowdsports.com/ebe40754-1ff7-43cc-ac39-d63e63c08534.png
Stephane Lasme,Stephane,Yann Ulrich,Lasme,Stephane Lasme,1982-12-17,M,C,2.03,96,Panathinaikos OPAP Athens,18-19,7,https://media-cdn.incrowdsports.com/e46db085-c3c3-4620-a5fa-ff69913a758d.png
Ioannis Papapetrou,Ioannis,,Papapetrou,Ioannis Papapetrou,1994-03-30,M,F,2.06,106,Panathinaikos OPAP Athens,18-19,10,https://media-cdn.incrowdsports.com/758e8658-07d3-4789-b721-cc384e1e6d93.png
Nikos Pappas,Nikos,,Pappas,Nikos Pappas,1990-07-11,M,G,1.96,94,Panathinaikos OPAP Athens,18-19,11,
James Gist,James,Clough,Gist,James Gist,1986-10-26,M,F,2.04,108,Panathinaikos OPAP Athens,18-19,14,https://media-cdn.incrowdsports.com/b405c2a7-1706-41fe-9be9-fcffc77bfd6b.png
Ian Vougioukas,Ian,Tzaiims,Vougioukas,Ian Vougioukas,1985-05-31,M,C,2.11,127,Panathinaikos OPAP Athens,18-19,15,https://media-cdn.incrowdsports.com/02477ed3-f40b-4a0a-9db9-b7c1a368780b.png
Lukas Lekavicius,Lukas,,Lekavicius,Lukas Lekavicius,1994-03-30,M,G,1.8,78,Panathinaikos OPAP Athens,18-19,19,https://media-cdn.incrowdsports.com/b8363f79-3655-46d9-8206-af97b3631583.png
Matt Lojeski,Matt,,Lojeski,Matt Lojeski,1985-07-24,M,F,1.98,92,Panathinaikos OPAP Athens,18-19,24,https://media-cdn.incrowdsports.com/25e09f91-cf57-4c04-a4fb-d5500821934c.png
Nick Calathes,Nick,,Calathes,Nick Calathes,1989-02-07,M,G,1.96,94,Panathinaikos OPAP Athens,18-19,33,https://media-cdn.incrowdsports.com/d84c3fc1-5451-4975-bcd4-b599a42349b1.png
Thanasis Antetokounmpo,Thanasis,,Antetokounmpo,Thanasis Antetokounmpo,1992-07-18,M,F,2.0,96,Panathinaikos OPAP Athens,18-19,43,https://media-cdn.incrowdsports.com/1f97b286-9b4a-48fd-abbd-801abb6d38c5.png
Konstantinos Mitoglou,Konstantinos,,Mitoglou,Konstantinos Mitoglou,1996-06-11,M,F,2.1,113,Panathinaikos OPAP Athens,18-19,44,https://media-cdn.incrowdsports.com/f73c5035-c3d5-4ae4-8d7c-50a3a5acf11d.png
Scottie Wilbekin,Scottie,,Wilbekin,Scottie Wilbekin,1993-04-05,M,G,1.88,80,Maccabi FOX Tel Aviv,18-19,1,https://media-cdn.incrowdsports.com/637152bd-73d4-48f3-9488-9f5ede13784c.png
Johnny O'Bryant,Johnny,Lee,O'Bryant,Johnny O'Bryant,1993-06-01,M,F,2.04,117,Maccabi FOX Tel Aviv,18-19,3,https://media-cdn.incrowdsports.com/95cdbf2c-b2f0-49c7-8f0c-b988e3debfd5.png
Angelo Caloiaro,Angelo,Dominik,Caloiaro,Angelo Caloiaro,1989-07-28,M,F,2.03,102,Maccabi FOX Tel Aviv,18-19,4,https://media-cdn.incrowdsports.com/09e52c81-3732-406f-bb3c-7ff76e388636.png
Michael Roll,Michael,Brandon,Roll,Michael Roll,1987-06-12,M,G,1.98,92,Maccabi FOX Tel Aviv,18-19,5,https://media-cdn.incrowdsports.com/73d7a174-5829-475b-8ddc-e81b03b711df.png
Deandre Kane,Deandre,Donte,Kane,Deandre Kane,1989-06-10,M,G,1.96,88,Maccabi FOX Tel Aviv,18-19,7,https://media-cdn.incrowdsports.com/dff6481a-fc2a-4c5a-a4e9-0941cb53b014.png
Deni Avdija,Deni,,Avdija,Deni Avdija,2001-01-03,M,G,2.05,97,Maccabi FOX Tel Aviv,18-19,8,https://media-cdn.incrowdsports.com/9fc99f60-1621-4405-a323-cbc0710183f0.png
Alex Tyus,Alex,,Tyus,Alex Tyus,1988-01-08,M,C,2.04,101,Maccabi FOX Tel Aviv,18-19,9,https://media-cdn.incrowdsports.com/71b0fcd1-f45b-4623-ac4f-5910a44a7d1a.png
John Dibartolomeo,John,Daniel,Dibartolomeo,John Dibartolomeo,1991-06-20,M,G,1.83,90,Maccabi FOX Tel Aviv,18-19,12,https://media-cdn.incrowdsports.com/78b36e3b-1387-4bce-83dd-4f4b6b5aec65.png
Jake Cohen,Jake,,Cohen,Jake Cohen,1990-09-25,M,F,2.1,107,Maccabi FOX Tel Aviv,18-19,15,https://media-cdn.incrowdsports.com/d2fd7644-4b60-4bfb-af26-688cca4caeee.png
Tarik Black,Tarik,Bernard,Black,Tarik Black,1991-11-22,M,C,2.06,119,Maccabi FOX Tel Aviv,18-19,28,https://media-cdn.incrowdsports.com/3068427e-8f0c-4cbd-884e-4f608eb40756.png
Yovel Zoosman,Yovel,,Zoosman,Yovel Zoosman,1998-05-12,M,G,2.0,90,Maccabi FOX Tel Aviv,18-19,50,https://media-cdn.incrowdsports.com/26c74dec-d981-4c79-a4cc-44b861977710.png
Nemanja Dangubic,Nemanja,,Dangubic,Nemanja Dangubic,1993-04-13,M,F,2.04,98,FC Bayern Munich,18-19,1,https://media-cdn.incrowdsports.com/cbbef53f-8e3d-4326-bf0b-818c6014bdb4.png
Braydon Hobbs,Braydon,,Hobbs,Braydon Hobbs,1989-05-17,M,G,1.96,84,FC Bayern Munich,18-19,3,https://media-cdn.incrowdsports.com/49667bcb-09d3-455c-a18e-c34a395e656f.png
Alex King,Alex,Nathanael,King,Alex King,1985-02-20,M,F,2.0,100,FC Bayern Munich,18-19,7,https://media-cdn.incrowdsports.com/6512c9c5-6fc2-4f73-8d71-3bcd26cffa9e.png
Petteri Koponen,Petteri,Johannes,Koponen,Petteri Koponen,1988-04-13,M,G,,,FC Bayern Munich,18-19,8,https://media-cdn.incrowdsports.com/41e55d46-04a8-40e1-8919-629556ddd0f6.png
Leon Radosevic,Leon,,Radosevic,Leon Radosevic,1990-02-26,M,C,2.08,112,FC Bayern Munich,18-19,10,https://media-cdn.incrowdsports.com/db50a376-338a-480e-91c1-661a6f3f88d5.png
Vladimir Lucic,Vladimir,,Lucic,Vladimir Lucic,1989-06-17,M,F,2.04,95,FC Bayern Munich,18-19,11,https://media-cdn.incrowdsports.com/c0f80e76-ac01-4f46-992f-e7e6ad202e22.png
Maodo Lo,Maodo,Sylvester Luis,Lo,Maodo Lo,1992-12-31,M,G,1.91,82,FC Bayern Munich,18-19,12,https://media-cdn.incrowdsports.com/a4578ad4-4865-454d-ad9c-02d1f0b3a98c.png
Nihad Djedovic,Nihad,,Djedovic,Nihad Djedovic,1990-01-12,M,G,1.97,,FC Bayern Munich,18-19,14,https://media-cdn.incrowdsports.com/b70981a9-1fe8-4ef6-9109-f449edf73b9e.png
Robin Amaize,Robin,,Amaize,Robin Amaize,1994-01-31,M,G,1.88,90,FC Bayern Munich,18-19,15,https://media-cdn.incrowdsports.com/a0bd88b1-c779-47c9-a24e-2c56ac3635fe.png
Stefan Jovic,Stefan,,Jovic,Stefan Jovic,1990-11-03,M,G,1.98,95,FC Bayern Munich,18-19,16,https://media-cdn.incrowdsports.com/c719c6f1-641a-4fde-b2e6-3272e84acdf1.png
Danilo Barthel,Danilo,Timon,Barthel,Danilo Barthel,1991-10-24,M,F,2.08,88,FC Bayern Munich,18-19,22,https://media-cdn.incrowdsports.com/8f051d0d-cc4c-4db9-aa06-89ebc5a625cb.png
Devin Booker,Devin,Rydale,Booker,Devin Booker,1991-02-28,M,C,2.05,113,FC Bayern Munich,18-19,31,https://media-cdn.incrowdsports.com/5046da19-14dd-40dd-8601-4f6dc61c2b09.png
Shane Larkin,Shane,,Larkin,Shane Larkin,1992-10-02,M,G,1.82,80,Anadolu Efes Istanbul,18-19,0,
Rodrigue Beaubois,Rodrigue,Gabriel,Beaubois,Rodrigue Beaubois,1988-02-24,M,G,1.9,84,Anadolu Efes Istanbul,18-19,1,https://media-cdn.incrowdsports.com/de88d937-f3ce-4e56-a189-5d19f4c9096d.png
Dogus Balbay,Dogus,,Balbay,Dogus Balbay,1989-01-21,M,G,1.85,78,Anadolu Efes Istanbul,18-19,4,https://media-cdn.incrowdsports.com/32b9c0e5-3f16-4253-916e-9a0ca547d44a.png
Metecan Birsen,Metecan,James,Birsen,Metecan Birsen,1995-04-06,M,F,2.05,89,Anadolu Efes Istanbul,18-19,6,https://media-cdn.incrowdsports.com/6bf2d1e8-86b3-4406-b01f-0961ef508dbd.png
Brock Motum,Brock,William,Motum,Brock Motum,1990-10-16,M,F,2.08,110,Anadolu Efes Istanbul,18-19,12,
Adrien Moerman,Adrien,Rene,Moerman,Adrien Moerman,1988-08-07,M,F,2.02,108,Anadolu Efes Istanbul,18-19,18,https://media-cdn.incrowdsports.com/6cf1d164-6563-430f-bee3-ee56ec17baf5.png
Bugrahan Tuncer,Bugrahan,Ahmet,Tuncer,Bugrahan Tuncer,1993-03-23,M,G,1.93,90,Anadolu Efes Istanbul,18-19,19,https://media-cdn.incrowdsports.com/382c8b78-3832-4160-8ce2-6fad85af4574.png
Tibor Pleiss,Tibor,,Pleiss,Tibor Pleiss,1989-11-02,M,C,2.21,120,Anadolu Efes Istanbul,18-19,21,https://media-cdn.incrowdsports.com/8639e254-e406-4169-8fbf-c0a39208742f.png
Vasilije Micic,Vasilije,,Micic,Vasilije Micic,1994-01-13,M,G,1.96,92,Anadolu Efes Istanbul,18-19,22,https://media-cdn.incrowdsports.com/08625e98-0496-4683-8b2d-903bd96d36c6.png
James Anderson,James,Lee,Anderson,James Anderson,1989-03-25,M,F,1.98,97,Anadolu Efes Istanbul,18-19,23,https://media-cdn.incrowdsports.com/67dc7787-987c-45e9-b37f-2118f1fba463.png
Bryant Dunston,Bryant,Kevin,Dunston,Bryant Dunston,1986-05-28,M,C,2.03,106,Anadolu Efes Istanbul,18-19,42,https://media-cdn.incrowdsports.com/8017a8aa-515c-4f70-b4ab-6a0e8729678d.png
Krunoslav Simon,Krunoslav,,Simon,Krunoslav Simon,1985-06-24,M,G,1.97,89,Anadolu Efes Istanbul,18-19,44,https://media-cdn.incrowdsports.com/e2396999-762f-49f7-9e21-da5888abf518.png
Fabien Causeur,Fabien,,Causeur,Fabien Causeur,1987-06-16,M,F,1.95,86,Real Madrid,18-19,1,https://media-cdn.incrowdsports.com/104e9cff-7b0a-474d-9b92-2b150aea209f.png
Anthony Randolph,Anthony,Erwin,Randolph,Anthony Randolph,1989-07-15,M,F,2.11,104,Real Madrid,18-19,3,https://media-cdn.incrowdsports.com/31bf655a-31da-4f52-8596-cfefd116ddea.png
Rudy Fernandez,Rudy,,Fernandez,Rudy Fernandez,1985-04-04,M,F,1.96,83,Real Madrid,18-19,5,https://media-cdn.incrowdsports.com/5bd32b76-c0ab-47fc-8c46-5512f08c962c.png
Facundo Campazzo,Facundo,,Campazzo,Facundo Campazzo,1991-03-23,M,G,1.81,84,Real Madrid,18-19,7,https://media-cdn.incrowdsports.com/4454f92d-d14f-456e-8873-458782c21b75.png
Felipe Reyes,Felipe,,Reyes,Felipe Reyes,1980-03-16,M,F,2.04,104,Real Madrid,18-19,9,https://media-cdn.incrowdsports.com/a94fc5ae-d539-4f3b-aabb-471fb04d51ea.png
Jaycee Carroll,Jaycee,Don,Carroll,Jaycee Carroll,1983-04-16,M,G,1.88,82,Real Madrid,18-19,20,https://media-cdn.incrowdsports.com/fb762021-40b6-419e-90f6-79f3442f80af.png
Walter Tavares,Walter,Samuel,Tavares,Walter Tavares,1992-03-22,M,C,2.2,125,Real Madrid,18-19,22,https://media-cdn.incrowdsports.com/05615f77-1d93-4104-a355-a838fa09bab3.png
Sergio Llull,Sergio,,Llull,Sergio Llull,1987-11-15,M,G,1.9,94,Real Madrid,18-19,23,https://media-cdn.incrowdsports.com/b13213fc-6cbe-4bcb-9e84-cfca571b37f2.png
Gabriel Deck,Gabriel,Alejandro,Deck,Gabriel Deck,1995-02-08,M,F,1.98,105,Real Madrid,18-19,24,https://media-cdn.incrowdsports.com/ed99404a-a5fd-4f16-bef4-66b94970d9ef.png
Klemen Prepelic,Klemen,,Prepelic,Klemen Prepelic,1992-10-20,M,G,1.91,91,Real Madrid,18-19,25,https://media-cdn.incrowdsports.com/b59e8cde-44e6-448c-8bc8-ff3dfb3c79e3.png
Ognjen Kuzmic,Ognjen,,Kuzmic,Ognjen Kuzmic,1990-05-16,M,C,2.13,121,Real Madrid,18-19,32,https://media-cdn.incrowdsports.com/a8961200-917e-49ed-bf18-56cae328361e.png
Jeffery Taylor,Jeffery,Matthew,Taylor,Jeffery Taylor,1989-05-23,M,F,2.01,102,Real Madrid,18-19,44,https://media-cdn.incrowdsports.com/e7709487-8047-4949-a3a2-b1283554b696.png
Ray McCallum,Ray,Michael,McCallum,Ray McCallum,1991-06-12,M,G,1.91,84.0,Darussafaka Tekfen Istanbul,18-19,2,
Kartal Ozmizrak,Kartal,,Ozmizrak,Kartal Ozmizrak,1995-08-29,M,G,1.88,84,Darussafaka Tekfen Istanbul,18-19,3,https://media-cdn.incrowdsports.com/33a27073-b9e7-4e38-b3e7-3bb001f3c924.png
Emircan Kosut,Emircan,,Kosut,Emircan Kosut,1995-07-03,M,C,2.16,112,Darussafaka Tekfen Istanbul,18-19,9,https://media-cdn.incrowdsports.com/1b1bcf16-4044-416d-97cd-577ffd5f74f4.png
Berk Demir,Berk,,Demir,Berk Demir,1995-05-18,M,F,2.04,96,Darussafaka Tekfen Istanbul,18-19,10,https://media-cdn.incrowdsports.com/df3c05af-58fb-4907-a3cc-4ca86b737cb2.png
Stanton Kidd,Stanton,Justin,Kidd,Stanton Kidd,1992-03-18,M,F,2.0,100,Darussafaka Tekfen Istanbul,18-19,11,https://media-cdn.incrowdsports.com/34c7e688-fbbb-4869-8aa1-05f11ba69f30.png
Dogus Ozdemiroglu,Dogus,,Ozdemiroglu,Dogus Ozdemiroglu,1996-04-17,M,G,1.94,85,Darussafaka Tekfen Istanbul,18-19,18,https://media-cdn.incrowdsports.com/c806492e-9b6f-40e0-9403-b0229e25fae8.png
Oguz Savas,Oguz,,Savas,Oguz Savas,1987-07-13,M,C,2.13,122,Darussafaka Tekfen Istanbul,18-19,21,https://media-cdn.incrowdsports.com/c5ae40d4-4126-4433-a0ba-516fb8be7080.png
Markel Brown,Markel,De Marious,Brown,Markel Brown,1992-01-29,M,G,1.91,84,Darussafaka Tekfen Istanbul,18-19,22,https://media-cdn.incrowdsports.com/61f77588-26e9-4ce2-888e-854859599f5d.png
Zanis Peiners,Zanis,,Peiners,Zanis Peiners,1990-08-02,M,F,2.05,96,Darussafaka Tekfen Istanbul,18-19,31,https://media-cdn.incrowdsports.com/c37c1a59-d851-4bd8-afe4-13346be469b4.png
Jon Diebler,Jon,K,Diebler,Jon Diebler,1988-06-22,M,F,1.98,88,Darussafaka Tekfen Istanbul,18-19,33,https://media-cdn.incrowdsports.com/5c9a373e-3dda-43b7-83a3-188f09c5a4af.png
Jeremy Evans,Jeremy,Deshawn,Evans,Jeremy Evans,1987-10-24,M,F,2.06,93,Darussafaka Tekfen Istanbul,18-19,40,https://media-cdn.incrowdsports.com/339e2581-30f3-4ea4-93a4-62095602a5d8.png
Michael Eric,Michael,Oluwaseun,Eric,Michael Eric,1988-06-24,M,C,2.1,112,Darussafaka Tekfen Istanbul,18-19,50,https://media-cdn.incrowdsports.com/7a800fc6-b845-45dd-98d7-95800937e665.png
Edwin Jackson,Edwin,Pierre,Jackson,Edwin Jackson,1989-09-18,M,G,1.9,92,Buducnost VOLI Pogdorica,18-19,1,https://media-cdn.incrowdsports.com/e245afa4-778c-4977-a142-d8041b9ffdcd.png
Nikola Ivanovic,Nikola,,Ivanovic,Nikola Ivanovic,1994-02-19,M,G,1.91,85,Buducnost VOLI Pogdorica,18-19,2,https://media-cdn.incrowdsports.com/549217cb-d926-43c1-9299-3794f003fccb.png
Suad Sehovic,Suad,,Sehovic,Suad Sehovic,1987-02-19,M,F,1.97,100,Buducnost VOLI Pogdorica,18-19,4,https://media-cdn.incrowdsports.com/7eef2ce4-1a58-4967-a429-332f0222e99b.png
Earl Clark,Earl,Rashod,Clark,Earl Clark,1988-01-17,M,C,2.08,106,Buducnost VOLI Pogdorica,18-19,5,https://media-cdn.incrowdsports.com/285fb921-3434-4b91-a74d-fbef70510175.png
Filip Barovic,Filip,,Barovic,Filip Barovic,1990-07-29,M,C,2.07,119,Buducnost VOLI Pogdorica,18-19,6,https://media-cdn.incrowdsports.com/739f5ef2-1c98-415d-a2f0-7c71367be520.png
Coty Clarke,Coty,Taylor,Clarke,Coty Clarke,1992-07-04,M,F,2.01,102,Buducnost VOLI Pogdorica,18-19,7,https://media-cdn.incrowdsports.com/cbf0dfd6-61de-4900-8307-1e689951e2a6.png
Nemanja Gordic,Nemanja,,Gordic,Nemanja Gordic,1988-09-25,M,G,1.93,94,Buducnost VOLI Pogdorica,18-19,10,https://media-cdn.incrowdsports.com/53307949-45cd-456c-a789-20e907e53362.png
Aaron Craft,Aaron,Vincent,Craft,Aaron Craft,1991-02-12,M,G,1.88,88,Buducnost VOLI Pogdorica,18-19,14,
Zoran Nikolic,Zoran,,Nikolic,Zoran Nikolic,1996-04-01,M,C,2.12,107,Buducnost VOLI Pogdorica,18-19,19,
Alen Omic,Alen,,Omic,Alen Omic,1992-05-06,M,C,2.16,122,Buducnost VOLI Pogdorica,18-19,23,
Petar Popovic,Petar,,Popovic,Petar Popovic,1996-09-13,M,G,1.93,93,Buducnost VOLI Pogdorica,18-19,30,https://media-cdn.incrowdsports.com/7be85e9c-ecb5-4b0a-bc0b-9efe67e0c1b4.png
Danilo Nikolic,Danilo,,Nikolic,Danilo Nikolic,1993-04-08,M,C,2.06,93,Buducnost VOLI Pogdorica,18-19,34,https://media-cdn.incrowdsports.com/e23d03e8-9700-4687-830b-c1b6587216b1.png
Amedeo Della Valle,Amedeo,,Della Valle,Amedeo Della Valle,1993-04-11,M,G,1.93,84,AX Armani Exchange Olimpia Milan,18-19,0,https://media-cdn.incrowdsports.com/daab7103-6367-43b0-b235-c5055856e237.png
Mike James,Mike,,James,Mike James,1990-08-18,M,G,1.85,90,AX Armani Exchange Olimpia Milan,18-19,2,
Vladimir Micov,Vladimir,,Micov,Vladimir Micov,1985-04-16,M,F,2.01,101,AX Armani Exchange Olimpia Milan,18-19,5,https://media-cdn.incrowdsports.com/8a380535-5824-451f-9865-a3c35fe0dfd3.png
Arturas Gudaitis,Arturas,,Gudaitis,Arturas Gudaitis,1993-06-19,M,C,2.13,121,AX Armani Exchange Olimpia Milan,18-19,7,https://media-cdn.incrowdsports.com/d238236b-1711-44ae-9592-255bd0c2b37e.png
Dairis Bertans,Dairis,,Bertans,Dairis Bertans,1989-09-09,M,G,1.92,90,AX Armani Exchange Olimpia Milan,18-19,9,
Kaleb Tarczewski,Kaleb,Erick,Tarczewski,Kaleb Tarczewski,1993-02-26,M,C,2.13,116,AX Armani Exchange Olimpia Milan,18-19,15,
Nemanja Nedovic,Nemanja,,Nedovic,Nemanja Nedovic,1991-06-16,M,G,1.92,89,AX Armani Exchange Olimpia Milan,18-19,16,https://media-cdn.incrowdsports.com/2c4733ae-2dfe-434e-b766-17c84e3662b0.png
Mindaugas Kuzminskas,Mindaugas,,Kuzminskas,Mindaugas Kuzminskas,1989-10-19,M,F,2.05,103,AX Armani Exchange Olimpia Milan,18-19,19,
Andrea Cinciarini,Andrea,,Cinciarini,Andrea Cinciarini,1986-06-21,M,G,1.93,87,AX Armani Exchange Olimpia Milan,18-19,20,https://media-cdn.incrowdsports.com/d99c26ad-1ff2-4cb1-b214-46df24cd4763.png
Christian Burns,Christian,Charles,Burns,Christian Burns,1985-09-04,M,F,2.03,108,AX Armani Exchange Olimpia Milan,18-19,23,https://media-cdn.incrowdsports.com/a8af0069-82e0-466d-ba17-8b66920f6bd8.png
Jeff Brooks,Jeff,,Brooks,Jeff Brooks,1989-06-12,M,F,2.03,94,AX Armani Exchange Olimpia Milan,18-19,32,https://media-cdn.incrowdsports.com/defd3ea2-8880-43b0-bc22-ddb4702b9171.png
Curtis Jerrells,Curtis,Louis,Jerrells,Curtis Jerrells,1987-02-05,M,G,1.85,91,AX Armani Exchange Olimpia Milan,18-19,55,https://media-cdn.incrowdsports.com/399c3360-69a0-4503-8059-8dd9c6cf1502.png
Alexey Shved,Alexey,,Shved,Alexey Shved,1988-12-16,M,G,1.98,86,Khimki Moscow Region,18-19,1,https://media-cdn.incrowdsports.com/0d878656-3381-4f6c-889e-f32dfcdeef8c.png
Dee Bost,Dee,,Bost,Dee Bost,1989-10-12,M,G,1.88,80,Khimki Moscow Region,18-19,3,https://media-cdn.incrowdsports.com/ad68a2ff-bd4e-4bf3-944f-339994e1b8e1.png
Tony Crocker,Tony,,Crocker,Tony Crocker,1987-01-17,M,F,1.98,98,Khimki Moscow Region,18-19,5,https://media-cdn.incrowdsports.com/3c712c07-52ea-4507-a821-8f71ab2f2c6f.png
Egor Vyaltsev,Egor,,Vyaltsev,Egor Vyaltsev,1985-10-10,M,F,1.93,86.0,Khimki Moscow Region,18-19,6,https://media-cdn.incrowdsports.com/796cce11-59db-4a34-b5fb-e883b45bcb9f.png
Stefan Markovic,Stefan,,Markovic,Stefan Markovic,1988-04-25,M,G,1.98,98,Khimki Moscow Region,18-19,9,https://media-cdn.incrowdsports.com/f122a4fd-7da8-4303-af39-9a7cce981f7b.png
Sergey Monia,Sergey,,Monia,Sergey Monia,1983-04-15,M,F,2.02,107,Khimki Moscow Region,18-19,12,https://media-cdn.incrowdsports.com/9e229222-3c17-4d88-94f4-d4ee19deb2f5.png
Anthony Gill,Anthony,Remeral,Gill,Anthony Gill,1992-10-17,M,F,2.04,100,Khimki Moscow Region,18-19,13,https://media-cdn.incrowdsports.com/63f85085-90fd-4620-8358-eb3dd15303b8.png
Petr Gubanov,Petr,,Gubanov,Petr Gubanov,1987-04-03,M,F,2.07,105,Khimki Moscow Region,18-19,15,https://media-cdn.incrowdsports.com/8fc6759c-4e45-4143-ae30-d77235c460e2.png
Andrey Zubkov,Andrey,,Zubkov,Andrey Zubkov,1991-06-29,M,F,2.06,100,Khimki Moscow Region,18-19,20,https://media-cdn.incrowdsports.com/f73c3650-dd48-40fd-a25f-42d86eec089a.png
Charles Jenkins,Charles,,Jenkins,Charles Jenkins,1989-02-28,M,G,1.91,98,Khimki Moscow Region,18-19,22,https://media-cdn.incrowdsports.com/ee4dfdd0-0388-43f6-9995-3e9102318b17.png
Malcolm Thomas,Malcolm,Iseiah,Thomas,Malcolm Thomas,1988-11-08,M,C,2.06,103,Khimki Moscow Region,18-19,23,https://media-cdn.incrowdsports.com/74b0c331-6430-41b6-8882-b23ede34ddec.png
Jordan Mickey,Jordan,Grayson,Mickey,Jordan Mickey,1994-07-09,M,C,2.03,104,Khimki Moscow Region,18-19,25,https://media-cdn.incrowdsports.com/0022404c-345f-403c-8fcd-868a01aecd1a.png
Nigel Williams Goss,Nigel,Cole,Williams Goss,Nigel Williams Goss,1994-09-16,M,G,1.91,86,Olympiacos Piraeus,18-19,3,https://media-cdn.incrowdsports.com/95da0cdf-ce5a-4c88-8679-2cf364a8b2ef.png
Axel Toupane,Axel,Joseph Jean Jacques,Toupane,Axel Toupane,1992-07-23,M,F,2.01,95,Olympiacos Piraeus,18-19,6,https://media-cdn.incrowdsports.com/52d22682-220c-4395-a302-601b8129107a.png
Vassilis Spanoulis,Vassilis,,Spanoulis,Vassilis Spanoulis,1982-08-07,M,G,,88,Olympiacos Piraeus,18-19,7,https://media-cdn.incrowdsports.com/b7af3fd4-9953-4211-91c9-7d9a81313231.png
Janis Timma,Janis,,Timma,Janis Timma,1992-07-02,M,F,2.01,92,Olympiacos Piraeus,18-19,10,https://media-cdn.incrowdsports.com/962152c1-c67c-44af-a92f-8b27af0b0754.png
Nikola Milutinov,Nikola,,Milutinov,Nikola Milutinov,1994-12-30,M,C,2.13,114,Olympiacos Piraeus,18-19,11,https://media-cdn.incrowdsports.com/29a304e9-34c2-4f76-91f5-aced73009790.png
Janis Strelnieks,Janis,,Strelnieks,Janis Strelnieks,1989-09-01,M,G,1.91,90,Olympiacos Piraeus,18-19,13,https://media-cdn.incrowdsports.com/949de271-5ad5-4f41-b36d-8383d770ac4b.png
Sasha Vezenkov,Sasha,,Vezenkov,Sasha Vezenkov,1995-08-06,M,F,2.06,102,Olympiacos Piraeus,18-19,14,https://media-cdn.incrowdsports.com/d0e9f08f-eaa8-4ea2-ad39-7a658214d41c.png
Georgios Printezis,Georgios,,Printezis,Georgios Printezis,1985-02-22,M,F,2.05,105,Olympiacos Piraeus,18-19,15,https://media-cdn.incrowdsports.com/14c72615-8d82-49a7-b4b9-12696b39685e.png
Kostas Papanikolaou,Kostas,,Papanikolaou,Kostas Papanikolaou,1990-07-31,M,F,2.04,104,Olympiacos Piraeus,18-19,16,https://media-cdn.incrowdsports.com/e3648e83-2c6e-44db-bd7a-34c88031bce9.png
Vangelis Mantzaris,Vangelis,,Mantzaris,Vangelis Mantzaris,1990-04-16,M,G,1.94,86,Olympiacos Piraeus,18-19,17,https://media-cdn.incrowdsports.com/88fe2d94-9e8f-437a-9a2d-7d2affe2c0ec.png
Georgios Bogris,Georgios,,Bogris,Georgios Bogris,1989-02-19,M,C,2.1,118,Olympiacos Piraeus,18-19,31,https://media-cdn.incrowdsports.com/88c8e0ec-d2b0-44ae-95ed-dc5a0f46fb04.png
Zach Leday,Zach,,Leday,Zach Leday,1994-05-30,M,C,2.02,108,Olympiacos Piraeus,18-19,32,https://media-cdn.incrowdsports.com/da22e4fd-c052-4a8d-8108-76260cff2e90.png
Brandon Davies,Brandon,Jameel,Davies,Brandon Davies,1991-07-25,M,C,2.08,106,Zalgiris Kaunas,18-19,0,https://media-cdn.incrowdsports.com/57d8505b-788a-4c88-a276-f907ba059549.png
Nate Wolters,Nate,,Wolters,Nate Wolters,1991-05-15,M,G,1.94,86,Zalgiris Kaunas,18-19,3,https://media-cdn.incrowdsports.com/c1ec5b8f-74ef-4d00-b6c0-1879c94e9639.png
Thomas Walkup,Thomas,Ryan,Walkup,Thomas Walkup,1992-12-30,M,G,1.93,92,Zalgiris Kaunas,18-19,7,https://media-cdn.incrowdsports.com/f025efc4-a64d-4cf6-9162-f206d745dcc1.png
Donatas Sabeckis,Donatas,,Sabeckis,Donatas Sabeckis,1992-12-30,M,G,1.98,95,Zalgiris Kaunas,18-19,8,
Leo Westermann,Leo,Joseph Paul,Westermann,Leo Westermann,1992-07-24,M,G,1.98,90,Zalgiris Kaunas,18-19,9,https://media-cdn.incrowdsports.com/a08cfcc1-d021-41d3-be98-37ca89e0a139.png
Paulius Jankunas,Paulius,,Jankunas,Paulius Jankunas,1984-04-29,M,F,2.05,107,Zalgiris Kaunas,18-19,13,https://media-cdn.incrowdsports.com/f56434a3-5287-4564-9f51-b13ebbaebffc.png
Laurynas Birutis,Laurynas,,Birutis,Laurynas Birutis,1997-08-27,M,C,2.13,111,Zalgiris Kaunas,18-19,17,https://media-cdn.incrowdsports.com/bf61f46d-8217-41c6-a62f-77e6a3a1bdcb.png
Arturas Milaknis,Arturas,,Milaknis,Arturas Milaknis,1986-06-16,M,G,1.95,95,Zalgiris Kaunas,18-19,21,https://media-cdn.incrowdsports.com/c6bdaa1e-fc9f-4c6b-a57d-2fa72cf4b2f9.png
Aaron White,Aaron,Richard,White,Aaron White,1992-09-10,M,F,2.06,99,Zalgiris Kaunas,18-19,30,https://media-cdn.incrowdsports.com/a8d5c1ca-2302-4964-b0a6-233dabffa39d.png
Marius Grigonis,Marius,,Grigonis,Marius Grigonis,1994-04-26,M,G,1.98,93,Zalgiris Kaunas,18-19,40,https://media-cdn.incrowdsports.com/03ae86f0-c1de-43b3-9ddc-9333e2df35cd.png
Edgaras Ulanovas,Edgaras,,Ulanovas,Edgaras Ulanovas,1992-01-07,M,F,1.99,99,Zalgiris Kaunas,18-19,92,https://media-cdn.incrowdsports.com/745ce134-48f6-4ce1-ac8b-419fe9519853.png
Luca Vildoza,Luca,,Vildoza,Luca Vildoza,1995-08-11,M,G,1.91,86,KIROLBET Baskonia Vitoria-Gasteiz,18-19,3,https://media-cdn.incrowdsports.com/632e17cf-7dac-4837-b9ad-3eab1b2f097c.png
Miguel Gonzalez Burgos,Miguel,,Gonzalez Burgos,Miguel Gonzalez Burgos,1999-03-20,M,G,2.01,86,KIROLBET Baskonia Vitoria-Gasteiz,18-19,5,
Johannes Voigtmann,Johannes,,Voigtmann,Johannes Voigtmann,1992-09-30,M,C,2.11,111,KIROLBET Baskonia Vitoria-Gasteiz,18-19,7,
Marcelinho Huertas,Marcelinho,,Huertas,Marcelinho Huertas,1983-05-25,M,G,1.9,84,KIROLBET Baskonia Vitoria-Gasteiz,18-19,9,https://media-cdn.incrowdsports.com/b53125c1-0b97-4387-9878-6bfb0526a093.png
Matt Janning,Matt,,Janning,Matt Janning,1988-06-22,M,G,1.93,90,KIROLBET Baskonia Vitoria-Gasteiz,18-19,11,https://media-cdn.incrowdsports.com/cf8714fc-04f5-465c-9f8f-bb9dcdb1b228.png
Ilimane Diop,Ilimane,,Diop,Ilimane Diop,1995-04-04,M,C,2.11,98,KIROLBET Baskonia Vitoria-Gasteiz,18-19,12,https://media-cdn.incrowdsports.com/79c76fa0-3c5d-4d40-9551-31d40b0c97bd.png
Jayson Granger,Jayson,Antoine,Granger,Jayson Granger,1989-09-15,M,G,1.89,97,KIROLBET Baskonia Vitoria-Gasteiz,18-19,15,https://media-cdn.incrowdsports.com/12f139c0-7ea2-49da-83c9-97eba7100d23.png
Vincent Poirier,Vincent,Yann,Poirier,Vincent Poirier,1993-10-17,M,C,2.13,110,KIROLBET Baskonia Vitoria-Gasteiz,18-19,17,https://media-cdn.incrowdsports.com/49e39a7b-cf8f-483c-ac13-3e128c08aa4a.png
Tornike Shengelia,Tornike,,Shengelia,Tornike Shengelia,1991-10-05,M,C,2.06,103,KIROLBET Baskonia Vitoria-Gasteiz,18-19,23,https://media-cdn.incrowdsports.com/66b74676-85fa-44ad-85cb-4d872c5a64e4.png
Patricio Garino,Patricio,,Garino,Patricio Garino,1993-05-17,M,F,2.01,92,KIROLBET Baskonia Vitoria-Gasteiz,18-19,29,https://media-cdn.incrowdsports.com/761415c8-5530-4070-9c29-2ed83ef5846e.png
Shavon Shields,Shavon,Oday Stokholm,Shields,Shavon Shields,1994-06-05,M,F,2.01,97,KIROLBET Baskonia Vitoria-Gasteiz,18-19,31,https://media-cdn.incrowdsports.com/35c3041a-40c4-44d0-8ac0-6959b4db0651.png
Darrun Hilliard,Darrun,Cordell,Hilliard,Darrun Hilliard,1993-04-13,M,F,1.98,104,KIROLBET Baskonia Vitoria-Gasteiz,18-19,32,https://media-cdn.incrowdsports.com/e33c97c9-3498-4453-9446-591e1d20312d.png
Nicolo Melli,Nicolo,,Melli,Nicolo Melli,1991-01-26,M,F,2.05,112,Fenerbahce Beko Istanbul,18-19,4,https://media-cdn.incrowdsports.com/de355b50-72a0-43dc-be00-e6c7dfd383ce.png
Melih Mahmutoglu,Melih,,Mahmutoglu,Melih Mahmutoglu,1990-05-12,M,G,1.91,95,Fenerbahce Beko Istanbul,18-19,10,https://media-cdn.incrowdsports.com/1c2cea27-ae0e-4cfc-b58c-a29d702790b9.png
Tyler Ennis McIntyre,Tyler,,Ennis McIntyre,Tyler Ennis McIntyre,1994-08-24,M,G,1.88,87,Fenerbahce Beko Istanbul,18-19,11,https://media-cdn.incrowdsports.com/55c8a385-c2a2-485b-8802-77e8887339f0.png
Nikola Kalinic,Nikola,,Kalinic,Nikola Kalinic,1991-11-08,M,F,2.02,102,Fenerbahce Beko Istanbul,18-19,12,https://media-cdn.incrowdsports.com/6d621b22-7285-4395-9bd4-44cd00734b9b.png
Kostas Sloukas,Kostas,,Sloukas,Kostas Sloukas,1990-01-15,M,G,1.9,87,Fenerbahce Beko Istanbul,18-19,16,https://media-cdn.incrowdsports.com/1bc678bb-0f25-4807-9a00-67ac1b13b578.png
Marko Guduric,Marko,,Guduric,Marko Guduric,1995-03-08,M,G,1.96,97,Fenerbahce Beko Istanbul,18-19,23,https://media-cdn.incrowdsports.com/90570909-27a6-460d-9fec-2a996bf7c783.png
Jan Vesely,Jan,,Vesely,Jan Vesely,1990-04-24,M,C,2.13,110,Fenerbahce Beko Istanbul,18-19,24,https://media-cdn.incrowdsports.com/cc726fbb-76ee-4bc7-ae1a-d05c6aceee55.png
Sinan Guler,Sinan,,Guler,Sinan Guler,1983-11-08,M,G,1.92,85,Fenerbahce Beko Istanbul,18-19,32,https://media-cdn.incrowdsports.com/13228a0e-d24b-49d5-8869-38d94ba14339.png
Ali Muhammed,Ali,,Muhammed,Ali Muhammed,1983-04-10,M,G,,,Fenerbahce Beko Istanbul,18-19,35,https://media-cdn.incrowdsports.com/88632f02-ee2a-4048-b1f6-68414484bce1.png
Ahmet Duverioglu,Ahmet,,Duverioglu,Ahmet Duverioglu,1993-03-04,M,C,2.09,115,Fenerbahce Beko Istanbul,18-19,44,https://media-cdn.incrowdsports.com/8fd71466-8715-4b70-a9fd-774a7c2d0e99.png
Luigi Datome,Luigi,,Datome,Luigi Datome,1987-11-27,M,F,2.03,98,Fenerbahce Beko Istanbul,18-19,70,https://media-cdn.incrowdsports.com/455279d9-7acf-463f-a2e9-86304c7be1c4.png
Joffrey Lauvergne,Joffrey,Stephane Morgan,Lauvergne,Joffrey Lauvergne,1991-09-30,M,C,2.11,116,Fenerbahce Beko Istanbul,18-19,77,https://media-cdn.incrowdsports.com/16e9bf05-fd48-400a-9bc4-dff610c33228.png
Albert Oliver,Albert,,Oliver,Albert Oliver,1978-06-04,M,G,1.86,79,Herbalife Gran Canaria,18-19,4,https://media-cdn.incrowdsports.com/60aae510-e536-4af5-8c7e-52158d74c901.png
Clevin Hannah,Clevin,Finley,Hannah,Clevin Hannah,1987-11-15,M,G,1.79,80,Herbalife Gran Canaria,18-19,5,https://media-cdn.incrowdsports.com/59bf5a26-b7ed-4e34-9e9d-db3124f73c2d.png
Marcus Eriksson,Marcus,Per,Eriksson,Marcus Eriksson,1993-12-05,M,F,2.01,103,Herbalife Gran Canaria,18-19,8,https://media-cdn.incrowdsports.com/35eb6793-0a03-465d-bfc6-f454b4635e32.png
Ondrej Balvin,Ondrej,,Balvin,Ondrej Balvin,1992-09-20,M,C,2.17,116,Herbalife Gran Canaria,18-19,12,https://media-cdn.incrowdsports.com/e702a6f1-7ec2-427b-b039-87d29fbb12b2.png
Eulis Baez,Eulis,,Baez,Eulis Baez,1982-03-18,M,C,2.01,103,Herbalife Gran Canaria,18-19,13,https://media-cdn.incrowdsports.com/9ae30005-b487-45a2-9f15-314bbb9d4ae2.png
Anzejs Pasecniks,Anzejs,,Pasecniks,Anzejs Pasecniks,1995-12-20,M,C,2.16,110,Herbalife Gran Canaria,18-19,14,https://media-cdn.incrowdsports.com/f9301ee8-c004-4208-b81a-6dff189124cb.png
Oriol Pauli,Oriol,,Pauli,Oriol Pauli,1994-05-20,M,F,2.01,97,Herbalife Gran Canaria,18-19,21,https://media-cdn.incrowdsports.com/a5fb7741-8f3e-4091-a1fb-439c8ea9ae13.png
Xavier Rabaseda,Xavier,,Rabaseda,Xavier Rabaseda,1989-02-24,M,F,1.98,97,Herbalife Gran Canaria,18-19,22,https://media-cdn.incrowdsports.com/0a997cb7-644a-4042-b708-92a360579710.png
Christopher Evans,Christopher,Mychal,Evans,Christopher Evans,1991-01-29,M,F,2.03,100,Herbalife Gran Canaria,18-19,23,https://media-cdn.incrowdsports.com/82f1ae5b-6c62-404c-8f90-ef29ccb5c6c1.png
Dj Strawberry,Dj,,Strawberry,Dj Strawberry,1985-06-15,M,F,1.96,94,Herbalife Gran Canaria,18-19,24,https://media-cdn.incrowdsports.com/ef5600c8-bd23-419f-9f6a-2ec41f3fa341.png
Lucas Fischer,Lucas,,Fischer,Lucas Fischer,1994-10-29,M,C,2.11,110,Herbalife Gran Canaria,18-19,40,https://media-cdn.incrowdsports.com/515bbe71-0169-47c1-97bd-33e7a822d97a.png
Kim Tillie,Kim,Gerlof Guy,Tillie,Kim Tillie,1988-07-15,M,C,2.1,103,Herbalife Gran Canaria,18-19,41,https://media-cdn.incrowdsports.com/a1fc5f51-bfd3-4ecb-b099-eb0d354391af.png
Muhammed Baygul,Muhammed,Mustafa,Baygul,Muhammed Baygul,1992-06-03,M,G,1.95,94,Darussafaka Tekfen Istanbul,18-19,5,https://media-cdn.incrowdsports.com/73e75818-a623-4ab1-898f-d9e42923df5f.png
Nimrod Levi,Nimrod,,Levi,Nimrod Levi,1995-03-24,M,F,2.08,86,Maccabi FOX Tel Aviv,18-19,10,https://media-cdn.incrowdsports.com/d527c699-387a-42ec-88f8-743385fbd529.png
Derrick Williams,Derrick,Le Ron,Williams,Derrick Williams,1991-05-25,M,F,2.06,109,FC Bayern Munich,18-19,23,https://media-cdn.incrowdsports.com/de10bb51-5d07-45a8-92c7-39a6b9aca5d1.png
Georgios Papagiannis,Georgios,,Papagiannis,Georgios Papagiannis,1997-07-03,M,C,2.2,110,Panathinaikos OPAP Athens,18-19,6,https://media-cdn.incrowdsports.com/94a39da7-a4b4-40e7-913f-1c990eb2313b.png
Sertac Sanli,Sertac,,Sanli,Sertac Sanli,1991-08-05,M,C,2.12,110,Anadolu Efes Istanbul,18-19,15,https://media-cdn.incrowdsports.com/9f2457d2-e9a0-4741-b0ec-9889070763ea.png
Antanas Kavaliauskas,Antanas,,Kavaliauskas,Antanas Kavaliauskas,1984-09-19,M,C,2.08,113,Zalgiris Kaunas,18-19,44,https://media-cdn.incrowdsports.com/0601e164-0493-4ef9-a9c6-18c02a26fda6.png
Baris Hersek,Baris,,Hersek,Baris Hersek,1988-03-26,M,F,2.08,105,Fenerbahce Beko Istanbul,18-19,5,https://media-cdn.incrowdsports.com/67e31332-840e-4d9e-9859-fecc89cb969f.png
Vyacheslav Zaytsev,Vyacheslav,,Zaytsev,Vyacheslav Zaytsev,1989-08-28,M,G,1.9,86,Khimki Moscow Region,18-19,8,https://media-cdn.incrowdsports.com/a6b3240b-87dd-4339-8d78-1d95dd875654.png
Sead Sehovic,Sead,,Sehovic,Sead Sehovic,1989-08-22,M,F,1.96,94,Buducnost VOLI Pogdorica,18-19,8,https://media-cdn.incrowdsports.com/d94cd01f-41d0-4164-bd81-1bf9215b2cb6.png
Luke Fischer,Luke,,Fischer,Luke Fischer,1994-10-29,M,C,2.11,110,Herbalife Gran Canaria,18-19,40,https://media-cdn.incrowdsports.com/515bbe71-0169-47c1-97bd-33e7a822d97a.png
Vassilis Toliopoulos,Vassilis,,Toliopoulos,Vassilis Toliopoulos,1996-06-15,M,G,1.88,80,Olympiacos Piraeus,18-19,4,
Gustavo Ayon,Gustavo,Alfonso,Ayon,Gustavo Ayon,1985-04-01,M,C,2.08,112,Real Madrid,18-19,14,https://media-cdn.incrowdsports.com/78120146-6e01-4b3d-9981-6ca1bd5ec179.png
Ajdin Penava,Ajdin,,Penava,Ajdin Penava,1997-03-11,M,C,2.06,103,KIROLBET Baskonia Vitoria-Gasteiz,18-19,1,https://media-cdn.incrowdsports.com/c611ed91-e53e-47b4-890c-dd3a7543b703.png
Egehan Arna,Egehan,,Arna,Egehan Arna,1997-01-05,M,F,2.03,92,Fenerbahce Beko Istanbul,18-19,18,https://media-cdn.incrowdsports.com/8a3aa5d5-3af3-4a15-9490-1139e25d746e.png
Marvin Ogunsipe,Marvin,,Ogunsipe,Marvin Ogunsipe,1996-02-26,M,F,2.04,97,FC Bayern Munich,18-19,26,https://media-cdn.incrowdsports.com/c2ebd2b9-325d-4436-8c60-45b8aef4e9db.png
Simone Fontecchio,Simone,,Fontecchio,Simone Fontecchio,1995-12-09,M,G,2.03,96,AX Armani Exchange Olimpia Milan,18-19,13,https://media-cdn.incrowdsports.com/199e84d4-c902-4a5f-a551-e198dfd8292a.png
Aleksa Ilic,Aleksa,,Ilic,Aleksa Ilic,1996-09-17,M,F,2.04,93,Buducnost VOLI Pogdorica,18-19,13,https://media-cdn.incrowdsports.com/a9a7d091-7a23-4e26-a0ab-6603c8d59029.png
Kendrick Ray,Kendrick,John,Ray,Kendrick Ray,1994-01-26,M,G,1.88,82,Maccabi FOX Tel Aviv,18-19,0,
Derrick Walton,Derrick,Andre,Walton,Derrick Walton,1995-04-03,M,G,1.85,86,Zalgiris Kaunas,18-19,1,
Mikhail Kulagin,Mikhail,,Kulagin,Mikhail Kulagin,1994-08-04,M,G,1.91,93,CSKA Moscow,18-19,30,https://media-cdn.incrowdsports.com/e91067b1-dfa5-4521-b1ac-86ad84ea9c36.png
Erick Green,Erick,Obrien,Green,Erick Green,1991-05-09,M,G,1.9,83,Fenerbahce Beko Istanbul,18-19,1,
Adam Hanga,Adam,,Hanga,Adam Hanga,1989-04-12,M,F,2.0,94,FC Barcelona Lassa,18-19,8,https://media-cdn.incrowdsports.com/702099f1-d26b-4b33-913e-96fddb86c630.png
Ramon Sessions,Ramon,Darell,Sessions,Ramon Sessions,1986-04-11,M,G,1.91,86,Maccabi FOX Tel Aviv,18-19,11,
Aleksander Balcerowski,Aleksander,,Balcerowski,Aleksander Balcerowski,2000-11-19,M,C,2.15,105,Herbalife Gran Canaria,18-19,2,
Milic Starovlah,Milic,,Starovlah,Milic Starovlah,1998-01-28,M,F,1.97,96,Buducnost VOLI Pogdorica,18-19,9,https://media-cdn.incrowdsports.com/6794299d-6610-4762-ba70-c4d723c6f7c7.png
Timofey Yakushin,Timofey,,Yakushin,Timofey Yakushin,1997-01-16,M,G,1.94,94,Khimki Moscow Region,18-19,16,https://media-cdn.incrowdsports.com/4af8ba63-6373-4f57-ae2d-87b962ac3604.png
Trey Thompkins,Trey,,Thompkins,Trey Thompkins,1990-05-29,M,F,2.08,108,Real Madrid,18-19,33,https://media-cdn.incrowdsports.com/a23abe35-43a5-4cb8-a9c0-46b69908ac9d.png
Nikola Radicevic,Nikola,,Radicevic,Nikola Radicevic,1994-04-25,M,G,1.94,91,Herbalife Gran Canaria,18-19,31,
Joel Bolomboy,Joel,,Bolomboy,Joel Bolomboy,1994-01-28,M,F,2.04,103,CSKA Moscow,18-19,3,https://media-cdn.incrowdsports.com/25b99d1d-01ce-4219-89cd-6d660aafcf74.png
Rokas Jokubaitis,Rokas,,Jokubaitis,Rokas Jokubaitis,2000-11-19,M,G,1.93,88,Zalgiris Kaunas,18-19,31,https://media-cdn.incrowdsports.com/259c64d7-6d53-4147-ab90-92bc9856a3d6.png
Santi Yusta,Santi,,Yusta,Santi Yusta,1997-04-28,M,F,2.0,87,Real Madrid,18-19,16,https://media-cdn.incrowdsports.com/831f4c5f-e2f1-4654-bf3d-a70bc1fdaec2.png
Mert Akay,Mert,,Akay,Mert Akay,2000-07-12,M,G,1.96,85,Darussafaka Tekfen Istanbul,18-19,4,https://media-cdn.incrowdsports.com/de6de26f-0b1f-4752-8dd9-acc0f7bbd6e3.png
Andrei Lopatin,Andrei,,Lopatin,Andrei Lopatin,1998-08-27,M,F,2.08,99,CSKA Moscow,18-19,28,https://media-cdn.incrowdsports.com/79ee0ad6-5a77-4f47-8056-eb9583b34254.png
Garlon Green,Garlon,Everett,Green,Garlon Green,1991-01-11,M,G,2.01,98,Khimki Moscow Region,18-19,7,
Ergi Tirpanci,Ergi,Efe,Tirpanci,Ergi Tirpanci,2000-01-01,M,G,2.0,90,Fenerbahce Beko Istanbul,18-19,3,
Toney Douglas,Toney,Bernard,Douglas,Toney Douglas,1986-03-16,M,G,1.88,84,Darussafaka Tekfen Istanbul,18-19,23,
Georgios Kalaitzakis,Georgios,,Kalaitzakis,Georgios Kalaitzakis,1999-01-02,M,G,2.01,92,Panathinaikos OPAP Athens,18-19,16,
Erikas Venskus,Erikas,,Venskus,Erikas Venskus,2000-05-28,M,C,2.05,100,Zalgiris Kaunas,18-19,12,
Siim Sander Vene,Siim Sander,,Vene,Siim Sander Vene,1990-11-12,M,F,2.02,100,Herbalife Gran Canaria,18-19,9,
Nelson Weidemann,Nelson,,Weidemann,Nelson Weidemann,1999-03-25,M,G,1.9,80,FC Bayern Munich,18-19,2,
Norris Cole,Norris,Gene,Cole,Norris Cole,1988-10-13,M,G,1.88,79,Buducnost VOLI Pogdorica,18-19,3,
Goga Bitadze,Goga,,Bitadze,Goga Bitadze,1999-07-20,M,C,2.12,113,Buducnost VOLI Pogdorica,18-19,11,
James Bell,James,Tahj,Bell,James Bell,1992-01-07,M,F,1.96,100,Buducnost VOLI Pogdorica,18-19,31,
Lukas Uleckas,Lukas,,Uleckas,Lukas Uleckas,1999-08-06,M,G,1.99,90,Zalgiris Kaunas,18-19,10,https://media-cdn.incrowdsports.com/f5866497-6c92-475b-9e47-bd78ead35ebb.png
Alen Omic,Alen,,Omic,Alen Omic,1992-05-06,M,C,2.16,122,AX Armani Exchange Olimpia Milan,18-19,92,
Josh Magette,Josh,,Magette,Josh Magette,1989-11-28,M,G,1.85,73,Herbalife Gran Canaria,18-19,7,
Arturs Kurucs,Arturs,,Kurucs,Arturs Kurucs,2000-01-19,M,G,1.9,90,KIROLBET Baskonia Vitoria-Gasteiz,18-19,47,
Dimitris Agravanis,Dimitris,,Agravanis,Dimitris Agravanis,1994-12-20,M,F,2.08,106,Olympiacos Piraeus,18-19,21,https://media-cdn.incrowdsports.com/17508e4d-1609-4597-bcdf-be49e599a297.png
Deon Thompson,Deon,Marshall,Thompson,Deon Thompson,1988-09-16,M,F,2.04,111,Zalgiris Kaunas,18-19,2,
Sander Raieste,Sander,,Raieste,Sander Raieste,1999-03-31,M,F,2.04,95,KIROLBET Baskonia Vitoria-Gasteiz,18-19,20,
Jeremy Pargo,Jeremy,Raymon,Pargo,Jeremy Pargo,1986-03-17,M,G,1.88,99,Maccabi FOX Tel Aviv,18-19,2,https://media-cdn.incrowdsports.com/9e0daced-e5f3-46b4-990a-582c87a6721d.png
Sean Kilpatrick,Sean,Redell,Kilpatrick,Sean Kilpatrick,1990-01-06,M,G,1.93,96,Panathinaikos OPAP Athens,18-19,23,
Adreian Payne,Adreian,De Angleo,Payne,Adreian Payne,1991-02-19,M,C,2.08,108,Panathinaikos OPAP Athens,18-19,3,
Jalen Jones,Jalen,Leonard,Jones,Jalen Jones,1993-05-27,M,F,2.01,100,KIROLBET Baskonia Vitoria-Gasteiz,18-19,21,
Evangelos Sakellariou,Evangelos,,Sakellariou,Evangelos Sakellariou,1989-08-04,M,G,1.91,95,Panathinaikos OPAP Athens,18-19,9,https://media-cdn.incrowdsports.com/05f78d77-8ce1-45cf-9f1b-e279b59a3441.png
James Nunnally,James,William,Nunnally,James Nunnally,1990-07-14,M,F,2.01,93,AX Armani Exchange Olimpia Milan,18-19,21,
Tarik Biberovic,Tarik,,Biberovic,Tarik Biberovic,2001-01-28,M,F,2.01,91,Fenerbahce Beko Istanbul,18-19,13,
Alexander Khomenko,Alexander,,Khomenko,Alexander Khomenko,1999-01-25,M,G,1.92,91,CSKA Moscow,18-19,4,
Jovan Kljajic,Jovan,,Kljajic,Jovan Kljajic,2001-09-11,M,G,1.97,94,Herbalife Gran Canaria,18-19,32,
Yigitcan Saybir,Yigitcan,,Saybir,Yigitcan Saybir,1999-02-27,M,F,2.03,102,Anadolu Efes Istanbul,18-19,3,https://media-cdn.incrowdsports.com/e1d98e70-2ea1-4870-8290-c227ed505462.png
Briante Weber,Briante,Alexander,Weber,Briante Weber,1992-12-29,M,G,1.88,75,Olympiacos Piraeus,18-19,2,
Tadas Sedekerskis,Tadas,,Sedekerskis,Tadas Sedekerskis,1998-01-17,M,F,2.0,98,KIROLBET Baskonia Vitoria-Gasteiz,18-19,8,https://media-cdn.incrowdsports.com/c8a4a878-af00-4476-a566-67064279d979.png
Devin Williams,Devin,Javar,Williams,Devin Williams,1994-05-31,M,C,2.06,116,Buducnost VOLI Pogdorica,18-19,41,
Fedor Zugic,Fedor,,Zugic,Fedor Zugic,2003-09-18,M,G,1.98,85,Buducnost VOLI Pogdorica,18-19,44,
Dmitrii Kadoshnikov,Dmitrii,,Kadoshnikov,Dmitrii Kadoshnikov,2001-02-14,M,F,2.02,100,Khimki Moscow Region,18-19,35,
Jacob Wiley,Jacob,Daniel,Wiley,Jacob Wiley,1994-09-04,M,F,2.02,98,Herbalife Gran Canaria,18-19,0,
Cory Jefferson,Cory,Allen,Jefferson,Cory Jefferson,1990-12-26,M,C,2.06,101,Herbalife Gran Canaria,18-19,34,
Andrew Harrison,Andrew,Michael,Harrison,Andrew Harrison,1994-10-28,M,G,1.98,97,Khimki Moscow Region,18-19,11,
Aleksej Pokusevski,Aleksej,,Pokusevski,Aleksej Pokusevski,2001-12-26,M,G,2.14,92,Olympiacos Piraeus,18-19,20,
Melwin Pantzar,Melwin,Jan Patrick,Pantzar,Melwin Pantzar,2000-04-10,M,G,1.9,91,Real Madrid,18-19,19,https://media-cdn.incrowdsports.com/44c58c18-b764-4b4b-bb6d-7b1f40a11e84.png
Khalifa Diop,Khalifa,Ababacar,Diop,Khalifa Diop,2002-01-15,M,C,2.08,108,Herbalife Gran Canaria,18-19,18,
