team_id,franchise_id,season_id,conference,type,name,abbreviation,logo_url,color
CSKA Moscow,PBC CSKA Moscow,18-19,,M,CSKA Moscow,CSK,https://media-cdn.incrowdsports.com/b6a59212-7feb-4f8c-86c2-5e8f07625e3e.png,
FC Barcelona Lassa,FC Barcelona Bàsquet,18-19,,M,FC Barcelona Lassa,FCB,https://media-cdn.incrowdsports.com/35dfa503-e417-481f-963a-bdf6f013763e.png,#023485
Panathinaikos OPAP Athens,Panathinaikos B.C.,18-19,,M,Panathinaikos OPAP Athens,PAO,https://media-cdn.incrowdsports.com/696724ea-a92f-456e-8572-aca4ce0ff025.png,#007135
Maccabi FOX Tel Aviv,Maccabi Tel Aviv B.C.,18-19,,M,Maccabi FOX Tel Aviv,MTA,https://media-cdn.incrowdsports.com/5c55ef14-29df-4328-bd52-a7a64c432350.png,#FFF100
FC Bayern Munich,FC Bayern Munich (basketball),18-19,,M,FC Bayern Munich,BAY,https://media-cdn.incrowdsports.com/817b0e58-d595-4b09-ab0b-1e7cc26249ff.png,#E11837
Anadolu Efes Istanbul,Anadolu Efes S.K.,18-19,,M,Anadolu Efes Istanbul,EFS,https://media-cdn.incrowdsports.com/8ea8cec7-d8f7-45f4-a956-d976b5867610.png,#002D74
Real Madrid,Real Madrid Baloncesto,18-19,,M,Real Madrid,RMB,https://media-cdn.incrowdsports.com/1a3e1404-4f6f-4ede-9d8b-30eee7cb51b4.png,#004996
Darussafaka Tekfen Istanbul,Darüşşafaka Basketbol,18-19,,M,Darussafaka Tekfen Istanbul,DTI,https://media-cdn.incrowdsports.com/9ceb124a-7ee1-4db5-8d8c-7d485980b989.png,
Buducnost VOLI Pogdorica,KK Budućnost,18-19,,M,Buducnost VOLI Pogdorica,BUD,https://media-cdn.incrowdsports.com/47161285-94b3-4266-9d23-b722e8600945.png,
AX Armani Exchange Olimpia Milan,Olimpia Milano,18-19,,M,AX Armani Exchange Olimpia Milan,AXM,https://media-cdn.incrowdsports.com/8154f184-c61a-4e7f-b14d-9d802e35cb95.png,#E1261D
Khimki Moscow Region,BC Khimki,18-19,,M,Khimki Moscow Region,KHI,https://media-cdn.incrowdsports.com/04bd9ac1-e8ed-4b35-8878-272596e5c7d6.png,
Olympiacos Piraeus,Olympiacos B.C.,18-19,,M,Olympiacos Piraeus,OLY,https://media-cdn.incrowdsports.com/789423ac-3cdf-4b89-b11c-b458aa5f59a6.png,#D1061F
Zalgiris Kaunas,BC Žalgiris,18-19,,M,Zalgiris Kaunas,ZAL,https://media-cdn.incrowdsports.com/1f04fd8a-1fd4-43f9-b507-06c09a1a3a5d.png,#0C6F3E
KIROLBET Baskonia Vitoria-Gasteiz,Saski Baskonia,18-19,,M,KIROLBET Baskonia Vitoria-Gasteiz,KBA,https://media-cdn.incrowdsports.com/e324a6af-2a72-443e-9813-8bf2d364ddab.png,#0A2240
Fenerbahce Beko Istanbul,Fenerbahçe S.K. (basketball),18-19,,M,Fenerbahce Beko Istanbul,FNB,https://media-cdn.incrowdsports.com/0233ebbb-f3a2-49ea-837c-7fd3e661e672.png,#FFED00
Herbalife Gran Canaria,CB Gran Canaria,18-19,,M,Herbalife Gran Canaria,HGC,https://media-cdn.incrowdsports.com/a074edc1-e180-4515-a876-447884b570b1.png,
