season_id,edition_id,game_id,website_id,date,type,phase,round,status,home_team_id,away_team_id,home_score,away_score,number_of_overtimes
19-20,19-20 EL,2019-10-03:Khimki Moscow Region-Maccabi FOX Tel Aviv,E2019:1,2019-10-03 19:00:00,RS,RS,1,played,Khimki Moscow Region,Maccabi FOX Tel Aviv,89,83,0
19-20,19-20 EL,2019-10-03:Panathinaikos OPAP Athens-Crvena Zvezda mts Belgrade,E2019:8,2019-10-03 20:00:00,RS,RS,1,played,Panathinaikos OPAP Athens,Crvena Zvezda mts Belgrade,87,82,0
19-20,19-20 EL,2019-10-03:FC Bayern Munich-AX Armani Exchange Milan,E2019:2,2019-10-03 20:30:00,RS,RS,1,played,FC Bayern Munich,AX Armani Exchange Milan,78,64,0
19-20,19-20 EL,2019-10-03:Real Madrid-Fenerbahce Beko Istanbul,E2019:4,2019-10-03 21:00:00,RS,RS,1,played,Real Madrid,Fenerbahce Beko Istanbul,81,77,0
19-20,19-20 EL,2019-10-04:Zalgiris Kaunas-KIROLBET Baskonia Vitoria-Gasteiz,E2019:5,2019-10-04 19:00:00,RS,RS,1,played,Zalgiris Kaunas,KIROLBET Baskonia Vitoria-Gasteiz,58,70,0
19-20,19-20 EL,2019-10-04:Anadolu Efes Istanbul-FC Barcelona,E2019:6,2019-10-04 19:30:00,RS,RS,1,played,Anadolu Efes Istanbul,FC Barcelona,64,74,0
19-20,19-20 EL,2019-10-04:ALBA Berlin-Zenit St Petersburg,E2019:7,2019-10-04 20:00:00,RS,RS,1,played,ALBA Berlin,Zenit St Petersburg,85,65,0
19-20,19-20 EL,2019-10-04:LDLC ASVEL Villeurbanne-Olympiacos Piraeus,E2019:3,2019-10-04 20:45:00,RS,RS,1,played,LDLC ASVEL Villeurbanne,Olympiacos Piraeus,82,63,0
19-20,19-20 EL,2019-10-04:Valencia Basket-CSKA Moscow,E2019:9,2019-10-04 21:00:00,RS,RS,1,played,Valencia Basket,CSKA Moscow,71,96,0
19-20,19-20 EL,2019-10-10:Crvena Zvezda mts Belgrade-Fenerbahce Beko Istanbul,E2019:10,2019-10-10 19:00:00,RS,RS,2,played,Crvena Zvezda mts Belgrade,Fenerbahce Beko Istanbul,68,56,0
19-20,19-20 EL,2019-10-10:CSKA Moscow-FC Bayern Munich,E2019:11,2019-10-10 19:00:00,RS,RS,2,played,CSKA Moscow,FC Bayern Munich,79,68,0
19-20,19-20 EL,2019-10-10:LDLC ASVEL Villeurbanne-Panathinaikos OPAP Athens,E2019:13,2019-10-10 20:45:00,RS,RS,2,played,LDLC ASVEL Villeurbanne,Panathinaikos OPAP Athens,79,78,0
19-20,19-20 EL,2019-10-10:Real Madrid-Maccabi FOX Tel Aviv,E2019:14,2019-10-10 21:00:00,RS,RS,2,played,Real Madrid,Maccabi FOX Tel Aviv,86,85,0
19-20,19-20 EL,2019-10-11:Zenit St Petersburg-FC Barcelona,E2019:12,2019-10-11 19:00:00,RS,RS,2,played,Zenit St Petersburg,FC Barcelona,63,87,0
19-20,19-20 EL,2019-10-11:Khimki Moscow Region-KIROLBET Baskonia Vitoria-Gasteiz,E2019:15,2019-10-11 19:00:00,RS,RS,2,played,Khimki Moscow Region,KIROLBET Baskonia Vitoria-Gasteiz,79,76,0
19-20,19-20 EL,2019-10-11:Anadolu Efes Istanbul-ALBA Berlin,E2019:16,2019-10-11 19:30:00,RS,RS,2,played,Anadolu Efes Istanbul,ALBA Berlin,106,105,1
19-20,19-20 EL,2019-10-11:Olympiacos Piraeus-Valencia Basket,E2019:17,2019-10-11 20:30:00,RS,RS,2,played,Olympiacos Piraeus,Valencia Basket,89,63,0
19-20,19-20 EL,2019-10-11:AX Armani Exchange Milan-Zalgiris Kaunas,E2019:18,2019-10-11 20:45:00,RS,RS,2,played,AX Armani Exchange Milan,Zalgiris Kaunas,85,81,0
19-20,19-20 EL,2019-10-17:CSKA Moscow-Khimki Moscow Region,E2019:19,2019-10-17 19:00:00,RS,RS,3,played,CSKA Moscow,Khimki Moscow Region,99,86,0
19-20,19-20 EL,2019-10-17:Zalgiris Kaunas-Real Madrid,E2019:20,2019-10-17 19:00:00,RS,RS,3,played,Zalgiris Kaunas,Real Madrid,86,73,0
19-20,19-20 EL,2019-10-17:Fenerbahce Beko Istanbul-KIROLBET Baskonia Vitoria-Gasteiz,E2019:21,2019-10-17 19:45:00,RS,RS,3,played,Fenerbahce Beko Istanbul,KIROLBET Baskonia Vitoria-Gasteiz,87,80,0
19-20,19-20 EL,2019-10-17:Maccabi FOX Tel Aviv-Crvena Zvezda mts Belgrade,E2019:22,2019-10-17 20:15:00,RS,RS,3,played,Maccabi FOX Tel Aviv,Crvena Zvezda mts Belgrade,84,69,1
19-20,19-20 EL,2019-10-17:Panathinaikos OPAP Athens-AX Armani Exchange Milan,E2019:24,2019-10-17 20:30:00,RS,RS,3,played,Panathinaikos OPAP Athens,AX Armani Exchange Milan,78,79,0
19-20,19-20 EL,2019-10-17:FC Bayern Munich-LDLC ASVEL Villeurbanne,E2019:23,2019-10-17 20:30:00,RS,RS,3,played,FC Bayern Munich,LDLC ASVEL Villeurbanne,104,63,0
19-20,19-20 EL,2019-10-18:Olympiacos Piraeus-Zenit St Petersburg,E2019:25,2019-10-18 20:30:00,RS,RS,3,played,Olympiacos Piraeus,Zenit St Petersburg,68,77,1
19-20,19-20 EL,2019-10-18:FC Barcelona-ALBA Berlin,E2019:26,2019-10-18 21:00:00,RS,RS,3,played,FC Barcelona,ALBA Berlin,103,84,0
19-20,19-20 EL,2019-10-18:Valencia Basket-Anadolu Efes Istanbul,E2019:27,2019-10-18 21:00:00,RS,RS,3,played,Valencia Basket,Anadolu Efes Istanbul,78,83,0
19-20,19-20 EL,2019-10-24:Zenit St Petersburg-Panathinaikos OPAP Athens,E2019:28,2019-10-24 19:00:00,RS,RS,4,played,Zenit St Petersburg,Panathinaikos OPAP Athens,79,89,0
19-20,19-20 EL,2019-10-24:Anadolu Efes Istanbul-Real Madrid,E2019:29,2019-10-24 19:15:00,RS,RS,4,played,Anadolu Efes Istanbul,Real Madrid,76,60,0
19-20,19-20 EL,2019-10-24:Maccabi FOX Tel Aviv-Valencia Basket,E2019:30,2019-10-24 20:05:00,RS,RS,4,played,Maccabi FOX Tel Aviv,Valencia Basket,76,63,0
19-20,19-20 EL,2019-10-24:FC Bayern Munich-Khimki Moscow Region,E2019:31,2019-10-24 20:30:00,RS,RS,4,played,FC Bayern Munich,Khimki Moscow Region,74,87,0
19-20,19-20 EL,2019-10-24:Crvena Zvezda mts Belgrade-FC Barcelona,E2019:32,2019-10-24 21:00:00,RS,RS,4,played,Crvena Zvezda mts Belgrade,FC Barcelona,65,73,0
19-20,19-20 EL,2019-10-25:Zalgiris Kaunas-LDLC ASVEL Villeurbanne,E2019:33,2019-10-25 19:00:00,RS,RS,4,played,Zalgiris Kaunas,LDLC ASVEL Villeurbanne,70,56,0
19-20,19-20 EL,2019-10-25:ALBA Berlin-CSKA Moscow,E2019:34,2019-10-25 20:00:00,RS,RS,4,played,ALBA Berlin,CSKA Moscow,66,82,0
19-20,19-20 EL,2019-10-25:AX Armani Exchange Milan-Fenerbahce Beko Istanbul,E2019:35,2019-10-25 20:45:00,RS,RS,4,played,AX Armani Exchange Milan,Fenerbahce Beko Istanbul,87,74,0
19-20,19-20 EL,2019-10-25:KIROLBET Baskonia Vitoria-Gasteiz-Olympiacos Piraeus,E2019:36,2019-10-25 21:00:00,RS,RS,4,played,KIROLBET Baskonia Vitoria-Gasteiz,Olympiacos Piraeus,82,66,0
19-20,19-20 EL,2019-10-29:Khimki Moscow Region-Panathinaikos OPAP Athens,E2019:37,2019-10-29 18:00:00,RS,RS,5,played,Khimki Moscow Region,Panathinaikos OPAP Athens,103,86,0
19-20,19-20 EL,2019-10-29:Anadolu Efes Istanbul-Crvena Zvezda mts Belgrade,E2019:38,2019-10-29 18:30:00,RS,RS,5,played,Anadolu Efes Istanbul,Crvena Zvezda mts Belgrade,85,70,0
19-20,19-20 EL,2019-10-29:ALBA Berlin-AX Armani Exchange Milan,E2019:39,2019-10-29 20:00:00,RS,RS,5,played,ALBA Berlin,AX Armani Exchange Milan,78,81,0
19-20,19-20 EL,2019-10-29:LDLC ASVEL Villeurbanne-KIROLBET Baskonia Vitoria-Gasteiz,E2019:40,2019-10-29 20:45:00,RS,RS,5,played,LDLC ASVEL Villeurbanne,KIROLBET Baskonia Vitoria-Gasteiz,66,63,0
19-20,19-20 EL,2019-10-30:CSKA Moscow-Olympiacos Piraeus,E2019:42,2019-10-30 18:00:00,RS,RS,5,played,CSKA Moscow,Olympiacos Piraeus,79,84,0
19-20,19-20 EL,2019-10-30:Zalgiris Kaunas-Zenit St Petersburg,E2019:43,2019-10-30 19:00:00,RS,RS,5,played,Zalgiris Kaunas,Zenit St Petersburg,70,82,1
19-20,19-20 EL,2019-10-30:Maccabi FOX Tel Aviv-Fenerbahce Beko Istanbul,E2019:44,2019-10-30 20:05:00,RS,RS,5,played,Maccabi FOX Tel Aviv,Fenerbahce Beko Istanbul,67,55,0
19-20,19-20 EL,2019-10-30:FC Bayern Munich-Real Madrid,E2019:45,2019-10-30 20:30:00,RS,RS,5,played,FC Bayern Munich,Real Madrid,95,86,0
19-20,19-20 EL,2019-10-30:FC Barcelona-Valencia Basket,E2019:41,2019-10-30 21:00:00,RS,RS,5,played,FC Barcelona,Valencia Basket,83,77,0
19-20,19-20 EL,2019-10-31:Crvena Zvezda mts Belgrade-Khimki Moscow Region,E2019:46,2019-10-31 19:00:00,RS,RS,6,played,Crvena Zvezda mts Belgrade,Khimki Moscow Region,90,78,0
19-20,19-20 EL,2019-10-31:Panathinaikos OPAP Athens-Anadolu Efes Istanbul,E2019:47,2019-10-31 20:00:00,RS,RS,6,played,Panathinaikos OPAP Athens,Anadolu Efes Istanbul,86,70,0
19-20,19-20 EL,2019-11-01:Zenit St Petersburg-CSKA Moscow,E2019:50,2019-11-01 18:00:00,RS,RS,6,played,Zenit St Petersburg,CSKA Moscow,70,87,0
19-20,19-20 EL,2019-11-01:Fenerbahce Beko Istanbul-Zalgiris Kaunas,E2019:51,2019-11-01 18:45:00,RS,RS,6,played,Fenerbahce Beko Istanbul,Zalgiris Kaunas,76,79,0
19-20,19-20 EL,2019-11-01:Valencia Basket-LDLC ASVEL Villeurbanne,E2019:49,2019-11-01 19:00:00,RS,RS,6,played,Valencia Basket,LDLC ASVEL Villeurbanne,81,72,0
19-20,19-20 EL,2019-11-01:AX Armani Exchange Milan-FC Barcelona,E2019:48,2019-11-01 20:00:00,RS,RS,6,played,AX Armani Exchange Milan,FC Barcelona,83,70,0
19-20,19-20 EL,2019-11-01:Olympiacos Piraeus-Maccabi FOX Tel Aviv,E2019:52,2019-11-01 20:30:00,RS,RS,6,played,Olympiacos Piraeus,Maccabi FOX Tel Aviv,65,90,0
19-20,19-20 EL,2019-11-01:KIROLBET Baskonia Vitoria-Gasteiz-FC Bayern Munich,E2019:53,2019-11-01 21:00:00,RS,RS,6,played,KIROLBET Baskonia Vitoria-Gasteiz,FC Bayern Munich,93,60,0
19-20,19-20 EL,2019-11-01:Real Madrid-ALBA Berlin,E2019:54,2019-11-01 21:00:00,RS,RS,6,played,Real Madrid,ALBA Berlin,85,71,0
19-20,19-20 EL,2019-11-07:Zenit St Petersburg-Khimki Moscow Region,E2019:60,2019-11-07 18:00:00,RS,RS,7,played,Zenit St Petersburg,Khimki Moscow Region,73,87,0
19-20,19-20 EL,2019-11-07:Crvena Zvezda mts Belgrade-Real Madrid,E2019:55,2019-11-07 19:00:00,RS,RS,7,played,Crvena Zvezda mts Belgrade,Real Madrid,60,75,0
19-20,19-20 EL,2019-11-07:Olympiacos Piraeus-Anadolu Efes Istanbul,E2019:56,2019-11-07 20:00:00,RS,RS,7,played,Olympiacos Piraeus,Anadolu Efes Istanbul,67,86,0
19-20,19-20 EL,2019-11-07:Maccabi FOX Tel Aviv-ALBA Berlin,E2019:57,2019-11-07 20:05:00,RS,RS,7,played,Maccabi FOX Tel Aviv,ALBA Berlin,104,78,0
19-20,19-20 EL,2019-11-07:AX Armani Exchange Milan-KIROLBET Baskonia Vitoria-Gasteiz,E2019:58,2019-11-07 20:45:00,RS,RS,7,played,AX Armani Exchange Milan,KIROLBET Baskonia Vitoria-Gasteiz,81,74,0
19-20,19-20 EL,2019-11-08:Fenerbahce Beko Istanbul-FC Bayern Munich,E2019:61,2019-11-08 18:45:00,RS,RS,7,played,Fenerbahce Beko Istanbul,FC Bayern Munich,90,82,0
19-20,19-20 EL,2019-11-08:Zalgiris Kaunas-FC Barcelona,E2019:62,2019-11-08 19:00:00,RS,RS,7,played,Zalgiris Kaunas,FC Barcelona,86,93,0
19-20,19-20 EL,2019-11-08:Panathinaikos OPAP Athens-Valencia Basket,E2019:63,2019-11-08 20:30:00,RS,RS,7,played,Panathinaikos OPAP Athens,Valencia Basket,91,80,0
19-20,19-20 EL,2019-11-08:LDLC ASVEL Villeurbanne-CSKA Moscow,E2019:59,2019-11-08 20:45:00,RS,RS,7,played,LDLC ASVEL Villeurbanne,CSKA Moscow,67,66,0
19-20,19-20 EL,2019-11-14:Khimki Moscow Region-AX Armani Exchange Milan,E2019:64,2019-11-14 18:00:00,RS,RS,8,played,Khimki Moscow Region,AX Armani Exchange Milan,87,79,0
19-20,19-20 EL,2019-11-14:Anadolu Efes Istanbul-Zenit St Petersburg,E2019:65,2019-11-14 18:30:00,RS,RS,8,played,Anadolu Efes Istanbul,Zenit St Petersburg,90,88,0
19-20,19-20 EL,2019-11-14:Panathinaikos OPAP Athens-ALBA Berlin,E2019:66,2019-11-14 20:00:00,RS,RS,8,played,Panathinaikos OPAP Athens,ALBA Berlin,105,106,2
19-20,19-20 EL,2019-11-14:KIROLBET Baskonia Vitoria-Gasteiz-Maccabi FOX Tel Aviv,E2019:72,2019-11-14 21:00:00,RS,RS,8,played,KIROLBET Baskonia Vitoria-Gasteiz,Maccabi FOX Tel Aviv,83,113,0
19-20,19-20 EL,2019-11-14:Real Madrid-FC Barcelona,E2019:67,2019-11-14 21:00:00,RS,RS,8,played,Real Madrid,FC Barcelona,86,76,0
19-20,19-20 EL,2019-11-15:CSKA Moscow-Fenerbahce Beko Istanbul,E2019:68,2019-11-15 18:00:00,RS,RS,8,played,CSKA Moscow,Fenerbahce Beko Istanbul,88,70,0
19-20,19-20 EL,2019-11-15:Crvena Zvezda mts Belgrade-LDLC ASVEL Villeurbanne,E2019:69,2019-11-15 19:00:00,RS,RS,8,played,Crvena Zvezda mts Belgrade,LDLC ASVEL Villeurbanne,72,74,1
19-20,19-20 EL,2019-11-15:Olympiacos Piraeus-Zalgiris Kaunas,E2019:70,2019-11-15 20:30:00,RS,RS,8,played,Olympiacos Piraeus,Zalgiris Kaunas,83,74,0
19-20,19-20 EL,2019-11-15:Valencia Basket-FC Bayern Munich,E2019:71,2019-11-15 21:00:00,RS,RS,8,played,Valencia Basket,FC Bayern Munich,82,56,0
19-20,19-20 EL,2019-11-19:Zalgiris Kaunas-Panathinaikos OPAP Athens,E2019:73,2019-11-19 18:30:00,RS,RS,9,played,Zalgiris Kaunas,Panathinaikos OPAP Athens,85,86,0
19-20,19-20 EL,2019-11-19:ALBA Berlin-Crvena Zvezda mts Belgrade,E2019:74,2019-11-19 20:00:00,RS,RS,9,played,ALBA Berlin,Crvena Zvezda mts Belgrade,93,80,0
19-20,19-20 EL,2019-11-19:FC Bayern Munich-Olympiacos Piraeus,E2019:75,2019-11-19 20:30:00,RS,RS,9,played,FC Bayern Munich,Olympiacos Piraeus,85,82,0
19-20,19-20 EL,2019-11-19:LDLC ASVEL Villeurbanne-Anadolu Efes Istanbul,E2019:76,2019-11-19 20:45:00,RS,RS,9,played,LDLC ASVEL Villeurbanne,Anadolu Efes Istanbul,84,90,0
19-20,19-20 EL,2019-11-19:AX Armani Exchange Milan-Maccabi FOX Tel Aviv,E2019:79,2019-11-19 20:45:00,RS,RS,9,played,AX Armani Exchange Milan,Maccabi FOX Tel Aviv,92,88,0
19-20,19-20 EL,2019-11-19:Valencia Basket-Zenit St Petersburg,E2019:78,2019-11-19 21:00:00,RS,RS,9,played,Valencia Basket,Zenit St Petersburg,94,90,0
19-20,19-20 EL,2019-11-19:Real Madrid-Khimki Moscow Region,E2019:77,2019-11-19 21:00:00,RS,RS,9,played,Real Madrid,Khimki Moscow Region,104,76,0
19-20,19-20 EL,2019-11-20:KIROLBET Baskonia Vitoria-Gasteiz-CSKA Moscow,E2019:81,2019-11-20 21:00:00,RS,RS,9,played,KIROLBET Baskonia Vitoria-Gasteiz,CSKA Moscow,80,70,0
19-20,19-20 EL,2019-11-20:FC Barcelona-Fenerbahce Beko Istanbul,E2019:80,2019-11-20 21:00:00,RS,RS,9,played,FC Barcelona,Fenerbahce Beko Istanbul,89,63,0
19-20,19-20 EL,2019-11-21:Zalgiris Kaunas-Crvena Zvezda mts Belgrade,E2019:82,2019-11-21 19:00:00,RS,RS,10,played,Zalgiris Kaunas,Crvena Zvezda mts Belgrade,59,61,0
19-20,19-20 EL,2019-11-21:ALBA Berlin-Olympiacos Piraeus,E2019:83,2019-11-21 20:00:00,RS,RS,10,played,ALBA Berlin,Olympiacos Piraeus,80,99,0
19-20,19-20 EL,2019-11-21:AX Armani Exchange Milan-Anadolu Efes Istanbul,E2019:86,2019-11-21 20:45:00,RS,RS,10,played,AX Armani Exchange Milan,Anadolu Efes Istanbul,76,81,0
19-20,19-20 EL,2019-11-21:Valencia Basket-Khimki Moscow Region,E2019:84,2019-11-21 21:00:00,RS,RS,10,played,Valencia Basket,Khimki Moscow Region,89,84,0
19-20,19-20 EL,2019-11-22:FC Bayern Munich-Panathinaikos OPAP Athens,E2019:85,2019-11-22 20:30:00,RS,RS,10,played,FC Bayern Munich,Panathinaikos OPAP Athens,75,87,0
19-20,19-20 EL,2019-11-22:LDLC ASVEL Villeurbanne-Fenerbahce Beko Istanbul,E2019:87,2019-11-22 20:45:00,RS,RS,10,played,LDLC ASVEL Villeurbanne,Fenerbahce Beko Istanbul,72,88,0
19-20,19-20 EL,2019-11-22:Real Madrid-CSKA Moscow,E2019:90,2019-11-22 21:00:00,RS,RS,10,played,Real Madrid,CSKA Moscow,97,81,0
19-20,19-20 EL,2019-11-22:KIROLBET Baskonia Vitoria-Gasteiz-Zenit St Petersburg,E2019:89,2019-11-22 21:00:00,RS,RS,10,played,KIROLBET Baskonia Vitoria-Gasteiz,Zenit St Petersburg,70,60,0
19-20,19-20 EL,2019-11-22:FC Barcelona-Maccabi FOX Tel Aviv,E2019:88,2019-11-22 21:00:00,RS,RS,10,played,FC Barcelona,Maccabi FOX Tel Aviv,96,73,0
19-20,19-20 EL,2019-11-28:Fenerbahce Beko Istanbul-Khimki Moscow Region,E2019:91,2019-11-28 18:45:00,RS,RS,11,played,Fenerbahce Beko Istanbul,Khimki Moscow Region,89,76,0
19-20,19-20 EL,2019-11-28:Crvena Zvezda mts Belgrade-Valencia Basket,E2019:92,2019-11-28 19:00:00,RS,RS,11,played,Crvena Zvezda mts Belgrade,Valencia Basket,76,73,0
19-20,19-20 EL,2019-11-28:ALBA Berlin-Zalgiris Kaunas,E2019:93,2019-11-28 20:00:00,RS,RS,11,played,ALBA Berlin,Zalgiris Kaunas,69,62,0
19-20,19-20 EL,2019-11-28:Panathinaikos OPAP Athens-KIROLBET Baskonia Vitoria-Gasteiz,E2019:94,2019-11-28 20:00:00,RS,RS,11,played,Panathinaikos OPAP Athens,KIROLBET Baskonia Vitoria-Gasteiz,100,68,0
19-20,19-20 EL,2019-11-28:Maccabi FOX Tel Aviv-LDLC ASVEL Villeurbanne,E2019:95,2019-11-28 20:05:00,RS,RS,11,played,Maccabi FOX Tel Aviv,LDLC ASVEL Villeurbanne,93,62,0
19-20,19-20 EL,2019-11-29:Zenit St Petersburg-Real Madrid,E2019:96,2019-11-29 18:00:00,RS,RS,11,played,Zenit St Petersburg,Real Madrid,71,86,0
19-20,19-20 EL,2019-11-29:Anadolu Efes Istanbul-FC Bayern Munich,E2019:97,2019-11-29 18:30:00,RS,RS,11,played,Anadolu Efes Istanbul,FC Bayern Munich,104,75,0
19-20,19-20 EL,2019-11-29:Olympiacos Piraeus-AX Armani Exchange Milan,E2019:98,2019-11-29 20:30:00,RS,RS,11,played,Olympiacos Piraeus,AX Armani Exchange Milan,91,70,0
19-20,19-20 EL,2019-11-29:FC Barcelona-CSKA Moscow,E2019:99,2019-11-29 21:00:00,RS,RS,11,played,FC Barcelona,CSKA Moscow,67,96,0
19-20,19-20 EL,2019-12-05:CSKA Moscow-Zalgiris Kaunas,E2019:100,2019-12-05 18:00:00,RS,RS,12,played,CSKA Moscow,Zalgiris Kaunas,85,82,1
19-20,19-20 EL,2019-12-05:Maccabi FOX Tel Aviv-FC Bayern Munich,E2019:101,2019-12-05 20:05:00,RS,RS,12,played,Maccabi FOX Tel Aviv,FC Bayern Munich,77,55,0
19-20,19-20 EL,2019-12-05:AX Armani Exchange Milan-Crvena Zvezda mts Belgrade,E2019:102,2019-12-05 20:45:00,RS,RS,12,played,AX Armani Exchange Milan,Crvena Zvezda mts Belgrade,67,77,0
19-20,19-20 EL,2019-12-05:Real Madrid-Valencia Basket,E2019:103,2019-12-05 21:00:00,RS,RS,12,played,Real Madrid,Valencia Basket,111,99,0
19-20,19-20 EL,2019-12-06:Khimki Moscow Region-FC Barcelona,E2019:104,2019-12-06 18:00:00,RS,RS,12,played,Khimki Moscow Region,FC Barcelona,94,102,0
19-20,19-20 EL,2019-12-06:Zenit St Petersburg-LDLC ASVEL Villeurbanne,E2019:105,2019-12-06 18:00:00,RS,RS,12,played,Zenit St Petersburg,LDLC ASVEL Villeurbanne,75,70,0
19-20,19-20 EL,2019-12-06:Fenerbahce Beko Istanbul-ALBA Berlin,E2019:106,2019-12-06 18:45:00,RS,RS,12,played,Fenerbahce Beko Istanbul,ALBA Berlin,107,102,1
19-20,19-20 EL,2019-12-06:Panathinaikos OPAP Athens-Olympiacos Piraeus,E2019:107,2019-12-06 20:30:00,RS,RS,12,played,Panathinaikos OPAP Athens,Olympiacos Piraeus,99,93,1
19-20,19-20 EL,2019-12-06:KIROLBET Baskonia Vitoria-Gasteiz-Anadolu Efes Istanbul,E2019:108,2019-12-06 21:00:00,RS,RS,12,played,KIROLBET Baskonia Vitoria-Gasteiz,Anadolu Efes Istanbul,77,102,0
19-20,19-20 EL,2019-12-12:Khimki Moscow Region-ALBA Berlin,E2019:109,2019-12-12 18:00:00,RS,RS,13,played,Khimki Moscow Region,ALBA Berlin,104,87,0
19-20,19-20 EL,2019-12-12:Fenerbahce Beko Istanbul-Anadolu Efes Istanbul,E2019:110,2019-12-12 18:45:00,RS,RS,13,played,Fenerbahce Beko Istanbul,Anadolu Efes Istanbul,73,81,0
19-20,19-20 EL,2019-12-12:Crvena Zvezda mts Belgrade-KIROLBET Baskonia Vitoria-Gasteiz,E2019:111,2019-12-12 19:00:00,RS,RS,13,played,Crvena Zvezda mts Belgrade,KIROLBET Baskonia Vitoria-Gasteiz,64,72,0
19-20,19-20 EL,2019-12-12:Maccabi FOX Tel Aviv-CSKA Moscow,E2019:112,2019-12-12 20:05:00,RS,RS,13,played,Maccabi FOX Tel Aviv,CSKA Moscow,90,80,0
19-20,19-20 EL,2019-12-12:Real Madrid-Olympiacos Piraeus,E2019:113,2019-12-12 21:00:00,RS,RS,13,played,Real Madrid,Olympiacos Piraeus,93,77,0
19-20,19-20 EL,2019-12-13:Zalgiris Kaunas-Valencia Basket,E2019:114,2019-12-13 19:00:00,RS,RS,13,played,Zalgiris Kaunas,Valencia Basket,82,86,0
19-20,19-20 EL,2019-12-13:FC Bayern Munich-Zenit St Petersburg,E2019:115,2019-12-13 20:30:00,RS,RS,13,played,FC Bayern Munich,Zenit St Petersburg,77,69,0
19-20,19-20 EL,2019-12-13:LDLC ASVEL Villeurbanne-AX Armani Exchange Milan,E2019:116,2019-12-13 20:45:00,RS,RS,13,played,LDLC ASVEL Villeurbanne,AX Armani Exchange Milan,89,82,0
19-20,19-20 EL,2019-12-13:FC Barcelona-Panathinaikos OPAP Athens,E2019:117,2019-12-13 21:00:00,RS,RS,13,played,FC Barcelona,Panathinaikos OPAP Athens,98,86,0
19-20,19-20 EL,2019-12-17:Zenit St Petersburg-Maccabi FOX Tel Aviv,E2019:118,2019-12-17 18:00:00,RS,RS,14,played,Zenit St Petersburg,Maccabi FOX Tel Aviv,71,82,0
19-20,19-20 EL,2019-12-17:Zalgiris Kaunas-Anadolu Efes Istanbul,E2019:119,2019-12-17 19:00:00,RS,RS,14,played,Zalgiris Kaunas,Anadolu Efes Istanbul,68,74,0
19-20,19-20 EL,2019-12-17:Panathinaikos OPAP Athens-Fenerbahce Beko Istanbul,E2019:120,2019-12-17 20:00:00,RS,RS,14,played,Panathinaikos OPAP Athens,Fenerbahce Beko Istanbul,81,78,0
19-20,19-20 EL,2019-12-17:Real Madrid-AX Armani Exchange Milan,E2019:121,2019-12-17 20:00:00,RS,RS,14,played,Real Madrid,AX Armani Exchange Milan,76,67,0
19-20,19-20 EL,2019-12-17:FC Barcelona-LDLC ASVEL Villeurbanne,E2019:126,2019-12-17 21:00:00,RS,RS,14,played,FC Barcelona,LDLC ASVEL Villeurbanne,80,67,0
19-20,19-20 EL,2019-12-17:Valencia Basket-KIROLBET Baskonia Vitoria-Gasteiz,E2019:122,2019-12-17 21:00:00,RS,RS,14,played,Valencia Basket,KIROLBET Baskonia Vitoria-Gasteiz,105,77,0
19-20,19-20 EL,2019-12-18:CSKA Moscow-Crvena Zvezda mts Belgrade,E2019:123,2019-12-18 18:00:00,RS,RS,14,played,CSKA Moscow,Crvena Zvezda mts Belgrade,100,74,0
19-20,19-20 EL,2019-12-18:Olympiacos Piraeus-Khimki Moscow Region,E2019:125,2019-12-18 20:00:00,RS,RS,14,played,Olympiacos Piraeus,Khimki Moscow Region,109,98,1
19-20,19-20 EL,2019-12-18:ALBA Berlin-FC Bayern Munich,E2019:124,2019-12-18 20:00:00,RS,RS,14,played,ALBA Berlin,FC Bayern Munich,76,77,1
19-20,19-20 EL,2019-12-19:Fenerbahce Beko Istanbul-Zenit St Petersburg,E2019:127,2019-12-19 18:45:00,RS,RS,15,played,Fenerbahce Beko Istanbul,Zenit St Petersburg,81,84,0
19-20,19-20 EL,2019-12-19:Maccabi FOX Tel Aviv-Panathinaikos OPAP Athens,E2019:128,2019-12-19 20:05:00,RS,RS,15,played,Maccabi FOX Tel Aviv,Panathinaikos OPAP Athens,88,79,0
19-20,19-20 EL,2019-12-19:AX Armani Exchange Milan-Valencia Basket,E2019:129,2019-12-19 20:45:00,RS,RS,15,played,AX Armani Exchange Milan,Valencia Basket,78,71,0
19-20,19-20 EL,2019-12-19:KIROLBET Baskonia Vitoria-Gasteiz-Real Madrid,E2019:130,2019-12-19 21:00:00,RS,RS,15,played,KIROLBET Baskonia Vitoria-Gasteiz,Real Madrid,55,77,0
19-20,19-20 EL,2019-12-20:Khimki Moscow Region-Zalgiris Kaunas,E2019:131,2019-12-20 18:00:00,RS,RS,15,played,Khimki Moscow Region,Zalgiris Kaunas,83,74,0
19-20,19-20 EL,2019-12-20:Anadolu Efes Istanbul-CSKA Moscow,E2019:132,2019-12-20 18:30:00,RS,RS,15,played,Anadolu Efes Istanbul,CSKA Moscow,80,81,0
19-20,19-20 EL,2019-12-20:Crvena Zvezda mts Belgrade-Olympiacos Piraeus,E2019:133,2019-12-20 19:00:00,RS,RS,15,played,Crvena Zvezda mts Belgrade,Olympiacos Piraeus,88,81,0
19-20,19-20 EL,2019-12-20:FC Bayern Munich-FC Barcelona,E2019:134,2019-12-20 20:30:00,RS,RS,15,played,FC Bayern Munich,FC Barcelona,67,77,0
19-20,19-20 EL,2019-12-20:LDLC ASVEL Villeurbanne-ALBA Berlin,E2019:135,2019-12-20 20:45:00,RS,RS,15,played,LDLC ASVEL Villeurbanne,ALBA Berlin,93,81,0
19-20,19-20 EL,2019-12-26:CSKA Moscow-AX Armani Exchange Milan,E2019:136,2019-12-26 18:00:00,RS,RS,16,played,CSKA Moscow,AX Armani Exchange Milan,78,75,0
19-20,19-20 EL,2019-12-26:Anadolu Efes Istanbul-Maccabi FOX Tel Aviv,E2019:137,2019-12-26 18:30:00,RS,RS,16,played,Anadolu Efes Istanbul,Maccabi FOX Tel Aviv,99,79,0
19-20,19-20 EL,2019-12-26:ALBA Berlin-KIROLBET Baskonia Vitoria-Gasteiz,E2019:138,2019-12-26 20:00:00,RS,RS,16,played,ALBA Berlin,KIROLBET Baskonia Vitoria-Gasteiz,81,57,0
19-20,19-20 EL,2019-12-26:Panathinaikos OPAP Athens-Real Madrid,E2019:139,2019-12-26 20:00:00,RS,RS,16,played,Panathinaikos OPAP Athens,Real Madrid,75,87,0
19-20,19-20 EL,2019-12-26:LDLC ASVEL Villeurbanne-Khimki Moscow Region,E2019:140,2019-12-26 20:45:00,RS,RS,16,played,LDLC ASVEL Villeurbanne,Khimki Moscow Region,92,88,0
19-20,19-20 EL,2019-12-27:Zenit St Petersburg-Crvena Zvezda mts Belgrade,E2019:141,2019-12-27 18:00:00,RS,RS,16,played,Zenit St Petersburg,Crvena Zvezda mts Belgrade,58,65,0
19-20,19-20 EL,2019-12-27:Fenerbahce Beko Istanbul-Valencia Basket,E2019:142,2019-12-27 18:45:00,RS,RS,16,played,Fenerbahce Beko Istanbul,Valencia Basket,98,100,1
19-20,19-20 EL,2019-12-27:FC Bayern Munich-Zalgiris Kaunas,E2019:143,2019-12-27 20:30:00,RS,RS,16,played,FC Bayern Munich,Zalgiris Kaunas,73,98,0
19-20,19-20 EL,2019-12-27:FC Barcelona-Olympiacos Piraeus,E2019:144,2019-12-27 21:00:00,RS,RS,16,played,FC Barcelona,Olympiacos Piraeus,90,80,0
19-20,19-20 EL,2020-01-02:Crvena Zvezda mts Belgrade-FC Bayern Munich,E2019:146,2020-01-02 19:00:00,RS,RS,17,played,Crvena Zvezda mts Belgrade,FC Bayern Munich,93,63,0
19-20,19-20 EL,2020-01-02:Zalgiris Kaunas-Maccabi FOX Tel Aviv,E2019:145,2020-01-02 19:00:00,RS,RS,17,played,Zalgiris Kaunas,Maccabi FOX Tel Aviv,73,68,0
19-20,19-20 EL,2020-01-02:Olympiacos Piraeus-Fenerbahce Beko Istanbul,E2019:147,2020-01-02 20:00:00,RS,RS,17,played,Olympiacos Piraeus,Fenerbahce Beko Istanbul,87,96,0
19-20,19-20 EL,2020-01-02:KIROLBET Baskonia Vitoria-Gasteiz-FC Barcelona,E2019:148,2020-01-02 21:00:00,RS,RS,17,played,KIROLBET Baskonia Vitoria-Gasteiz,FC Barcelona,76,74,0
19-20,19-20 EL,2020-01-03:CSKA Moscow-Panathinaikos OPAP Athens,E2019:149,2020-01-03 18:00:00,RS,RS,17,played,CSKA Moscow,Panathinaikos OPAP Athens,102,106,1
19-20,19-20 EL,2020-01-03:Anadolu Efes Istanbul-Khimki Moscow Region,E2019:150,2020-01-03 18:30:00,RS,RS,17,played,Anadolu Efes Istanbul,Khimki Moscow Region,101,82,0
19-20,19-20 EL,2020-01-03:AX Armani Exchange Milan-Zenit St Petersburg,E2019:152,2020-01-03 20:45:00,RS,RS,17,played,AX Armani Exchange Milan,Zenit St Petersburg,73,72,0
19-20,19-20 EL,2020-01-03:LDLC ASVEL Villeurbanne-Real Madrid,E2019:151,2020-01-03 20:45:00,RS,RS,17,played,LDLC ASVEL Villeurbanne,Real Madrid,77,87,0
19-20,19-20 EL,2020-01-03:Valencia Basket-ALBA Berlin,E2019:153,2020-01-03 21:00:00,RS,RS,17,played,Valencia Basket,ALBA Berlin,91,77,0
19-20,19-20 EL,2020-01-09:ALBA Berlin-Maccabi FOX Tel Aviv,E2019:154,2020-01-09 20:00:00,RS,RS,18,played,ALBA Berlin,Maccabi FOX Tel Aviv,89,95,0
19-20,19-20 EL,2020-01-09:AX Armani Exchange Milan-Panathinaikos OPAP Athens,E2019:155,2020-01-09 20:45:00,RS,RS,18,played,AX Armani Exchange Milan,Panathinaikos OPAP Athens,96,87,0
19-20,19-20 EL,2020-01-09:KIROLBET Baskonia Vitoria-Gasteiz-Fenerbahce Beko Istanbul,E2019:157,2020-01-09 21:00:00,RS,RS,18,played,KIROLBET Baskonia Vitoria-Gasteiz,Fenerbahce Beko Istanbul,65,79,0
19-20,19-20 EL,2020-01-09:Real Madrid-Zalgiris Kaunas,E2019:156,2020-01-09 21:00:00,RS,RS,18,played,Real Madrid,Zalgiris Kaunas,88,82,0
19-20,19-20 EL,2020-01-10:Khimki Moscow Region-Zenit St Petersburg,E2019:158,2020-01-10 18:00:00,RS,RS,18,played,Khimki Moscow Region,Zenit St Petersburg,81,83,0
19-20,19-20 EL,2020-01-10:FC Bayern Munich-CSKA Moscow,E2019:159,2020-01-10 20:30:00,RS,RS,18,played,FC Bayern Munich,CSKA Moscow,77,84,0
19-20,19-20 EL,2020-01-10:LDLC ASVEL Villeurbanne-Crvena Zvezda mts Belgrade,E2019:160,2020-01-10 20:45:00,RS,RS,18,played,LDLC ASVEL Villeurbanne,Crvena Zvezda mts Belgrade,80,83,0
19-20,19-20 EL,2020-01-10:FC Barcelona-Anadolu Efes Istanbul,E2019:162,2020-01-10 21:00:00,RS,RS,18,played,FC Barcelona,Anadolu Efes Istanbul,82,86,0
19-20,19-20 EL,2020-01-10:Valencia Basket-Olympiacos Piraeus,E2019:161,2020-01-10 21:00:00,RS,RS,18,played,Valencia Basket,Olympiacos Piraeus,91,93,0
19-20,19-20 EL,2020-01-14:CSKA Moscow-Real Madrid,E2019:163,2020-01-14 18:00:00,RS,RS,19,played,CSKA Moscow,Real Madrid,60,55,0
19-20,19-20 EL,2020-01-14:Khimki Moscow Region-Valencia Basket,E2019:164,2020-01-14 18:00:00,RS,RS,19,played,Khimki Moscow Region,Valencia Basket,75,84,0
19-20,19-20 EL,2020-01-14:Anadolu Efes Istanbul-AX Armani Exchange Milan,E2019:165,2020-01-14 18:30:00,RS,RS,19,played,Anadolu Efes Istanbul,AX Armani Exchange Milan,88,68,0
19-20,19-20 EL,2020-01-14:Fenerbahce Beko Istanbul-LDLC ASVEL Villeurbanne,E2019:166,2020-01-14 18:45:00,RS,RS,19,played,Fenerbahce Beko Istanbul,LDLC ASVEL Villeurbanne,86,64,0
19-20,19-20 EL,2020-01-14:Olympiacos Piraeus-ALBA Berlin,E2019:167,2020-01-14 20:00:00,RS,RS,19,played,Olympiacos Piraeus,ALBA Berlin,86,93,0
19-20,19-20 EL,2020-01-14:Maccabi FOX Tel Aviv-FC Barcelona,E2019:168,2020-01-14 20:05:00,RS,RS,19,played,Maccabi FOX Tel Aviv,FC Barcelona,92,85,0
19-20,19-20 EL,2020-01-15:Zenit St Petersburg-KIROLBET Baskonia Vitoria-Gasteiz,E2019:169,2020-01-15 18:00:00,RS,RS,19,played,Zenit St Petersburg,KIROLBET Baskonia Vitoria-Gasteiz,72,66,0
19-20,19-20 EL,2020-01-15:Crvena Zvezda mts Belgrade-Zalgiris Kaunas,E2019:170,2020-01-15 19:00:00,RS,RS,19,played,Crvena Zvezda mts Belgrade,Zalgiris Kaunas,70,76,0
19-20,19-20 EL,2020-01-15:Panathinaikos OPAP Athens-FC Bayern Munich,E2019:171,2020-01-15 20:00:00,RS,RS,19,played,Panathinaikos OPAP Athens,FC Bayern Munich,98,83,0
19-20,19-20 EL,2020-01-16:Khimki Moscow Region-Real Madrid,E2019:172,2020-01-16 18:00:00,RS,RS,20,played,Khimki Moscow Region,Real Madrid,102,94,0
19-20,19-20 EL,2020-01-16:Fenerbahce Beko Istanbul-FC Barcelona,E2019:173,2020-01-16 18:45:00,RS,RS,20,played,Fenerbahce Beko Istanbul,FC Barcelona,74,80,0
19-20,19-20 EL,2020-01-16:Maccabi FOX Tel Aviv-AX Armani Exchange Milan,E2019:174,2020-01-16 20:05:00,RS,RS,20,played,Maccabi FOX Tel Aviv,AX Armani Exchange Milan,69,63,0
19-20,19-20 EL,2020-01-17:CSKA Moscow-KIROLBET Baskonia Vitoria-Gasteiz,E2019:175,2020-01-17 18:00:00,RS,RS,20,played,CSKA Moscow,KIROLBET Baskonia Vitoria-Gasteiz,94,90,0
19-20,19-20 EL,2020-01-17:Zenit St Petersburg-Valencia Basket,E2019:176,2020-01-17 18:00:00,RS,RS,20,played,Zenit St Petersburg,Valencia Basket,81,86,0
19-20,19-20 EL,2020-01-17:Anadolu Efes Istanbul-LDLC ASVEL Villeurbanne,E2019:177,2020-01-17 18:30:00,RS,RS,20,played,Anadolu Efes Istanbul,LDLC ASVEL Villeurbanne,101,74,0
19-20,19-20 EL,2020-01-17:Crvena Zvezda mts Belgrade-ALBA Berlin,E2019:178,2020-01-17 19:00:00,RS,RS,20,played,Crvena Zvezda mts Belgrade,ALBA Berlin,85,94,1
19-20,19-20 EL,2020-01-17:Olympiacos Piraeus-FC Bayern Munich,E2019:179,2020-01-17 19:30:00,RS,RS,20,played,Olympiacos Piraeus,FC Bayern Munich,89,72,0
19-20,19-20 EL,2020-01-17:Panathinaikos OPAP Athens-Zalgiris Kaunas,E2019:180,2020-01-17 20:30:00,RS,RS,20,played,Panathinaikos OPAP Athens,Zalgiris Kaunas,96,94,0
19-20,19-20 EL,2020-01-23:Zenit St Petersburg-Olympiacos Piraeus,E2019:182,2020-01-23 18:00:00,RS,RS,21,played,Zenit St Petersburg,Olympiacos Piraeus,91,87,0
19-20,19-20 EL,2020-01-23:CSKA Moscow-Valencia Basket,E2019:181,2020-01-23 18:00:00,RS,RS,21,played,CSKA Moscow,Valencia Basket,81,70,0
19-20,19-20 EL,2020-01-23:FC Bayern Munich-Maccabi FOX Tel Aviv,E2019:183,2020-01-23 20:30:00,RS,RS,21,played,FC Bayern Munich,Maccabi FOX Tel Aviv,80,68,0
19-20,19-20 EL,2020-01-23:FC Barcelona-Crvena Zvezda mts Belgrade,E2019:185,2020-01-23 21:00:00,RS,RS,21,played,FC Barcelona,Crvena Zvezda mts Belgrade,86,82,0
19-20,19-20 EL,2020-01-23:KIROLBET Baskonia Vitoria-Gasteiz-Khimki Moscow Region,E2019:184,2020-01-23 21:00:00,RS,RS,21,played,KIROLBET Baskonia Vitoria-Gasteiz,Khimki Moscow Region,83,79,0
19-20,19-20 EL,2020-01-24:Fenerbahce Beko Istanbul-AX Armani Exchange Milan,E2019:186,2020-01-24 18:45:00,RS,RS,21,played,Fenerbahce Beko Istanbul,AX Armani Exchange Milan,73,64,0
19-20,19-20 EL,2020-01-24:Zalgiris Kaunas-ALBA Berlin,E2019:187,2020-01-24 19:00:00,RS,RS,21,played,Zalgiris Kaunas,ALBA Berlin,104,80,0
19-20,19-20 EL,2020-01-24:Panathinaikos OPAP Athens-LDLC ASVEL Villeurbanne,E2019:188,2020-01-24 20:30:00,RS,RS,21,played,Panathinaikos OPAP Athens,LDLC ASVEL Villeurbanne,100,88,0
19-20,19-20 EL,2020-01-24:Real Madrid-Anadolu Efes Istanbul,E2019:189,2020-01-24 21:00:00,RS,RS,21,played,Real Madrid,Anadolu Efes Istanbul,75,80,0
19-20,19-20 EL,2020-01-30:Khimki Moscow Region-CSKA Moscow,E2019:190,2020-01-30 18:00:00,RS,RS,22,played,Khimki Moscow Region,CSKA Moscow,69,78,0
19-20,19-20 EL,2020-01-30:ALBA Berlin-Fenerbahce Beko Istanbul,E2019:191,2020-01-30 19:30:00,RS,RS,22,played,ALBA Berlin,Fenerbahce Beko Istanbul,70,74,0
19-20,19-20 EL,2020-01-30:Olympiacos Piraeus-KIROLBET Baskonia Vitoria-Gasteiz,E2019:192,2020-01-30 20:00:00,RS,RS,22,played,Olympiacos Piraeus,KIROLBET Baskonia Vitoria-Gasteiz,80,70,0
19-20,19-20 EL,2020-01-30:Maccabi FOX Tel Aviv-Real Madrid,E2019:193,2020-01-30 20:05:00,RS,RS,22,played,Maccabi FOX Tel Aviv,Real Madrid,77,81,0
19-20,19-20 EL,2020-01-30:LDLC ASVEL Villeurbanne-Zalgiris Kaunas,E2019:194,2020-01-30 20:45:00,RS,RS,22,played,LDLC ASVEL Villeurbanne,Zalgiris Kaunas,74,79,0
19-20,19-20 EL,2020-01-30:FC Barcelona-Zenit St Petersburg,E2019:195,2020-01-30 21:00:00,RS,RS,22,played,FC Barcelona,Zenit St Petersburg,90,72,0
19-20,19-20 EL,2020-01-30:AX Armani Exchange Milan-FC Bayern Munich,E2019:197,2020-01-30 21:15:00,RS,RS,22,played,AX Armani Exchange Milan,FC Bayern Munich,79,78,0
19-20,19-20 EL,2020-01-31:Crvena Zvezda mts Belgrade-Anadolu Efes Istanbul,E2019:196,2020-01-31 19:00:00,RS,RS,22,played,Crvena Zvezda mts Belgrade,Anadolu Efes Istanbul,78,85,0
19-20,19-20 EL,2020-01-31:Valencia Basket-Panathinaikos OPAP Athens,E2019:198,2020-01-31 21:00:00,RS,RS,22,played,Valencia Basket,Panathinaikos OPAP Athens,94,87,0
19-20,19-20 EL,2020-02-04:CSKA Moscow-Anadolu Efes Istanbul,E2019:199,2020-02-04 18:00:00,RS,RS,23,played,CSKA Moscow,Anadolu Efes Istanbul,80,82,0
19-20,19-20 EL,2020-02-04:Zalgiris Kaunas-Olympiacos Piraeus,E2019:200,2020-02-04 19:00:00,RS,RS,23,played,Zalgiris Kaunas,Olympiacos Piraeus,94,69,0
19-20,19-20 EL,2020-02-04:AX Armani Exchange Milan-ALBA Berlin,E2019:201,2020-02-04 20:45:00,RS,RS,23,played,AX Armani Exchange Milan,ALBA Berlin,96,102,0
19-20,19-20 EL,2020-02-04:LDLC ASVEL Villeurbanne-FC Bayern Munich,E2019:202,2020-02-04 20:45:00,RS,RS,23,played,LDLC ASVEL Villeurbanne,FC Bayern Munich,75,65,0
19-20,19-20 EL,2020-02-04:Real Madrid-KIROLBET Baskonia Vitoria-Gasteiz,E2019:203,2020-02-04 21:00:00,RS,RS,23,played,Real Madrid,KIROLBET Baskonia Vitoria-Gasteiz,70,69,0
19-20,19-20 EL,2020-02-05:Zenit St Petersburg-Fenerbahce Beko Istanbul,E2019:204,2020-02-05 18:00:00,RS,RS,23,played,Zenit St Petersburg,Fenerbahce Beko Istanbul,68,73,0
19-20,19-20 EL,2020-02-05:Crvena Zvezda mts Belgrade-Panathinaikos OPAP Athens,E2019:205,2020-02-05 19:00:00,RS,RS,23,played,Crvena Zvezda mts Belgrade,Panathinaikos OPAP Athens,78,73,0
19-20,19-20 EL,2020-02-05:Maccabi FOX Tel Aviv-Khimki Moscow Region,E2019:206,2020-02-05 20:05:00,RS,RS,23,played,Maccabi FOX Tel Aviv,Khimki Moscow Region,80,77,0
19-20,19-20 EL,2020-02-05:Valencia Basket-FC Barcelona,E2019:207,2020-02-05 21:00:00,RS,RS,23,played,Valencia Basket,FC Barcelona,76,77,0
19-20,19-20 EL,2020-02-06:Anadolu Efes Istanbul-Zalgiris Kaunas,E2019:208,2020-02-06 18:30:00,RS,RS,24,played,Anadolu Efes Istanbul,Zalgiris Kaunas,96,91,0
19-20,19-20 EL,2020-02-06:Olympiacos Piraeus-CSKA Moscow,E2019:210,2020-02-06 20:00:00,RS,RS,24,played,Olympiacos Piraeus,CSKA Moscow,72,59,0
19-20,19-20 EL,2020-02-06:ALBA Berlin-Real Madrid,E2019:209,2020-02-06 20:00:00,RS,RS,24,played,ALBA Berlin,Real Madrid,97,103,0
19-20,19-20 EL,2020-02-06:KIROLBET Baskonia Vitoria-Gasteiz-LDLC ASVEL Villeurbanne,E2019:211,2020-02-06 21:00:00,RS,RS,24,played,KIROLBET Baskonia Vitoria-Gasteiz,LDLC ASVEL Villeurbanne,79,65,0
19-20,19-20 EL,2020-02-07:Khimki Moscow Region-Crvena Zvezda mts Belgrade,E2019:212,2020-02-07 18:00:00,RS,RS,24,played,Khimki Moscow Region,Crvena Zvezda mts Belgrade,78,72,0
19-20,19-20 EL,2020-02-07:Fenerbahce Beko Istanbul-Maccabi FOX Tel Aviv,E2019:213,2020-02-07 18:45:00,RS,RS,24,played,Fenerbahce Beko Istanbul,Maccabi FOX Tel Aviv,77,78,0
19-20,19-20 EL,2020-02-07:FC Bayern Munich-Valencia Basket,E2019:214,2020-02-07 20:30:00,RS,RS,24,played,FC Bayern Munich,Valencia Basket,59,66,0
19-20,19-20 EL,2020-02-07:Panathinaikos OPAP Athens-Zenit St Petersburg,E2019:215,2020-02-07 20:30:00,RS,RS,24,played,Panathinaikos OPAP Athens,Zenit St Petersburg,96,81,0
19-20,19-20 EL,2020-02-07:FC Barcelona-AX Armani Exchange Milan,E2019:216,2020-02-07 21:00:00,RS,RS,24,played,FC Barcelona,AX Armani Exchange Milan,84,80,0
19-20,19-20 EL,2020-02-20:Zenit St Petersburg-ALBA Berlin,E2019:217,2020-02-20 18:00:00,RS,RS,25,played,Zenit St Petersburg,ALBA Berlin,81,83,0
19-20,19-20 EL,2020-02-20:Olympiacos Piraeus-LDLC ASVEL Villeurbanne,E2019:219,2020-02-20 18:15:00,RS,RS,25,played,Olympiacos Piraeus,LDLC ASVEL Villeurbanne,77,68,0
19-20,19-20 EL,2020-02-20:Fenerbahce Beko Istanbul-Real Madrid,E2019:218,2020-02-20 18:45:00,RS,RS,25,played,Fenerbahce Beko Istanbul,Real Madrid,65,94,0
19-20,19-20 EL,2020-02-20:AX Armani Exchange Milan-Khimki Moscow Region,E2019:220,2020-02-20 20:45:00,RS,RS,25,played,AX Armani Exchange Milan,Khimki Moscow Region,69,78,0
19-20,19-20 EL,2020-02-20:KIROLBET Baskonia Vitoria-Gasteiz-Zalgiris Kaunas,E2019:221,2020-02-20 21:00:00,RS,RS,25,played,KIROLBET Baskonia Vitoria-Gasteiz,Zalgiris Kaunas,60,74,0
19-20,19-20 EL,2020-02-21:Crvena Zvezda mts Belgrade-CSKA Moscow,E2019:222,2020-02-21 19:00:00,RS,RS,25,played,Crvena Zvezda mts Belgrade,CSKA Moscow,81,86,0
19-20,19-20 EL,2020-02-21:Panathinaikos OPAP Athens-FC Barcelona,E2019:224,2020-02-21 20:30:00,RS,RS,25,played,Panathinaikos OPAP Athens,FC Barcelona,81,92,0
19-20,19-20 EL,2020-02-21:FC Bayern Munich-Anadolu Efes Istanbul,E2019:223,2020-02-21 20:30:00,RS,RS,25,played,FC Bayern Munich,Anadolu Efes Istanbul,63,88,0
19-20,19-20 EL,2020-02-21:Valencia Basket-Maccabi FOX Tel Aviv,E2019:225,2020-02-21 21:00:00,RS,RS,25,played,Valencia Basket,Maccabi FOX Tel Aviv,82,85,0
19-20,19-20 EL,2020-02-24:Real Madrid-Panathinaikos OPAP Athens,E2019:234,2020-02-24 21:00:00,RS,RS,26,played,Real Madrid,Panathinaikos OPAP Athens,96,78,0
19-20,19-20 EL,2020-02-27:CSKA Moscow-FC Barcelona,E2019:226,2020-02-27 18:00:00,RS,RS,26,played,CSKA Moscow,FC Barcelona,80,82,0
19-20,19-20 EL,2020-02-27:Zenit St Petersburg-FC Bayern Munich,E2019:231,2020-02-27 18:00:00,RS,RS,26,played,Zenit St Petersburg,FC Bayern Munich,68,77,0
19-20,19-20 EL,2020-02-27:ALBA Berlin-Anadolu Efes Istanbul,E2019:227,2020-02-27 20:00:00,RS,RS,26,played,ALBA Berlin,Anadolu Efes Istanbul,86,99,0
19-20,19-20 EL,2020-02-27:Maccabi FOX Tel Aviv-Olympiacos Piraeus,E2019:228,2020-02-27 20:05:00,RS,RS,26,played,Maccabi FOX Tel Aviv,Olympiacos Piraeus,71,70,0
19-20,19-20 EL,2020-02-27:KIROLBET Baskonia Vitoria-Gasteiz-Crvena Zvezda mts Belgrade,E2019:229,2020-02-27 21:00:00,RS,RS,26,played,KIROLBET Baskonia Vitoria-Gasteiz,Crvena Zvezda mts Belgrade,71,56,0
19-20,19-20 EL,2020-02-28:Khimki Moscow Region-LDLC ASVEL Villeurbanne,E2019:230,2020-02-28 18:00:00,RS,RS,26,played,Khimki Moscow Region,LDLC ASVEL Villeurbanne,108,79,0
19-20,19-20 EL,2020-02-28:Zalgiris Kaunas-AX Armani Exchange Milan,E2019:232,2020-02-28 19:00:00,RS,RS,26,played,Zalgiris Kaunas,AX Armani Exchange Milan,105,97,1
19-20,19-20 EL,2020-02-28:Valencia Basket-Fenerbahce Beko Istanbul,E2019:233,2020-02-28 21:00:00,RS,RS,26,played,Valencia Basket,Fenerbahce Beko Istanbul,86,93,0
19-20,19-20 EL,2020-03-03:CSKA Moscow-Zenit St Petersburg,E2019:235,2020-03-03 18:00:00,RS,RS,27,played,CSKA Moscow,Zenit St Petersburg,86,78,0
19-20,19-20 EL,2020-03-03:Zalgiris Kaunas-Khimki Moscow Region,E2019:236,2020-03-03 19:00:00,RS,RS,27,played,Zalgiris Kaunas,Khimki Moscow Region,96,85,0
19-20,19-20 EL,2020-03-03:Olympiacos Piraeus-Panathinaikos OPAP Athens,E2019:237,2020-03-03 20:00:00,RS,RS,27,played,Olympiacos Piraeus,Panathinaikos OPAP Athens,81,78,0
19-20,19-20 EL,2020-03-03:AX Armani Exchange Milan-Real Madrid,E2019:238,2020-03-03 20:45:00,RS,RS,27,played,AX Armani Exchange Milan,Real Madrid,73,78,0
19-20,19-20 EL,2020-03-03:LDLC ASVEL Villeurbanne-Valencia Basket,E2019:239,2020-03-03 20:45:00,RS,RS,27,played,LDLC ASVEL Villeurbanne,Valencia Basket,72,65,0
19-20,19-20 EL,2020-03-04:Fenerbahce Beko Istanbul-Crvena Zvezda mts Belgrade,E2019:240,2020-03-04 18:45:00,RS,RS,27,played,Fenerbahce Beko Istanbul,Crvena Zvezda mts Belgrade,66,63,0
19-20,19-20 EL,2020-03-04:ALBA Berlin-FC Barcelona,E2019:241,2020-03-04 20:00:00,RS,RS,27,played,ALBA Berlin,FC Barcelona,80,84,0
19-20,19-20 EL,2020-03-04:Maccabi FOX Tel Aviv-Anadolu Efes Istanbul,E2019:242,2020-03-04 20:15:00,RS,RS,27,played,Maccabi FOX Tel Aviv,Anadolu Efes Istanbul,77,75,0
19-20,19-20 EL,2020-03-04:FC Bayern Munich-KIROLBET Baskonia Vitoria-Gasteiz,E2019:243,2020-03-04 20:30:00,RS,RS,27,played,FC Bayern Munich,KIROLBET Baskonia Vitoria-Gasteiz,71,80,0
19-20,19-20 EL,2020-03-05:Zenit St Petersburg-Zalgiris Kaunas,E2019:244,2020-03-05 18:00:00,RS,RS,28,played,Zenit St Petersburg,Zalgiris Kaunas,76,75,1
19-20,19-20 EL,2020-03-05:Panathinaikos OPAP Athens-CSKA Moscow,E2019:245,2020-03-05 20:00:00,RS,RS,28,played,Panathinaikos OPAP Athens,CSKA Moscow,66,97,0
19-20,19-20 EL,2020-03-05:Valencia Basket-AX Armani Exchange Milan,E2019:247,2020-03-05 21:00:00,RS,RS,28,played,Valencia Basket,AX Armani Exchange Milan,81,83,1
19-20,19-20 EL,2020-03-05:Real Madrid-LDLC ASVEL Villeurbanne,E2019:246,2020-03-05 21:00:00,RS,RS,28,played,Real Madrid,LDLC ASVEL Villeurbanne,87,78,0
19-20,19-20 EL,2020-03-06:Khimki Moscow Region-Fenerbahce Beko Istanbul,E2019:248,2020-03-06 18:00:00,RS,RS,28,played,Khimki Moscow Region,Fenerbahce Beko Istanbul,82,68,0
19-20,19-20 EL,2020-03-06:Anadolu Efes Istanbul-Olympiacos Piraeus,E2019:249,2020-03-06 18:30:00,RS,RS,28,played,Anadolu Efes Istanbul,Olympiacos Piraeus,91,79,0
19-20,19-20 EL,2020-03-06:Crvena Zvezda mts Belgrade-Maccabi FOX Tel Aviv,E2019:250,2020-03-06 19:00:00,RS,RS,28,played,Crvena Zvezda mts Belgrade,Maccabi FOX Tel Aviv,92,76,0
19-20,19-20 EL,2020-03-06:FC Barcelona-FC Bayern Munich,E2019:251,2020-03-06 21:00:00,RS,RS,28,played,FC Barcelona,FC Bayern Munich,83,80,0
19-20,19-20 EL,2020-03-06:KIROLBET Baskonia Vitoria-Gasteiz-ALBA Berlin,E2019:252,2020-03-06 21:00:00,RS,RS,28,played,KIROLBET Baskonia Vitoria-Gasteiz,ALBA Berlin,73,72,0
