player_id,name,middle_name,surname,full_name,birthday,sex,role,height,weight,team_id,season_id,jersey_number,picture_url
Devin Booker,Devin,Rydale,Booker,Devin Booker,1991-02-28,M,C,2.05,113,Khimki Moscow Region,19-20,5,https://media-cdn.incrowdsports.com/47ea34fb-f53d-4a34-9986-40e01578ee0b.png
Janis Timma,Janis,,Timma,Janis Timma,1992-07-02,M,F,2.01,92,Khimki Moscow Region,19-20,6,https://media-cdn.incrowdsports.com/a2e29384-e2a8-4274-a0b1-0d892c23419a.png
Andrei Desiatnikov,Andrei,,Desiatnikov,Andrei Desiatnikov,1994-05-04,M,C,2.2,112,Khimki Moscow Region,19-20,10,https://media-cdn.incrowdsports.com/8babc096-6e49-4e51-a66b-e44a345dd925.png
Jonas Jerebko,Jonas,Christopher,Jerebko,Jonas Jerebko,1987-03-02,M,C,2.08,105,Khimki Moscow Region,19-20,11,https://media-cdn.incrowdsports.com/0e08ac63-3428-490d-a664-eea9764fee0f.png
Stefan Jovic,Stefan,,Jovic,Stefan Jovic,1990-11-03,M,G,1.98,95,Khimki Moscow Region,19-20,24,https://media-cdn.incrowdsports.com/955c4c3d-eb58-45a2-90b1-653573af0516.png
Jeremy Evans,Jeremy,Deshawn,Evans,Jeremy Evans,1987-10-24,M,C,2.06,93,Khimki Moscow Region,19-20,40,https://media-cdn.incrowdsports.com/4c916c9a-3ea9-48cf-bf8a-795909facf1f.png
Elijah Bryant,Elijah,Brigham,Bryant,Elijah Bryant,1995-04-19,M,G,1.96,95,Maccabi FOX Tel Aviv,19-20,0,https://media-cdn.incrowdsports.com/4366b5c4-1a74-4de7-881b-98376fe91fb9.png
Quincy Acy,Quincy,Jyrome,Acy,Quincy Acy,1990-10-06,M,F,2.01,109,Maccabi FOX Tel Aviv,19-20,2,https://media-cdn.incrowdsports.com/49f8e129-e694-45bb-a312-dd4916f1f5e5.png
Othello Hunter,Othello,Tegba,Hunter,Othello Hunter,1986-05-28,M,C,2.03,102,Maccabi FOX Tel Aviv,19-20,5,https://media-cdn.incrowdsports.com/327d6a4f-be9e-453e-8011-6808ae2e1aee.png
Omri Casspi,Omri,Moshe,Casspi,Omri Casspi,1988-06-22,M,F,2.05,102,Maccabi FOX Tel Aviv,19-20,7,https://media-cdn.incrowdsports.com/d1b4beb7-469b-4b75-94d6-6c9ab44b8e8f.png
Tyler Dorsey,Tyler,Quincy,Dorsey,Tyler Dorsey,1996-02-18,M,G,1.96,83,Maccabi FOX Tel Aviv,19-20,11,https://media-cdn.incrowdsports.com/b99fa87d-ffdc-4b2e-aa85-e8b81781abae.png
Nate Wolters,Nate,,Wolters,Nate Wolters,1991-05-15,M,G,1.94,86,Maccabi FOX Tel Aviv,19-20,14,https://media-cdn.incrowdsports.com/fe50c50a-1c9a-4358-8bb0-fb01b1aeb9f7.png
Tyrese Rice,Tyrese,Jammal,Rice,Tyrese Rice,1987-05-15,M,G,1.85,87,Panathinaikos OPAP Athens,19-20,5,https://media-cdn.incrowdsports.com/adaff847-6d43-4afd-8908-1444bfaf8534.png
Wesley Johnson,Wesley,Ja Marr,Johnson,Wesley Johnson,1987-07-11,M,F,2.01,99,Panathinaikos OPAP Athens,19-20,24,https://media-cdn.incrowdsports.com/eae8d1c4-8b6d-43a0-816c-23e93a66fff9.png
Rion Brown,Rion,Cortez,Brown,Rion Brown,1991-09-03,M,F,1.97,93,Panathinaikos OPAP Athens,19-20,25,https://media-cdn.incrowdsports.com/308a975b-77aa-40de-ac00-f27032409ed8.png
Jimmer Fredette,Jimmer,,Fredette,Jimmer Fredette,1989-02-25,M,G,1.87,86,Panathinaikos OPAP Athens,19-20,32,https://media-cdn.incrowdsports.com/b7d4ed6b-394c-417a-ae67-d698ff688d47.png
Jacob Wiley,Jacob,Daniel,Wiley,Jacob Wiley,1994-09-04,M,F,2.02,98,Panathinaikos OPAP Athens,19-20,35,https://media-cdn.incrowdsports.com/cf61a2b2-6e03-4e39-8eb5-d880bebef649.png
Benjamin Bentil,Benjamin,,Bentil,Benjamin Bentil,1995-03-29,M,F,2.04,120,Panathinaikos OPAP Athens,19-20,50,https://media-cdn.incrowdsports.com/97552f0c-6cc5-4c64-8c3b-f3bf6b7af32c.png
Derrick Brown,Derrick,Paul,Brown,Derrick Brown,1987-09-08,M,F,2.03,103,Crvena Zvezda mts Belgrade,19-20,1,https://media-cdn.incrowdsports.com/8fddf0db-25a5-4821-95d4-fbead11ac569.png
Filip Covic,Filip,,Covic,Filip Covic,1989-06-05,M,G,1.8,85,Crvena Zvezda mts Belgrade,19-20,3,https://media-cdn.incrowdsports.com/8bcd4cc7-3125-4d71-8ae4-a872b165bc66.png
Lorenzo Brown,Lorenzo,D Ontez,Brown,Lorenzo Brown,1990-08-26,M,G,1.96,89,Crvena Zvezda mts Belgrade,19-20,4,https://media-cdn.incrowdsports.com/7e496c9a-41b8-46e0-855d-b64b3d25d26a.png
Stratos Perperoglou,Stratos,,Perperoglou,Stratos Perperoglou,1984-08-07,M,F,2.03,104,Crvena Zvezda mts Belgrade,19-20,5,https://media-cdn.incrowdsports.com/420ce713-fe13-4304-8c8e-88ca5b69528c.png
Dejan Davidovac,Dejan,,Davidovac,Dejan Davidovac,1995-01-17,M,F,2.02,95,Crvena Zvezda mts Belgrade,19-20,7,https://media-cdn.incrowdsports.com/4e94e6f2-c106-4223-85a7-3e99ff447099.png
Branko Lazic,Branko,,Lazic,Branko Lazic,1989-01-12,M,G,1.95,91,Crvena Zvezda mts Belgrade,19-20,10,https://media-cdn.incrowdsports.com/60dc0da4-7883-46d1-9950-45f7ec2f5ac2.png
Mouhammad Faye,Mouhammad,,Faye,Mouhammad Faye,1985-09-14,M,F,2.08,98,Crvena Zvezda mts Belgrade,19-20,11,https://media-cdn.incrowdsports.com/93af9292-dab5-4657-98c0-4ab033cb1472.png
Billy Baron,Billy,,Baron,Billy Baron,1990-12-11,M,G,1.88,88,Crvena Zvezda mts Belgrade,19-20,12,https://media-cdn.incrowdsports.com/6d9c61cd-6785-4216-8a6d-7edbb8e259e0.png
Ognjen Dobric,Ognjen,,Dobric,Ognjen Dobric,1994-10-27,M,G,2.0,93,Crvena Zvezda mts Belgrade,19-20,13,https://media-cdn.incrowdsports.com/dfcc34c3-b74e-4f6c-8ae0-1a61684b211d.png
James Gist,James,Clough,Gist,James Gist,1986-10-26,M,F,2.04,108,Crvena Zvezda mts Belgrade,19-20,15,https://media-cdn.incrowdsports.com/a8a2ac35-b6b4-48a2-8e77-6f470bf9a177.png
Charles Jenkins,Charles,,Jenkins,Charles Jenkins,1989-02-28,M,G,1.91,98,Crvena Zvezda mts Belgrade,19-20,22,https://media-cdn.incrowdsports.com/1a79c8f4-8080-4489-8adf-9e8965d789e6.png
Michael Ojo,Michael,Olalekan,Ojo,Michael Ojo,1993-01-05,M,C,2.16,138,Crvena Zvezda mts Belgrade,19-20,50,https://media-cdn.incrowdsports.com/057f02e4-c9d4-4956-9d2f-357d7c807e96.png
Gregory Monroe,Gregory,,Monroe,Gregory Monroe,1990-06-04,M,C,2.11,120,FC Bayern Munich,19-20,10,https://media-cdn.incrowdsports.com/dafc38bc-f6e4-420c-99ab-22eca2902720.png
Paul Zipser,Paul,Viktor Louis,Zipser,Paul Zipser,1994-02-18,M,F,2.03,102,FC Bayern Munich,19-20,16,https://media-cdn.incrowdsports.com/054dfc44-3507-41eb-a1ab-afc1fc1d1f9c.png
Demarcus Nelson,Demarcus,De Jaun,Nelson,Demarcus Nelson,1985-11-02,M,G,1.93,91,FC Bayern Munich,19-20,20,https://media-cdn.incrowdsports.com/c8cf0146-4c6a-4cc5-a65d-369dfea86abf.png
Diego Flaccadori,Diego,,Flaccadori,Diego Flaccadori,1996-04-05,M,G,1.93,80,FC Bayern Munich,19-20,21,https://media-cdn.incrowdsports.com/f2522d07-9da0-46e9-9333-ec1840aa00ce.png
Mathias Lessort,Mathias,Michel,Lessort,Mathias Lessort,1995-09-29,M,C,2.06,113,FC Bayern Munich,19-20,26,https://media-cdn.incrowdsports.com/4a048575-66a7-4dd1-8a28-2f5df7f754b8.png
Amedeo Della Valle,Amedeo,,Della Valle,Amedeo Della Valle,1993-04-11,M,G,1.93,84,AX Armani Exchange Milan,19-20,0,https://media-cdn.incrowdsports.com/ddbd3b43-3186-452a-a0b3-eacefeb8147e.png
Shelvin Mack,Shelvin,Bernard,Mack,Shelvin Mack,1990-04-22,M,G,1.91,92,AX Armani Exchange Milan,19-20,1,https://media-cdn.incrowdsports.com/e80c8e7e-d0f7-4ef4-8dc7-ec118fc01b5d.png
Paul Biligha,Paul,Stephane Lionel,Biligha,Paul Biligha,1990-05-31,M,C,2.0,106,AX Armani Exchange Milan,19-20,6,https://media-cdn.incrowdsports.com/dd96ab51-b2a0-4866-ac42-6c83dfc5fa9b.png
Riccardo Moraschini,Riccardo,,Moraschini,Riccardo Moraschini,1991-01-08,M,G,1.94,97,AX Armani Exchange Milan,19-20,9,https://media-cdn.incrowdsports.com/61b5651c-255f-44a3-8f8b-098fc93674db.png
Michael Roll,Michael,Brandon,Roll,Michael Roll,1987-06-12,M,G,1.98,92,AX Armani Exchange Milan,19-20,10,https://media-cdn.incrowdsports.com/c671305c-4111-4257-b55e-6f2410f569b2.png
Sergio Rodriguez,Sergio,,Rodriguez,Sergio Rodriguez,1986-06-12,M,G,1.91,83,AX Armani Exchange Milan,19-20,13,https://media-cdn.incrowdsports.com/e019f8d1-28e0-45ef-b568-83d947a4da9e.png
Kaleb Tarczewski,Kaleb,Erick,Tarczewski,Kaleb Tarczewski,1993-02-26,M,C,2.13,116,AX Armani Exchange Milan,19-20,15,https://media-cdn.incrowdsports.com/d0ccc1ae-6ca7-49c5-b1c6-0ee3c4d65fc7.png
Andrea Cinciarini,Andrea,,Cinciarini,Andrea Cinciarini,1986-06-21,M,G,1.93,87,AX Armani Exchange Milan,19-20,20,https://media-cdn.incrowdsports.com/42ed56fa-ca6d-4e24-9212-7f30178a4d91.png
Christian Burns,Christian,Charles,Burns,Christian Burns,1985-09-04,M,F,2.03,108,AX Armani Exchange Milan,19-20,23,https://media-cdn.incrowdsports.com/2b42b484-4018-46a5-9b08-dc8b1a53dbac.png
Aaron White,Aaron,Richard,White,Aaron White,1992-09-10,M,F,2.06,99,AX Armani Exchange Milan,19-20,30,https://media-cdn.incrowdsports.com/788c68d5-a523-4c0f-84cd-5fa82a3261f5.png
Jeff Brooks,Jeff,,Brooks,Jeff Brooks,1989-06-12,M,F,2.03,94,AX Armani Exchange Milan,19-20,32,https://media-cdn.incrowdsports.com/a4ddd14e-da79-43e5-a1cf-6849b04fa8b4.png
Luis Scola,Luis,Alberto,Scola,Luis Scola,1980-04-30,M,F,2.06,106,AX Armani Exchange Milan,19-20,40,
Nicolas Laprovittola,Nicolas,,Laprovittola,Nicolas Laprovittola,1990-01-31,M,G,1.9,83,Real Madrid,19-20,8,https://media-cdn.incrowdsports.com/f8734251-afdf-4494-a8b5-eb68193fe3a0.png
Usman Garuba,Usman,,Garuba,Usman Garuba,2002-03-09,M,C,2.03,104,Real Madrid,19-20,16,https://media-cdn.incrowdsports.com/ceffe1fb-117b-4f67-a606-a889e44d0f42.png
Jordan Mickey,Jordan,Grayson,Mickey,Jordan Mickey,1994-07-09,M,C,2.03,104,Real Madrid,19-20,25,https://media-cdn.incrowdsports.com/9e3ebe0d-4a8b-4075-b88d-1182ce9b2af1.png
Leo Westermann,Leo,Joseph Paul,Westermann,Leo Westermann,1992-07-24,M,G,1.98,90,Fenerbahce Beko Istanbul,19-20,9,https://media-cdn.incrowdsports.com/c6542812-7509-4625-8080-39e1f3a0b87e.png
Nando De Colo,Nando,,De Colo,Nando De Colo,1987-06-23,M,G,1.96,91,Fenerbahce Beko Istanbul,19-20,19,https://media-cdn.incrowdsports.com/0a61f036-a05a-475d-b11a-37f43eb0d65d.png
Derrick Williams,Derrick,Le Ron,Williams,Derrick Williams,1991-05-25,M,F,2.06,109,Fenerbahce Beko Istanbul,19-20,21,https://media-cdn.incrowdsports.com/65523539-3194-42db-aba2-457f73d10c6e.png
Berkay Candan,Berkay,,Candan,Berkay Candan,1993-05-22,M,F,2.05,101,Fenerbahce Beko Istanbul,19-20,32,https://media-cdn.incrowdsports.com/873e825f-0964-4451-bab0-08095b7e061d.png
Vladimir Stimac,Vladimir,,Stimac,Vladimir Stimac,1987-08-25,M,C,2.1,110,Fenerbahce Beko Istanbul,19-20,91,
Alex Perez,Alex,Daniel,Perez,Alex Perez,1993-07-01,M,G,1.91,86,Zalgiris Kaunas,19-20,2,https://media-cdn.incrowdsports.com/17c30f0a-4716-49ba-8502-e807e889031f.png
Lukas Lekavicius,Lukas,,Lekavicius,Lukas Lekavicius,1994-03-30,M,G,1.8,78,Zalgiris Kaunas,19-20,4,https://media-cdn.incrowdsports.com/d0a4b6e3-7ea4-4f7f-b300-326251efe016.png
Nigel Hayes Davis,Nigel,Alexander,Hayes Davis,Nigel Hayes Davis,1994-12-16,M,F,2.03,103,Zalgiris Kaunas,19-20,10,https://media-cdn.incrowdsports.com/d35daf30-dedb-4f32-b39a-a79ec0e932f9.png
Martinas Geben,Martinas,,Geben,Martinas Geben,1994-10-20,M,C,2.08,112,Zalgiris Kaunas,19-20,23,https://media-cdn.incrowdsports.com/224eba8a-9fc2-4ebc-8317-f4faf041b7d0.png
Zach Leday,Zach,,Leday,Zach Leday,1994-05-30,M,F,2.02,108,Zalgiris Kaunas,19-20,32,https://media-cdn.incrowdsports.com/0b886ccf-e934-4de2-be92-427688eaae40.png
Jock Landale,Jock,Alexander Hunter,Landale,Jock Landale,1995-10-25,M,C,2.11,109,Zalgiris Kaunas,19-20,34,https://media-cdn.incrowdsports.com/730ef725-94fc-4071-bec8-8e5da11ad266.png
Pierria Henry,Pierria,Lee Vaughntay,Henry,Pierria Henry,1993-01-20,M,G,1.93,88,KIROLBET Baskonia Vitoria-Gasteiz,19-20,7,https://media-cdn.incrowdsports.com/cf54a2f5-169a-44c9-abba-95dddfab6db0.png
Lautaro Tomas Lopez,Lautaro Tomas,Tomas,Lopez,Lautaro Tomas Lopez,1999-01-08,M,G,1.81,83,KIROLBET Baskonia Vitoria-Gasteiz,19-20,10,
Youssoupha Fall,Youssoupha,,Fall,Youssoupha Fall,1995-01-12,M,C,2.21,123,KIROLBET Baskonia Vitoria-Gasteiz,19-20,19,https://media-cdn.incrowdsports.com/7b1e2809-f2c1-4621-92f3-bd839cd1042c.png
Achille Polonara,Achille,,Polonara,Achille Polonara,1991-11-23,M,C,2.05,90,KIROLBET Baskonia Vitoria-Gasteiz,19-20,33,https://media-cdn.incrowdsports.com/426ceb53-c90f-4a4e-8bcc-b7ade93fb4c1.png
Michael Eric,Michael,Oluwaseun,Eric,Michael Eric,1988-06-24,M,C,2.1,112,KIROLBET Baskonia Vitoria-Gasteiz,19-20,50,https://media-cdn.incrowdsports.com/cc4ee27f-2380-46ed-ab5d-122ab23a25f4.png
Chris Singleton,Chris,,Singleton,Chris Singleton,1989-11-21,M,F,2.06,105,Anadolu Efes Istanbul,19-20,2,https://media-cdn.incrowdsports.com/3e8400b5-2cb0-4447-b4b8-964365da8096.png
Tolga Gecim,Tolga,,Gecim,Tolga Gecim,1996-03-27,M,F,2.06,102,Anadolu Efes Istanbul,19-20,8,https://media-cdn.incrowdsports.com/254afc9f-e28e-4d61-af4e-a8d92191cfb7.png
Omercan Ilyasoglu,Omercan,,Ilyasoglu,Omercan Ilyasoglu,2001-01-01,M,G,1.95,84,Anadolu Efes Istanbul,19-20,10,https://media-cdn.incrowdsports.com/72f0a842-0734-4e87-921f-6d3d8a8b9754.png
Alec Peters,Alec,Jeffrey,Peters,Alec Peters,1995-04-13,M,F,2.06,107,Anadolu Efes Istanbul,19-20,25,https://media-cdn.incrowdsports.com/8fd0f3b4-6973-4183-95ae-fb4e1a525e94.png
Brandon Davies,Brandon,Jameel,Davies,Brandon Davies,1991-07-25,M,C,2.08,106,FC Barcelona,19-20,0,https://media-cdn.incrowdsports.com/a6d36817-636c-428b-a4af-6920f83ea001.png
Adam Hanga,Adam,,Hanga,Adam Hanga,1989-04-12,M,F,2.0,94,FC Barcelona,19-20,8,https://media-cdn.incrowdsports.com/c9ccc0cd-07d8-4290-a2f9-c48a8e571bb6.png
Rolands Smits,Rolands,,Smits,Rolands Smits,1995-06-25,M,F,2.08,107,FC Barcelona,19-20,10,https://media-cdn.incrowdsports.com/d4cf7d4b-9544-4011-897a-78302c352997.png
Pierre Oriola,Pierre,David,Oriola,Pierre Oriola,1992-09-25,M,C,2.08,104,FC Barcelona,19-20,18,https://media-cdn.incrowdsports.com/a81c707f-ec11-48a7-84a2-f13ee0e71021.png
Alex Abrines,Alex,,Abrines,Alex Abrines,1993-08-01,M,F,1.98,94,FC Barcelona,19-20,21,https://media-cdn.incrowdsports.com/d04c5423-27a5-4be6-be2d-5ef8ec61f101.png
Cory Higgins,Cory,,Higgins,Cory Higgins,1989-06-14,M,G,1.95,85,FC Barcelona,19-20,22,https://media-cdn.incrowdsports.com/0383ac46-7135-4b4d-9072-dd571e2b6543.png
Malcolm Delaney,Malcolm,Hakeem,Delaney,Malcolm Delaney,1989-03-11,M,G,1.91,87,FC Barcelona,19-20,23,https://media-cdn.incrowdsports.com/69b25cdf-3389-4a6e-8abe-cab9b09643bb.png
Kyle Kuric,Kyle,Mathew,Kuric,Kyle Kuric,1989-08-25,M,F,1.93,85,FC Barcelona,19-20,24,https://media-cdn.incrowdsports.com/2d550ca3-2c2a-4d46-b8a7-6466797219d2.png
Victor Claver,Victor,,Claver,Victor Claver,1988-08-30,M,F,2.08,106,FC Barcelona,19-20,30,https://media-cdn.incrowdsports.com/8a7b5919-6452-4d3c-8488-bf930c82253d.png
Leandro Bolmaro,Leandro,Nicolas,Bolmaro,Leandro Bolmaro,2000-09-11,M,G,1.98,82,FC Barcelona,19-20,31,https://media-cdn.incrowdsports.com/fc653364-d6d0-4875-a815-9b8c9b058f8c.png
Nikola Mirotic,Nikola,,Mirotic,Nikola Mirotic,1991-02-11,M,F,2.08,106,FC Barcelona,19-20,33,https://media-cdn.incrowdsports.com/06c62d1f-0404-4ed3-90de-c0c2455ab79d.png
Ante Tomic,Ante,,Tomic,Ante Tomic,1987-02-17,M,C,2.17,111,FC Barcelona,19-20,44,https://media-cdn.incrowdsports.com/5c484f16-d8fc-4f3e-8333-824c7a73f518.png
Niels Giffey,Niels,,Giffey,Niels Giffey,1991-06-08,M,F,2.0,97,ALBA Berlin,19-20,5,https://media-cdn.incrowdsports.com/c6ea4e71-a19c-417b-b976-2c3289085df1.png
Malte Delow,Malte,,Delow,Malte Delow,2001-04-22,M,G,1.94,82,ALBA Berlin,19-20,6,https://media-cdn.incrowdsports.com/d33e9662-0381-4ee3-aef6-dab1165b9c17.png
Marcus Eriksson,Marcus,Per,Eriksson,Marcus Eriksson,1993-12-05,M,G,2.01,103,ALBA Berlin,19-20,8,https://media-cdn.incrowdsports.com/7361b8e7-2850-4b1e-a56b-daf0384f0a46.png
Jonas Mattisseck,Jonas,,Mattisseck,Jonas Mattisseck,2000-01-16,M,G,1.94,91,ALBA Berlin,19-20,9,https://media-cdn.incrowdsports.com/1e1099e9-79f6-4a12-87f9-5a83a715ac18.png
Tim Schneider,Tim,,Schneider,Tim Schneider,1997-09-01,M,F,2.08,102,ALBA Berlin,19-20,10,https://media-cdn.incrowdsports.com/f67bc68e-f1a0-47f5-ba6c-7ec8ba969469.png
Martin Hermannsson,Martin,,Hermannsson,Martin Hermannsson,1994-09-16,M,G,1.9,87,ALBA Berlin,19-20,15,https://media-cdn.incrowdsports.com/bc28bb0d-411f-472e-b491-77a9cc1189da.png
Kresimir Nikic,Kresimir,,Nikic,Kresimir Nikic,1999-04-16,M,C,2.13,101,ALBA Berlin,19-20,16,https://media-cdn.incrowdsports.com/2de3d4c8-05e7-4c1d-956d-ae49f380a9eb.png
Kenneth Ogbe,Kenneth,Osagie,Ogbe,Kenneth Ogbe,1994-11-16,M,G,1.98,85,ALBA Berlin,19-20,25,https://media-cdn.incrowdsports.com/49691374-0e53-4f96-ad75-66678b6612da.png
Rokas Giedraitis,Rokas,,Giedraitis,Rokas Giedraitis,1992-08-16,M,F,2.0,90,ALBA Berlin,19-20,31,https://media-cdn.incrowdsports.com/1a9ff01f-9bae-4a7e-8e2b-62c207530562.png
Tyler Cavanaugh,Tyler,Robert,Cavanaugh,Tyler Cavanaugh,1994-02-09,M,F,2.06,107,ALBA Berlin,19-20,34,https://media-cdn.incrowdsports.com/a9b385be-104b-4ed4-b907-46e64c37c80d.png
Landry Nnoko,Landry,Christ,Nnoko,Landry Nnoko,1994-04-09,M,C,2.08,111,ALBA Berlin,19-20,35,https://media-cdn.incrowdsports.com/65004b04-b97a-4506-9997-b378788b61d1.png
Luke Sikma,Luke,,Sikma,Luke Sikma,1989-07-30,M,F,2.03,107,ALBA Berlin,19-20,43,https://media-cdn.incrowdsports.com/3c61f646-845a-404e-89ad-2898d33bf932.png
Colton Iverson,Colton,Miller,Iverson,Colton Iverson,1989-06-29,M,C,2.13,116,Zenit St Petersburg,19-20,4,https://media-cdn.incrowdsports.com/b4f65400-5599-4de7-b4ee-1355447b42a1.png
Andrew Albicy,Andrew,Victor,Albicy,Andrew Albicy,1990-03-21,M,G,1.78,77,Zenit St Petersburg,19-20,6,https://media-cdn.incrowdsports.com/93d64f4c-8049-4108-b0c3-5f2700159c63.png
Anton Ponkrashov,Anton,,Ponkrashov,Anton Ponkrashov,1986-04-23,M,G,2.0,93,Zenit St Petersburg,19-20,7,https://media-cdn.incrowdsports.com/3cb4b2de-ae45-42ab-b9dd-7e51e1c54867.png
Austin James Hollins,Austin James,James,Hollins,Austin James Hollins,1991-11-08,M,G,1.93,86,Zenit St Petersburg,19-20,9,https://media-cdn.incrowdsports.com/fb118989-9304-4c5b-b476-1e30169649fc.png
Will Thomas,Will,,Thomas,Will Thomas,1986-07-01,M,F,2.03,110,Zenit St Petersburg,19-20,10,https://media-cdn.incrowdsports.com/40ec859a-1fd0-4845-8b62-1810519822f4.png
Alex Renfroe,Alex,,Renfroe,Alex Renfroe,1986-05-23,M,G,1.91,82,Zenit St Petersburg,19-20,12,https://media-cdn.incrowdsports.com/8093064d-dbbe-440e-9b42-07076422fe93.png
Vladislav Trushkin,Vladislav,,Trushkin,Vladislav Trushkin,1993-05-05,M,F,2.01,106,Zenit St Petersburg,19-20,16,https://media-cdn.incrowdsports.com/1fdd0c91-1d7b-4b5c-9760-8f85baa24c8b.png
Evgeny Voronov,Evgeny,,Voronov,Evgeny Voronov,1986-05-07,M,G,1.94,95,Zenit St Petersburg,19-20,18,https://media-cdn.incrowdsports.com/ad26552d-7d06-47fd-9da3-deb841c7b811.png
Andrey Zubkov,Andrey,,Zubkov,Andrey Zubkov,1991-06-29,M,F,2.06,100,Zenit St Petersburg,19-20,20,https://media-cdn.incrowdsports.com/c56f43a5-903b-40b1-9d46-0fbcc560dbd6.png
Tim Abromaitis,Tim,,Abromaitis,Tim Abromaitis,1989-09-17,M,F,2.03,107,Zenit St Petersburg,19-20,21,https://media-cdn.incrowdsports.com/73a3c135-6589-448c-855a-f6ec58720821.png
Mateusz Ponitka,Mateusz,Michal,Ponitka,Mateusz Ponitka,1993-08-29,M,F,1.98,94,Zenit St Petersburg,19-20,25,https://media-cdn.incrowdsports.com/2fcab6b4-c9a7-46e2-9ab3-6d373e8728f3.png
Gustavo Ayon,Gustavo,Alfonso,Ayon,Gustavo Ayon,1985-04-01,M,C,2.08,112,Zenit St Petersburg,19-20,34,https://media-cdn.incrowdsports.com/a4df7a02-dcb8-4b13-8704-776edd63be61.png
Edwin Jackson,Edwin,Pierre,Jackson,Edwin Jackson,1989-09-18,M,F,1.9,92,LDLC ASVEL Villeurbanne,19-20,1,https://media-cdn.incrowdsports.com/780020eb-44d7-4a59-9533-5626d2278cee.png
Jordan Taylor,Jordan,Michael,Taylor,Jordan Taylor,1989-09-30,M,G,1.88,88,LDLC ASVEL Villeurbanne,19-20,2,https://media-cdn.incrowdsports.com/2d6c02a1-f5b4-4e02-8b7a-d2a0517c243f.png
Tonye Jekiri,Tonye,Frank,Jekiri,Tonye Jekiri,1994-07-23,M,C,2.12,100,LDLC ASVEL Villeurbanne,19-20,3,https://media-cdn.incrowdsports.com/d4637807-dc7e-4930-9d8f-faee799f244b.png
Charles Kahudi,Charles,,Kahudi,Charles Kahudi,1986-07-19,M,F,1.96,104,LDLC ASVEL Villeurbanne,19-20,5,https://media-cdn.incrowdsports.com/dd432b3b-d297-4f85-a58f-5185b3855fdc.png
Theo Maledon,Theo,,Maledon,Theo Maledon,2001-06-12,M,G,1.92,81,LDLC ASVEL Villeurbanne,19-20,6,https://media-cdn.incrowdsports.com/4a8ffd06-1f3f-4e87-8bd2-99bc22da9b76.png
Charles Galliou,Charles,Gabriel Simon Marie,Galliou,Charles Galliou,1995-12-26,M,F,2.02,99,LDLC ASVEL Villeurbanne,19-20,11,https://media-cdn.incrowdsports.com/31c901e7-1597-48b6-b61d-390a0b9eee41.png
Amine Noua,Amine,,Noua,Amine Noua,1997-02-07,M,C,2.02,100,LDLC ASVEL Villeurbanne,19-20,12,https://media-cdn.incrowdsports.com/c583e7d3-9b5b-4181-a510-14719ec23ad7.png
Livio Jean Charles,Livio,Philippe,Jean Charles,Livio Jean Charles,1993-11-08,M,F,2.05,105,LDLC ASVEL Villeurbanne,19-20,17,https://media-cdn.incrowdsports.com/f4dd5ed7-ff1e-4da4-be97-7a874c795586.png
Antoine Diot,Antoine,Camille,Diot,Antoine Diot,1989-01-17,M,G,1.93,82,LDLC ASVEL Villeurbanne,19-20,19,https://media-cdn.incrowdsports.com/fadb7e1f-d0b9-4247-aafb-1dd08da2d244.png
Ismael Bako,Ismael,,Bako,Ismael Bako,1995-10-10,M,C,2.08,100,LDLC ASVEL Villeurbanne,19-20,21,https://media-cdn.incrowdsports.com/06327a24-dd9c-434c-8c8f-b471fddad3f1.png
David Lighty,David,Maurice,Lighty,David Lighty,1988-05-27,M,F,1.95,100,LDLC ASVEL Villeurbanne,19-20,23,https://media-cdn.incrowdsports.com/8b4b1223-3980-4907-8b34-9aaad352eb6a.png
Adreian Payne,Adreian,De Angleo,Payne,Adreian Payne,1991-02-19,M,C,2.08,108,LDLC ASVEL Villeurbanne,19-20,33,https://media-cdn.incrowdsports.com/afe92e67-28ac-412c-b060-66967838ec5a.png
Kevin Xavier Punter,Kevin Xavier,Xavier,Punter,Kevin Xavier Punter,1993-06-25,M,G,1.93,83,Olympiacos Piraeus,19-20,0,https://media-cdn.incrowdsports.com/991f130c-11ed-47f4-a94f-75417578adfd.png
Wade Baldwin,Wade,M,Baldwin,Wade Baldwin,1996-03-29,M,G,1.93,90,Olympiacos Piraeus,19-20,2,https://media-cdn.incrowdsports.com/52059234-9bb4-4251-99c4-9c90dee3de0e.png
Brandon Paul,Brandon,Stephan,Paul,Brandon Paul,1991-04-30,M,G,1.93,91,Olympiacos Piraeus,19-20,3,https://media-cdn.incrowdsports.com/4dbef2a0-2458-42d3-a3af-f95670ed5b8e.png
Will Cherry,Will,,Cherry,Will Cherry,1991-02-08,M,G,1.85,85,Olympiacos Piraeus,19-20,10,https://media-cdn.incrowdsports.com/3ce06e5b-d026-4300-9c13-7bf8cc6cf22d.png
Mindaugas Kuzminskas,Mindaugas,,Kuzminskas,Mindaugas Kuzminskas,1989-10-19,M,F,2.05,103,Olympiacos Piraeus,19-20,19,https://media-cdn.incrowdsports.com/8700874e-5de7-4932-b211-13653e2d2ef8.png
Augustine Rubit,Augustine,,Rubit,Augustine Rubit,1989-08-14,M,C,2.03,104,Olympiacos Piraeus,19-20,21,https://media-cdn.incrowdsports.com/482167f6-912d-4c03-a956-f9852c0757e0.png
Ethan Happ,Ethan,,Happ,Ethan Happ,1996-05-07,M,C,2.08,98,Olympiacos Piraeus,19-20,22,https://media-cdn.incrowdsports.com/f5a093a2-46fd-49ee-9baa-ab6833dca13c.png
Vanja Marinkovic,Vanja,,Marinkovic,Vanja Marinkovic,1997-01-09,M,G,1.98,95,Valencia Basket,19-20,2,https://media-cdn.incrowdsports.com/0da432e7-02e8-40b2-a28b-014edd28f21f.png
Maurice Ndour,Maurice,Daly,Ndour,Maurice Ndour,1992-06-18,M,F,2.06,91,Valencia Basket,19-20,5,https://media-cdn.incrowdsports.com/47c40448-1c44-4581-bb38-7976f00a7bc3.png
Alberto Abalde,Alberto,,Abalde,Alberto Abalde,1995-12-15,M,F,2.02,95,Valencia Basket,19-20,6,
Louis Labeyrie,Louis,,Labeyrie,Louis Labeyrie,1992-02-11,M,F,2.09,105,Valencia Basket,19-20,7,https://media-cdn.incrowdsports.com/f40f3edd-7465-4613-8053-090b0492c1c1.png
Sam Van Rossom,Sam,Tom B,Van Rossom,Sam Van Rossom,1986-06-03,M,G,1.88,88,Valencia Basket,19-20,9,https://media-cdn.incrowdsports.com/2ab185ba-d107-48b9-915b-5c76663051e8.png
Mike Tobey,Mike,,Tobey,Mike Tobey,1994-10-10,M,C,2.13,115,Valencia Basket,19-20,10,https://media-cdn.incrowdsports.com/a9faacb8-7a9b-406f-b8d3-76c53fa9fcef.png
Brock Motum,Brock,William,Motum,Brock Motum,1990-10-16,M,C,2.08,110,Valencia Basket,19-20,12,https://media-cdn.incrowdsports.com/f3c6944b-5034-4f77-9979-148422d4e025.png
Bojan Dubljevic,Bojan,,Dubljevic,Bojan Dubljevic,1991-10-24,M,C,2.05,105,Valencia Basket,19-20,14,https://media-cdn.incrowdsports.com/f985a71b-49e0-439c-9a13-86b3200ba021.png
Guillem Vives,Guillem,,Vives,Guillem Vives,1993-06-16,M,G,1.92,84,Valencia Basket,19-20,16,https://media-cdn.incrowdsports.com/da1f6a2b-8b2a-4d0c-aff8-06c424760e8f.png
Fernando San Emeterio,Fernando,,San Emeterio,Fernando San Emeterio,1984-01-01,M,F,,,Valencia Basket,19-20,19,https://media-cdn.incrowdsports.com/7bce1d25-9eb2-41fe-9395-b967cf63554d.png
Joan Sastre,Joan,,Sastre,Joan Sastre,1991-12-10,M,F,2.01,82,Valencia Basket,19-20,30,https://media-cdn.incrowdsports.com/7a65538b-1091-4fc0-9eb8-c32d3b4a4b9f.png
Aaron Doornekamp,Aaron,Rene,Doornekamp,Aaron Doornekamp,1985-12-05,M,F,2.01,99,Valencia Basket,19-20,42,https://media-cdn.incrowdsports.com/d2091c29-8a29-471e-b2d4-dd9a0903af44.png
Mike James,Mike,,James,Mike James,1990-08-18,M,G,1.85,90,CSKA Moscow,19-20,5,https://media-cdn.incrowdsports.com/bfa99101-7cd6-4c84-98ba-5d13cc3a7b64.png
Janis Strelnieks,Janis,,Strelnieks,Janis Strelnieks,1989-09-01,M,G,1.91,90,CSKA Moscow,19-20,13,https://media-cdn.incrowdsports.com/3cb698b4-5cb3-4a2d-bb29-5e82faa0e3e5.png
Johannes Voigtmann,Johannes,,Voigtmann,Johannes Voigtmann,1992-09-30,M,F,2.11,111,CSKA Moscow,19-20,17,https://media-cdn.incrowdsports.com/59718198-6857-4297-a4d3-3242301f4b87.png
Darrun Hilliard,Darrun,Cordell,Hilliard,Darrun Hilliard,1993-04-13,M,G,1.98,104,CSKA Moscow,19-20,32,https://media-cdn.incrowdsports.com/300065f2-8276-43a5-971c-961a05699824.png
Ron Baker,Ron,,Baker,Ron Baker,1993-03-30,M,G,1.93,100,CSKA Moscow,19-20,84,https://media-cdn.incrowdsports.com/6dfd5139-146e-4733-b87e-81164b097dca.png
Rihards Lomazs,Rihards,,Lomazs,Rihards Lomazs,1996-04-13,M,F,1.87,90,LDLC ASVEL Villeurbanne,19-20,9,https://media-cdn.incrowdsports.com/161b4e11-8e70-4bd1-a53f-84ce046ce108.png
Matthew Strazel,Matthew,,Strazel,Matthew Strazel,2002-08-05,M,G,1.82,78,LDLC ASVEL Villeurbanne,19-20,32,https://media-cdn.incrowdsports.com/e0e5f6fd-ee03-4bb9-bdaf-aad0e4e3a74e.png
Sergei Balashov,Sergei,,Balashov,Sergei Balashov,1996-07-20,M,F,2.06,105,Zenit St Petersburg,19-20,11,
Konstantin Shevchuk,Konstantin,,Shevchuk,Konstantin Shevchuk,2000-01-11,M,G,1.9,77,Zenit St Petersburg,19-20,15,
Artem Pustovyi,Artem,,Pustovyi,Artem Pustovyi,1992-06-25,M,C,2.18,115,FC Barcelona,19-20,14,https://media-cdn.incrowdsports.com/15e57576-2c54-4b97-add7-f2283d008a07.png
Chris Kramer,Chris,,Kramer,Chris Kramer,1988-04-04,M,G,1.91,98,Khimki Moscow Region,19-20,3,https://media-cdn.incrowdsports.com/d6cc153d-e558-4c28-a7d9-fede13192ace.png
Maksim Barashkov,Maksim,,Barashkov,Maksim Barashkov,1998-07-10,M,F,2.01,93,Khimki Moscow Region,19-20,34,https://media-cdn.incrowdsports.com/b8e36753-f78e-4eb4-af92-795e6cdf1511.png
Dairis Bertans,Dairis,,Bertans,Dairis Bertans,1989-09-09,M,G,1.92,90,Khimki Moscow Region,19-20,45,https://media-cdn.incrowdsports.com/a5af67eb-5374-45b7-81f3-d2547c826ca0.png
Nikolas Stauskas,Nikolas,,Stauskas,Nikolas Stauskas,1993-10-07,M,G,1.97,94,KIROLBET Baskonia Vitoria-Gasteiz,19-20,22,https://media-cdn.incrowdsports.com/2fcc9832-5902-47aa-9331-92d50bcfaf4a.png
Makai Mason,Makai,Salaam,Mason,Makai Mason,1995-05-04,M,G,1.85,90,ALBA Berlin,19-20,1,https://media-cdn.incrowdsports.com/139c37fb-0e7b-4426-b439-61211122ad44.png
Peyton Siva,Peyton,Robert,Siva,Peyton Siva,1990-10-24,M,G,1.82,85,ALBA Berlin,19-20,3,https://media-cdn.incrowdsports.com/a4420a3c-6277-4d2c-a3dc-391f8cf5bd05.png
Antonios Koniaris,Antonios,,Koniaris,Antonios Koniaris,1997-09-30,M,G,1.96,85,Olympiacos Piraeus,19-20,6,https://media-cdn.incrowdsports.com/26566bba-bb7a-4bd6-8fbc-29e334e65c25.png
Quino Colom,Quino,,Colom,Quino Colom,1988-11-01,M,G,1.88,88,Valencia Basket,19-20,1,https://media-cdn.incrowdsports.com/e10c0ea6-7888-4a99-97f0-11a2c96ff966.png
Jordan Loyd,Jordan,Kenneth,Loyd,Jordan Loyd,1993-07-27,M,G,1.93,80,Valencia Basket,19-20,3,https://media-cdn.incrowdsports.com/81561704-7fb8-4ba7-9266-868dd9258567.png
Vladimir Micov,Vladimir,,Micov,Vladimir Micov,1985-04-16,M,F,2.01,101,AX Armani Exchange Milan,19-20,5,https://media-cdn.incrowdsports.com/4bdb6c3d-c0d8-4eb4-8057-ad957fce0f19.png
Sergey Karasev,Sergey,,Karasev,Sergey Karasev,1993-10-26,M,F,2.01,95,Khimki Moscow Region,19-20,7,https://media-cdn.incrowdsports.com/35fede50-c36f-4514-b5b5-2bd1e61f906d.png
Dmitry Khvostov,Dmitry,,Khvostov,Dmitry Khvostov,1989-08-21,M,G,1.9,81,Zenit St Petersburg,19-20,13,https://media-cdn.incrowdsports.com/6838eaef-3f34-44c1-9a24-bf1e609f1498.png
Anton Pushkov,Anton,,Pushkov,Anton Pushkov,1988-11-22,M,C,2.08,100,Zenit St Petersburg,19-20,14,https://media-cdn.incrowdsports.com/38a21c8e-9955-439c-b75f-9abfe48ebc10.png
Sasha Grant,Sasha,Mattias,Grant,Sasha Grant,2002-02-15,M,F,1.98,103,FC Bayern Munich,19-20,44,
Ognjen Kuzmic,Ognjen,,Kuzmic,Ognjen Kuzmic,1990-05-16,M,C,2.13,121,Crvena Zvezda mts Belgrade,19-20,0,https://media-cdn.incrowdsports.com/7c868082-e51c-4340-938d-388bb4e62237.png
Borisa Simanic,Borisa,,Simanic,Borisa Simanic,1998-03-20,M,F,2.09,92,Crvena Zvezda mts Belgrade,19-20,28,https://media-cdn.incrowdsports.com/29ea2832-6918-4dc6-ba6c-59b069c7cff9.png
Sergi Martinez,Sergi,,Martinez,Sergi Martinez,1999-05-10,M,F,2.02,92,FC Barcelona,19-20,32,https://media-cdn.incrowdsports.com/3b29650c-745c-4529-95b8-3df1d5a6c5a3.png
Karolis Lukosiunas,Karolis,,Lukosiunas,Karolis Lukosiunas,1997-08-04,M,F,1.95,88,Zalgiris Kaunas,19-20,16,
Kerr Kriisa,Kerr,,Kriisa,Kerr Kriisa,2001-01-02,M,G,1.89,77,Zalgiris Kaunas,19-20,77,
Johannes Thiemann,Johannes,Pierre Loti,Thiemann,Johannes Thiemann,1994-02-09,M,C,2.05,92,ALBA Berlin,19-20,32,https://media-cdn.incrowdsports.com/ecda903c-a688-49e6-b1cd-4cd791143fb4.png
Arturas Gudaitis,Arturas,,Gudaitis,Arturas Gudaitis,1993-06-19,M,C,2.13,121,AX Armani Exchange Milan,19-20,7,https://media-cdn.incrowdsports.com/c1ceb7ac-c0b7-4210-9741-b9c7a104460b.png
Nemanja Nedovic,Nemanja,,Nedovic,Nemanja Nedovic,1991-06-16,M,G,1.92,89,AX Armani Exchange Milan,19-20,16,https://media-cdn.incrowdsports.com/79fc67ae-ddee-4a64-a3ef-cc4789ab7f14.png
Austin Hollins,Austin,James,Hollins,Austin Hollins,1991-11-08,M,G,1.93,86,Zenit St Petersburg,19-20,9,https://media-cdn.incrowdsports.com/fb118989-9304-4c5b-b476-1e30169649fc.png
Kevin Punter,Kevin,Xavier,Punter,Kevin Punter,1993-06-25,M,G,1.93,83,Olympiacos Piraeus,19-20,0,https://media-cdn.incrowdsports.com/991f130c-11ed-47f4-a94f-75417578adfd.png
Taylor Rochestie,Taylor,Campbell,Rochestie,Taylor Rochestie,1985-07-01,M,G,1.86,88,Olympiacos Piraeus,19-20,1,
Willie Reed,Willie,,Reed,Willie Reed,1990-05-16,M,C,2.11,111,Olympiacos Piraeus,19-20,33,
Nik Stauskas,Nik,,Stauskas,Nik Stauskas,1993-10-07,M,G,1.97,94,KIROLBET Baskonia Vitoria-Gasteiz,19-20,22,https://media-cdn.incrowdsports.com/2fcc9832-5902-47aa-9331-92d50bcfaf4a.png
Greg Monroe,Greg,,Monroe,Greg Monroe,1990-06-04,M,C,2.11,120,FC Bayern Munich,19-20,10,https://media-cdn.incrowdsports.com/dafc38bc-f6e4-420c-99ab-22eca2902720.png
Nemanja Nenadic,Nemanja,,Nenadic,Nemanja Nenadic,1994-01-02,M,F,1.97,90,Crvena Zvezda mts Belgrade,19-20,9,https://media-cdn.incrowdsports.com/e9864096-1c7e-456f-bf51-992023093f56.png
Kosta Koufos,Kosta,,Koufos,Kosta Koufos,1989-02-24,M,C,2.13,111,CSKA Moscow,19-20,31,https://media-cdn.incrowdsports.com/622a7e5a-f8b3-4a1e-9099-fe6aee00255a.png
Evgeny Valiev,Evgeny,,Valiev,Evgeny Valiev,1990-05-03,M,F,2.05,100,Khimki Moscow Region,19-20,31,https://media-cdn.incrowdsports.com/86833376-f95f-4d29-b89a-b2d9dd64fd98.png
Lorenz Brenneke,Lorenz,Volker,Brenneke,Lorenz Brenneke,2000-01-02,M,F,2.04,95,ALBA Berlin,19-20,11,https://media-cdn.incrowdsports.com/99f685bf-d4aa-4980-9120-6401973bd5d0.png
Sandy Cohen,Sandy,,Cohen,Sandy Cohen,1995-09-22,M,G,1.98,85,Maccabi FOX Tel Aviv,19-20,6,https://media-cdn.incrowdsports.com/cb5df9f9-7b71-48cd-869e-c7e1940b5980.png
Pau Ribas,Pau,,Ribas,Pau Ribas,1987-03-02,M,G,1.94,83,FC Barcelona,19-20,5,https://media-cdn.incrowdsports.com/c78b189f-d8b3-40b1-bb7b-2755daef22c6.png
Nikola Jovanovic,Nikola,,Jovanovic,Nikola Jovanovic,1994-01-06,M,C,2.11,109,Crvena Zvezda mts Belgrade,19-20,32,https://media-cdn.incrowdsports.com/bb89b404-adb7-427c-85b0-fc2305a4618b.png
Lautaro Lopez,Lautaro,Tomas,Lopez,Lautaro Lopez,1999-01-08,M,G,1.81,83,KIROLBET Baskonia Vitoria-Gasteiz,19-20,10,
Ekrem Sancakli,Ekrem,,Sancakli,Ekrem Sancakli,2001-04-26,M,G,1.94,92,Fenerbahce Beko Istanbul,19-20,8,https://media-cdn.incrowdsports.com/0b498954-26ee-450b-b7cc-2256a27b43c6.png
Bogdan Radosavljevic,Bogdan,,Radosavljevic,Bogdan Radosavljevic,1993-07-11,M,C,2.13,117,ALBA Berlin,19-20,2,
Kc Rivers,Kc,,Rivers,Kc Rivers,1987-03-01,M,G,1.96,97,Zalgiris Kaunas,19-20,1,
Sergi Garcia,Sergi,,Garcia,Sergi Garcia,1997-02-17,M,F,1.93,86,KIROLBET Baskonia Vitoria-Gasteiz,19-20,17,
Salah Mejri,Salah,,Mejri,Salah Mejri,1986-06-15,M,C,2.17,105,Real Madrid,19-20,50,
Joshua Huestis,Joshua,Sutton,Huestis,Joshua Huestis,1991-12-19,M,F,2.01,104,FC Bayern Munich,19-20,34,https://media-cdn.incrowdsports.com/590c6a64-f978-4790-94db-901c7bbf4cc6.png
Millan Jimenez Garrido,Millan,,Jimenez Garrido,Millan Jimenez Garrido,2002-09-16,M,G,1.98,86,Valencia Basket,19-20,40,
Marko Jagodic Kuridza,Marko,,Jagodic Kuridza,Marko Jagodic Kuridza,1987-05-15,M,F,2.05,104,Crvena Zvezda mts Belgrade,19-20,21,
Vladimir Stimac,Vladimir,,Stimac,Vladimir Stimac,1987-08-25,M,C,2.1,110,Crvena Zvezda mts Belgrade,19-20,91,
Kevin Punter,Kevin,Xavier,Punter,Kevin Punter,1993-06-25,M,G,1.93,83,Crvena Zvezda mts Belgrade,19-20,0,https://media-cdn.incrowdsports.com/991f130c-11ed-47f4-a94f-75417578adfd.png
Jalen Reynolds,Jalen,,Reynolds,Jalen Reynolds,1992-12-30,M,C,2.07,105,Maccabi FOX Tel Aviv,19-20,3,
Aaron Jackson,Aaron,Lee,Jackson,Aaron Jackson,1986-05-06,M,G,1.9,83,Maccabi FOX Tel Aviv,19-20,9,
Malcolm Thomas,Malcolm,Iseiah,Thomas,Malcolm Thomas,1988-11-08,M,C,2.06,103,Fenerbahce Beko Istanbul,19-20,23,
Keifer Sykes,Keifer,J,Sykes,Keifer Sykes,1993-12-30,M,G,1.83,77,AX Armani Exchange Milan,19-20,28,
Mario Nakic,Mario,,Nakic,Mario Nakic,2001-06-14,M,F,2.02,99,Real Madrid,19-20,17,https://media-cdn.incrowdsports.com/9b2a81a0-5c10-4a75-bff5-a8043b671031.png
James Nunnally,James,William,Nunnally,James Nunnally,1990-07-14,M,F,2.01,93,Fenerbahce Beko Istanbul,19-20,2,
Zan Sisko,Zan,,Sisko,Zan Sisko,1997-06-29,M,G,1.89,82,FC Bayern Munich,19-20,31,
Vasilis Charalampopoulos,Vasilis,,Charalampopoulos,Vasilis Charalampopoulos,1997-01-06,M,F,2.02,105,Olympiacos Piraeus,19-20,4,
Howard Sant Roos,Howard,Powell,Sant Roos,Howard Sant Roos,1991-02-13,M,F,2.01,85,CSKA Moscow,19-20,26,https://media-cdn.incrowdsports.com/ce6f04aa-32ff-4236-a4da-0f3c80b8b7ac.png
Andrew Jay Rautins,Andrew Jay,,Rautins,Andrew Jay Rautins,1986-11-02,M,G,1.93,86,Panathinaikos OPAP Athens,19-20,8,
Thomas Bray,Thomas,,Bray,Thomas Bray,1992-06-14,M,G,1.96,97,FC Bayern Munich,19-20,5,https://media-cdn.incrowdsports.com/b3c06061-35ac-4a02-8fa1-b4ab9d4a9c27.png
Andy Rautins,Andy,,Rautins,Andy Rautins,1986-11-02,M,G,1.93,86,Panathinaikos OPAP Athens,19-20,8,
Tomas Pavelka,Tomas,,Pavelka,Tomas Pavelka,2000-09-22,M,C,2.14,98,Valencia Basket,19-20,43,
Octavius Ellis,Octavius,Todd Humes,Ellis,Octavius Ellis,1993-03-10,M,C,2.08,103,Olympiacos Piraeus,19-20,32,
Semaj Christon,Semaj,Rakim,Christon,Semaj Christon,1992-11-01,M,G,1.91,85,KIROLBET Baskonia Vitoria-Gasteiz,19-20,6,
Amar'E Stoudemire,Amar'E,,Stoudemire,Amar'E Stoudemire,1982-11-16,M,C,2.08,111,Maccabi FOX Tel Aviv,19-20,32,
Thomas Heurtel,Thomas,David,Heurtel,Thomas Heurtel,1989-04-10,M,G,1.89,83,FC Barcelona,19-20,13,
Drew Crawford,Drew,,Crawford,Drew Crawford,1990-10-18,M,F,1.96,98,AX Armani Exchange Milan,19-20,22,
Alexandros Nikolaidis,Alexandros,,Nikolaidis,Alexandros Nikolaidis,2002-08-21,M,G,1.9,68,Olympiacos Piraeus,19-20,5,
Zoran Dragic,Zoran,,Dragic,Zoran Dragic,1989-06-22,M,F,1.96,90,KIROLBET Baskonia Vitoria-Gasteiz,19-20,30,
Konstantinos Papadakis,Konstantinos,,Papadakis,Konstantinos Papadakis,1998-09-27,M,G,1.91,84,Panathinaikos OPAP Athens,19-20,23,https://media-cdn.incrowdsports.com/f8d39144-e376-4d86-8c88-f341e475f442.png
Thomas Robinson,Thomas,Earl,Robinson,Thomas Robinson,1991-03-17,M,C,2.08,108,Khimki Moscow Region,19-20,0,
Jason George,Jason,,George,Jason George,2001-05-21,M,G,1.98,90,FC Bayern Munich,19-20,1,
Guillem Ferrando Porro,Guillem,,Ferrando Porro,Guillem Ferrando Porro,2002-01-08,M,G,1.85,81,Valencia Basket,19-20,45,
Dwight Buycks,Dwight,,Buycks,Dwight Buycks,1989-03-06,M,G,1.91,88,Olympiacos Piraeus,19-20,8,
Vasileios Christidis,Vasileios,,Christidis,Vasileios Christidis,1998-07-10,M,F,2.0,88,Olympiacos Piraeus,19-20,41,
Shaquielle McKissic,Shaquielle,Oneal,McKissic,Shaquielle McKissic,1990-08-17,M,G,1.96,95,Olympiacos Piraeus,19-20,77,
Kalin Lucas,Kalin,Jay,Lucas,Kalin Lucas,1989-05-24,M,G,1.85,88,Crvena Zvezda mts Belgrade,19-20,16,
Davion Berry,Davion,Christopher Lamont,Berry,Davion Berry,1991-11-01,M,G,1.92,85,LDLC ASVEL Villeurbanne,19-20,7,
Guerschon Yabusele,Guerschon,,Yabusele,Guerschon Yabusele,1995-12-17,M,F,2.04,123,LDLC ASVEL Villeurbanne,19-20,28,
