team_id,franchise_id,season_id,conference,type,name,abbreviation,logo_url,color
Khimki Moscow Region,BC Khimki,19-20,,M,Khimki Moscow Region,KHI,https://media-cdn.incrowdsports.com/04bd9ac1-e8ed-4b35-8878-272596e5c7d6.png,
Maccabi FOX Tel Aviv,Maccabi Tel Aviv B.C.,19-20,,M,Maccabi FOX Tel Aviv,MTA,https://media-cdn.incrowdsports.com/5c55ef14-29df-4328-bd52-a7a64c432350.png,#FFF100
Panathinaikos OPAP Athens,Panathinaikos B.C.,19-20,,M,Panathinaikos OPAP Athens,PAO,https://media-cdn.incrowdsports.com/696724ea-a92f-456e-8572-aca4ce0ff025.png,#007135
Crvena Zvezda mts Belgrade,KK Crvena zvezda,19-20,,M,Crvena Zvezda mts Belgrade,CZV,https://media-cdn.incrowdsports.com/d2eef4a8-62df-4fdd-9076-276004268515.png,#E91D26
FC Bayern Munich,FC Bayern Munich (basketball),19-20,,M,FC Bayern Munich,BAY,https://media-cdn.incrowdsports.com/817b0e58-d595-4b09-ab0b-1e7cc26249ff.png,#E11837
AX Armani Exchange Milan,Olimpia Milano,19-20,,M,AX Armani Exchange Milan,AXM,https://media-cdn.incrowdsports.com/8154f184-c61a-4e7f-b14d-9d802e35cb95.png,#E1261D
Real Madrid,Real Madrid Baloncesto,19-20,,M,Real Madrid,RMB,https://media-cdn.incrowdsports.com/1a3e1404-4f6f-4ede-9d8b-30eee7cb51b4.png,#004996
Fenerbahce Beko Istanbul,Fenerbahçe S.K. (basketball),19-20,,M,Fenerbahce Beko Istanbul,FNB,https://media-cdn.incrowdsports.com/0233ebbb-f3a2-49ea-837c-7fd3e661e672.png,#FFED00
Zalgiris Kaunas,BC Žalgiris,19-20,,M,Zalgiris Kaunas,ZAL,https://media-cdn.incrowdsports.com/1f04fd8a-1fd4-43f9-b507-06c09a1a3a5d.png,#0C6F3E
KIROLBET Baskonia Vitoria-Gasteiz,Saski Baskonia,19-20,,M,KIROLBET Baskonia Vitoria-Gasteiz,KBA,https://media-cdn.incrowdsports.com/e324a6af-2a72-443e-9813-8bf2d364ddab.png,#0A2240
Anadolu Efes Istanbul,Anadolu Efes S.K.,19-20,,M,Anadolu Efes Istanbul,EFS,https://media-cdn.incrowdsports.com/8ea8cec7-d8f7-45f4-a956-d976b5867610.png,#002D74
FC Barcelona,FC Barcelona Bàsquet,19-20,,M,FC Barcelona,FCB,https://media-cdn.incrowdsports.com/35dfa503-e417-481f-963a-bdf6f013763e.png,#023485
ALBA Berlin,Alba Berlin,19-20,,M,ALBA Berlin,BER,https://media-cdn.incrowdsports.com/ccc34858-22b0-47dc-904c-9940b0a16ff3.png,#FFD100
Zenit St Petersburg,BC Zenit Saint Petersburg,19-20,,M,Zenit St Petersburg,ZEN,https://media-cdn.incrowdsports.com/4c571fd6-52f1-428c-94a5-9143fbbb4fe3.png,
LDLC ASVEL Villeurbanne,ASVEL Basket,19-20,,M,LDLC ASVEL Villeurbanne,ASV,https://media-cdn.incrowdsports.com/e33c6d1a-95ca-4dbc-b8cb-0201812104cc.png,#929292
Olympiacos Piraeus,Olympiacos B.C.,19-20,,M,Olympiacos Piraeus,OLY,https://media-cdn.incrowdsports.com/789423ac-3cdf-4b89-b11c-b458aa5f59a6.png,#D1061F
Valencia Basket,Valencia Basket,19-20,,M,Valencia Basket,VBC,https://media-cdn.incrowdsports.com/efd12730-f2ea-4830-9caa-7f2f676079c2.png,#FF6C0E
CSKA Moscow,PBC CSKA Moscow,19-20,,M,CSKA Moscow,CSK,https://media-cdn.incrowdsports.com/b6a59212-7feb-4f8c-86c2-5e8f07625e3e.png,
