season_id,edition_id,game_id,website_id,date,type,phase,round,status,home_team_id,away_team_id,home_score,away_score,number_of_overtimes
21-22,21-22 EL,2021-09-30:AS Monaco-Panathinaikos OPAP Athens,E2021:1,2021-09-30 19:00:00,RS,RS,1,played,AS Monaco,Panathinaikos OPAP Athens,75,63,0
21-22,21-22 EL,2021-09-30:Maccabi Playtika Tel Aviv-FC Bayern Munich,E2021:2,2021-09-30 20:05:00,RS,RS,1,played,Maccabi Playtika Tel Aviv,FC Bayern Munich,69,68,0
21-22,21-22 EL,2021-09-30:AX Armani Exchange Milan-CSKA Moscow,E2021:3,2021-09-30 20:30:00,RS,RS,1,played,AX Armani Exchange Milan,CSKA Moscow,84,74,0
21-22,21-22 EL,2021-09-30:Real Madrid-Anadolu Efes Istanbul,E2021:4,2021-09-30 20:45:00,RS,RS,1,played,Real Madrid,Anadolu Efes Istanbul,82,69,0
21-22,21-22 EL,2021-10-01:UNICS Kazan-Zenit St Petersburg,E2021:5,2021-10-01 18:00:00,RS,RS,1,played,UNICS Kazan,Zenit St Petersburg,69,70,0
21-22,21-22 EL,2021-10-01:Fenerbahce Beko Istanbul-Crvena Zvezda mts Belgrade,E2021:6,2021-10-01 19:45:00,RS,RS,1,played,Fenerbahce Beko Istanbul,Crvena Zvezda mts Belgrade,61,57,0
21-22,21-22 EL,2021-10-01:Olympiacos Piraeus-Bitci Baskonia Vitoria-Gasteiz,E2021:8,2021-10-01 20:00:00,RS,RS,1,played,Olympiacos Piraeus,Bitci Baskonia Vitoria-Gasteiz,75,50,0
21-22,21-22 EL,2021-10-01:LDLC ASVEL Villeurbanne-Zalgiris Kaunas,E2021:7,2021-10-01 20:00:00,RS,RS,1,played,LDLC ASVEL Villeurbanne,Zalgiris Kaunas,88,76,0
21-22,21-22 EL,2021-10-01:FC Barcelona-ALBA Berlin,E2021:9,2021-10-01 21:00:00,RS,RS,1,played,FC Barcelona,ALBA Berlin,96,64,0
21-22,21-22 EL,2021-10-07:Zalgiris Kaunas-Zenit St Petersburg,E2021:10,2021-10-07 19:00:00,RS,RS,2,played,Zalgiris Kaunas,Zenit St Petersburg,64,70,0
21-22,21-22 EL,2021-10-07:Panathinaikos OPAP Athens-Fenerbahce Beko Istanbul,E2021:11,2021-10-07 20:00:00,RS,RS,2,played,Panathinaikos OPAP Athens,Fenerbahce Beko Istanbul,91,87,0
21-22,21-22 EL,2021-10-07:Maccabi Playtika Tel Aviv-Crvena Zvezda mts Belgrade,E2021:12,2021-10-07 20:05:00,RS,RS,2,played,Maccabi Playtika Tel Aviv,Crvena Zvezda mts Belgrade,63,75,0
21-22,21-22 EL,2021-10-07:FC Bayern Munich-FC Barcelona,E2021:13,2021-10-07 20:30:00,RS,RS,2,played,FC Bayern Munich,FC Barcelona,72,80,0
21-22,21-22 EL,2021-10-08:UNICS Kazan-AS Monaco,E2021:14,2021-10-08 18:00:00,RS,RS,2,played,UNICS Kazan,AS Monaco,80,88,1
21-22,21-22 EL,2021-10-08:Anadolu Efes Istanbul-CSKA Moscow,E2021:15,2021-10-08 19:30:00,RS,RS,2,played,Anadolu Efes Istanbul,CSKA Moscow,96,100,0
21-22,21-22 EL,2021-10-08:ALBA Berlin-LDLC ASVEL Villeurbanne,E2021:16,2021-10-08 20:00:00,RS,RS,2,played,ALBA Berlin,LDLC ASVEL Villeurbanne,67,71,0
21-22,21-22 EL,2021-10-08:Olympiacos Piraeus-Real Madrid,E2021:17,2021-10-08 20:00:00,RS,RS,2,played,Olympiacos Piraeus,Real Madrid,74,68,0
21-22,21-22 EL,2021-10-08:Bitci Baskonia Vitoria-Gasteiz-AX Armani Exchange Milan,E2021:18,2021-10-08 20:30:00,RS,RS,2,played,Bitci Baskonia Vitoria-Gasteiz,AX Armani Exchange Milan,64,78,0
21-22,21-22 EL,2021-10-12:UNICS Kazan-FC Bayern Munich,E2021:19,2021-10-12 18:00:00,RS,RS,3,played,UNICS Kazan,FC Bayern Munich,73,70,0
21-22,21-22 EL,2021-10-12:CSKA Moscow-Zenit St Petersburg,E2021:20,2021-10-12 19:00:00,RS,RS,3,played,CSKA Moscow,Zenit St Petersburg,77,67,0
21-22,21-22 EL,2021-10-12:ALBA Berlin-Fenerbahce Beko Istanbul,E2021:21,2021-10-12 20:00:00,RS,RS,3,played,ALBA Berlin,Fenerbahce Beko Istanbul,84,70,0
21-22,21-22 EL,2021-10-12:LDLC ASVEL Villeurbanne-Anadolu Efes Istanbul,E2021:22,2021-10-12 20:00:00,RS,RS,3,played,LDLC ASVEL Villeurbanne,Anadolu Efes Istanbul,75,73,0
21-22,21-22 EL,2021-10-12:AX Armani Exchange Milan-Maccabi Playtika Tel Aviv,E2021:23,2021-10-12 20:30:00,RS,RS,3,played,AX Armani Exchange Milan,Maccabi Playtika Tel Aviv,83,72,0
21-22,21-22 EL,2021-10-12:Bitci Baskonia Vitoria-Gasteiz-Panathinaikos OPAP Athens,E2021:24,2021-10-12 20:30:00,RS,RS,3,played,Bitci Baskonia Vitoria-Gasteiz,Panathinaikos OPAP Athens,81,79,0
21-22,21-22 EL,2021-10-13:Crvena Zvezda mts Belgrade-Zalgiris Kaunas,E2021:25,2021-10-13 19:00:00,RS,RS,3,played,Crvena Zvezda mts Belgrade,Zalgiris Kaunas,73,61,0
21-22,21-22 EL,2021-10-13:Real Madrid-AS Monaco,E2021:26,2021-10-13 20:45:00,RS,RS,3,played,Real Madrid,AS Monaco,94,86,0
21-22,21-22 EL,2021-10-13:FC Barcelona-Olympiacos Piraeus,E2021:27,2021-10-13 21:00:00,RS,RS,3,played,FC Barcelona,Olympiacos Piraeus,79,78,1
21-22,21-22 EL,2021-10-14:Zenit St Petersburg-FC Bayern Munich,E2021:28,2021-10-14 19:00:00,RS,RS,4,played,Zenit St Petersburg,FC Bayern Munich,79,71,0
21-22,21-22 EL,2021-10-14:Fenerbahce Beko Istanbul-UNICS Kazan,E2021:29,2021-10-14 19:45:00,RS,RS,4,played,Fenerbahce Beko Istanbul,UNICS Kazan,80,41,0
21-22,21-22 EL,2021-10-14:ALBA Berlin-Bitci Baskonia Vitoria-Gasteiz,E2021:30,2021-10-14 20:00:00,RS,RS,4,played,ALBA Berlin,Bitci Baskonia Vitoria-Gasteiz,76,80,0
21-22,21-22 EL,2021-10-14:LDLC ASVEL Villeurbanne-Maccabi Playtika Tel Aviv,E2021:31,2021-10-14 20:00:00,RS,RS,4,played,LDLC ASVEL Villeurbanne,Maccabi Playtika Tel Aviv,85,93,0
21-22,21-22 EL,2021-10-15:CSKA Moscow-Crvena Zvezda mts Belgrade,E2021:32,2021-10-15 19:00:00,RS,RS,4,played,CSKA Moscow,Crvena Zvezda mts Belgrade,78,76,0
21-22,21-22 EL,2021-10-15:AS Monaco-FC Barcelona,E2021:33,2021-10-15 19:00:00,RS,RS,4,played,AS Monaco,FC Barcelona,81,85,1
21-22,21-22 EL,2021-10-15:Olympiacos Piraeus-Zalgiris Kaunas,E2021:34,2021-10-15 20:00:00,RS,RS,4,played,Olympiacos Piraeus,Zalgiris Kaunas,83,68,0
21-22,21-22 EL,2021-10-15:AX Armani Exchange Milan-Anadolu Efes Istanbul,E2021:35,2021-10-15 20:30:00,RS,RS,4,played,AX Armani Exchange Milan,Anadolu Efes Istanbul,75,71,0
21-22,21-22 EL,2021-10-15:Real Madrid-Panathinaikos OPAP Athens,E2021:36,2021-10-15 21:00:00,RS,RS,4,played,Real Madrid,Panathinaikos OPAP Athens,88,65,0
21-22,21-22 EL,2021-10-21:Zalgiris Kaunas-FC Bayern Munich,E2021:38,2021-10-21 19:00:00,RS,RS,5,played,Zalgiris Kaunas,FC Bayern Munich,73,75,0
21-22,21-22 EL,2021-10-21:Anadolu Efes Istanbul-UNICS Kazan,E2021:37,2021-10-21 19:00:00,RS,RS,5,played,Anadolu Efes Istanbul,UNICS Kazan,71,68,0
21-22,21-22 EL,2021-10-21:Maccabi Playtika Tel Aviv-Panathinaikos OPAP Athens,E2021:39,2021-10-21 20:05:00,RS,RS,5,played,Maccabi Playtika Tel Aviv,Panathinaikos OPAP Athens,77,73,0
21-22,21-22 EL,2021-10-21:AX Armani Exchange Milan-LDLC ASVEL Villeurbanne,E2021:40,2021-10-21 20:30:00,RS,RS,5,played,AX Armani Exchange Milan,LDLC ASVEL Villeurbanne,73,72,0
21-22,21-22 EL,2021-10-21:Real Madrid-Fenerbahce Beko Istanbul,E2021:41,2021-10-21 21:00:00,RS,RS,5,played,Real Madrid,Fenerbahce Beko Istanbul,70,69,0
21-22,21-22 EL,2021-10-22:Crvena Zvezda mts Belgrade-ALBA Berlin,E2021:42,2021-10-22 19:00:00,RS,RS,5,played,Crvena Zvezda mts Belgrade,ALBA Berlin,63,78,0
21-22,21-22 EL,2021-10-22:CSKA Moscow-Olympiacos Piraeus,E2021:43,2021-10-22 19:00:00,RS,RS,5,played,CSKA Moscow,Olympiacos Piraeus,88,82,0
21-22,21-22 EL,2021-10-22:Bitci Baskonia Vitoria-Gasteiz-AS Monaco,E2021:44,2021-10-22 20:30:00,RS,RS,5,played,Bitci Baskonia Vitoria-Gasteiz,AS Monaco,78,66,0
21-22,21-22 EL,2021-10-22:FC Barcelona-Zenit St Petersburg,E2021:45,2021-10-22 21:00:00,RS,RS,5,played,FC Barcelona,Zenit St Petersburg,84,58,0
21-22,21-22 EL,2021-10-26:AS Monaco-Crvena Zvezda mts Belgrade,E2021:46,2021-10-26 19:00:00,RS,RS,6,played,AS Monaco,Crvena Zvezda mts Belgrade,70,62,0
21-22,21-22 EL,2021-10-26:Fenerbahce Beko Istanbul-FC Barcelona,E2021:47,2021-10-26 19:45:00,RS,RS,6,played,Fenerbahce Beko Istanbul,FC Barcelona,74,76,0
21-22,21-22 EL,2021-10-26:Olympiacos Piraeus-ALBA Berlin,E2021:48,2021-10-26 20:00:00,RS,RS,6,played,Olympiacos Piraeus,ALBA Berlin,87,83,0
21-22,21-22 EL,2021-10-26:Maccabi Playtika Tel Aviv-Zalgiris Kaunas,E2021:49,2021-10-26 20:05:00,RS,RS,6,played,Maccabi Playtika Tel Aviv,Zalgiris Kaunas,76,62,0
21-22,21-22 EL,2021-10-26:FC Bayern Munich-AX Armani Exchange Milan,E2021:50,2021-10-26 20:45:00,RS,RS,6,played,FC Bayern Munich,AX Armani Exchange Milan,83,77,0
21-22,21-22 EL,2021-10-27:UNICS Kazan-Bitci Baskonia Vitoria-Gasteiz,E2021:51,2021-10-27 18:00:00,RS,RS,6,played,UNICS Kazan,Bitci Baskonia Vitoria-Gasteiz,83,69,0
21-22,21-22 EL,2021-10-27:Zenit St Petersburg-Real Madrid,E2021:52,2021-10-27 19:00:00,RS,RS,6,played,Zenit St Petersburg,Real Madrid,68,75,0
21-22,21-22 EL,2021-10-27:Panathinaikos OPAP Athens-Anadolu Efes Istanbul,E2021:54,2021-10-27 20:00:00,RS,RS,6,played,Panathinaikos OPAP Athens,Anadolu Efes Istanbul,95,69,0
21-22,21-22 EL,2021-10-27:LDLC ASVEL Villeurbanne-CSKA Moscow,E2021:53,2021-10-27 20:00:00,RS,RS,6,played,LDLC ASVEL Villeurbanne,CSKA Moscow,70,68,0
21-22,21-22 EL,2021-10-28:Olympiacos Piraeus-Fenerbahce Beko Istanbul,E2021:56,2021-10-28 20:00:00,RS,RS,7,played,Olympiacos Piraeus,Fenerbahce Beko Istanbul,67,65,0
21-22,21-22 EL,2021-10-28:ALBA Berlin-FC Bayern Munich,E2021:55,2021-10-28 20:00:00,RS,RS,7,played,ALBA Berlin,FC Bayern Munich,69,82,0
21-22,21-22 EL,2021-10-28:Maccabi Playtika Tel Aviv-FC Barcelona,E2021:57,2021-10-28 20:05:00,RS,RS,7,played,Maccabi Playtika Tel Aviv,FC Barcelona,85,68,0
21-22,21-22 EL,2021-10-28:AX Armani Exchange Milan-Crvena Zvezda mts Belgrade,E2021:58,2021-10-28 20:30:00,RS,RS,7,played,AX Armani Exchange Milan,Crvena Zvezda mts Belgrade,79,62,0
21-22,21-22 EL,2021-10-29:UNICS Kazan-Real Madrid,E2021:59,2021-10-29 18:00:00,RS,RS,7,played,UNICS Kazan,Real Madrid,65,58,0
21-22,21-22 EL,2021-10-29:Zenit St Petersburg-Bitci Baskonia Vitoria-Gasteiz,E2021:60,2021-10-29 19:00:00,RS,RS,7,played,Zenit St Petersburg,Bitci Baskonia Vitoria-Gasteiz,83,54,0
21-22,21-22 EL,2021-10-29:Anadolu Efes Istanbul-Zalgiris Kaunas,E2021:62,2021-10-29 19:30:00,RS,RS,7,played,Anadolu Efes Istanbul,Zalgiris Kaunas,94,60,0
21-22,21-22 EL,2021-10-29:AS Monaco-CSKA Moscow,E2021:61,2021-10-29 20:00:00,RS,RS,7,played,AS Monaco,CSKA Moscow,97,80,0
21-22,21-22 EL,2021-10-29:Panathinaikos OPAP Athens-LDLC ASVEL Villeurbanne,E2021:63,2021-10-29 20:00:00,RS,RS,7,played,Panathinaikos OPAP Athens,LDLC ASVEL Villeurbanne,70,84,0
21-22,21-22 EL,2021-11-04:CSKA Moscow-Fenerbahce Beko Istanbul,E2021:64,2021-11-04 18:00:00,RS,RS,8,played,CSKA Moscow,Fenerbahce Beko Istanbul,82,91,0
21-22,21-22 EL,2021-11-04:Crvena Zvezda mts Belgrade-Panathinaikos OPAP Athens,E2021:65,2021-11-04 18:00:00,RS,RS,8,played,Crvena Zvezda mts Belgrade,Panathinaikos OPAP Athens,81,48,0
21-22,21-22 EL,2021-11-04:AX Armani Exchange Milan-FC Barcelona,E2021:67,2021-11-04 20:30:00,RS,RS,8,played,AX Armani Exchange Milan,FC Barcelona,75,70,0
21-22,21-22 EL,2021-11-04:LDLC ASVEL Villeurbanne-UNICS Kazan,E2021:66,2021-11-04 21:00:00,RS,RS,8,played,LDLC ASVEL Villeurbanne,UNICS Kazan,85,82,0
21-22,21-22 EL,2021-11-05:Anadolu Efes Istanbul-Zenit St Petersburg,E2021:68,2021-11-05 18:30:00,RS,RS,8,played,Anadolu Efes Istanbul,Zenit St Petersburg,79,90,0
21-22,21-22 EL,2021-11-05:Zalgiris Kaunas-ALBA Berlin,E2021:69,2021-11-05 19:00:00,RS,RS,8,played,Zalgiris Kaunas,ALBA Berlin,71,79,0
21-22,21-22 EL,2021-11-05:Olympiacos Piraeus-AS Monaco,E2021:70,2021-11-05 20:00:00,RS,RS,8,played,Olympiacos Piraeus,AS Monaco,86,65,0
21-22,21-22 EL,2021-11-05:Bitci Baskonia Vitoria-Gasteiz-Maccabi Playtika Tel Aviv,E2021:71,2021-11-05 20:30:00,RS,RS,8,played,Bitci Baskonia Vitoria-Gasteiz,Maccabi Playtika Tel Aviv,69,87,0
21-22,21-22 EL,2021-11-05:FC Bayern Munich-Real Madrid,E2021:72,2021-11-05 20:45:00,RS,RS,8,played,FC Bayern Munich,Real Madrid,76,80,0
21-22,21-22 EL,2021-11-11:CSKA Moscow-Maccabi Playtika Tel Aviv,E2021:73,2021-11-11 18:00:00,RS,RS,9,played,CSKA Moscow,Maccabi Playtika Tel Aviv,74,73,0
21-22,21-22 EL,2021-11-11:Crvena Zvezda mts Belgrade-LDLC ASVEL Villeurbanne,E2021:74,2021-11-11 19:00:00,RS,RS,9,played,Crvena Zvezda mts Belgrade,LDLC ASVEL Villeurbanne,73,67,0
21-22,21-22 EL,2021-11-11:Panathinaikos OPAP Athens-UNICS Kazan,E2021:76,2021-11-11 20:00:00,RS,RS,9,played,Panathinaikos OPAP Athens,UNICS Kazan,72,74,0
21-22,21-22 EL,2021-11-11:ALBA Berlin-Anadolu Efes Istanbul,E2021:75,2021-11-11 20:00:00,RS,RS,9,played,ALBA Berlin,Anadolu Efes Istanbul,63,90,0
21-22,21-22 EL,2021-11-11:FC Barcelona-Bitci Baskonia Vitoria-Gasteiz,E2021:77,2021-11-11 21:00:00,RS,RS,9,played,FC Barcelona,Bitci Baskonia Vitoria-Gasteiz,93,67,0
21-22,21-22 EL,2021-11-12:Zenit St Petersburg-Olympiacos Piraeus,E2021:78,2021-11-12 18:00:00,RS,RS,9,played,Zenit St Petersburg,Olympiacos Piraeus,84,78,0
21-22,21-22 EL,2021-11-12:Fenerbahce Beko Istanbul-AX Armani Exchange Milan,E2021:79,2021-11-12 18:45:00,RS,RS,9,played,Fenerbahce Beko Istanbul,AX Armani Exchange Milan,43,68,0
21-22,21-22 EL,2021-11-12:AS Monaco-FC Bayern Munich,E2021:80,2021-11-12 20:00:00,RS,RS,9,played,AS Monaco,FC Bayern Munich,94,71,0
21-22,21-22 EL,2021-11-12:Real Madrid-Zalgiris Kaunas,E2021:81,2021-11-12 20:45:00,RS,RS,9,played,Real Madrid,Zalgiris Kaunas,95,82,0
21-22,21-22 EL,2021-11-16:Zalgiris Kaunas-Panathinaikos OPAP Athens,E2021:82,2021-11-16 19:00:00,RS,RS,10,played,Zalgiris Kaunas,Panathinaikos OPAP Athens,76,69,0
21-22,21-22 EL,2021-11-16:LDLC ASVEL Villeurbanne-Real Madrid,E2021:83,2021-11-16 20:00:00,RS,RS,10,played,LDLC ASVEL Villeurbanne,Real Madrid,74,87,0
21-22,21-22 EL,2021-11-16:FC Bayern Munich-Fenerbahce Beko Istanbul,E2021:84,2021-11-16 20:30:00,RS,RS,10,played,FC Bayern Munich,Fenerbahce Beko Istanbul,71,63,0
21-22,21-22 EL,2021-11-16:Bitci Baskonia Vitoria-Gasteiz-Crvena Zvezda mts Belgrade,E2021:85,2021-11-16 20:30:00,RS,RS,10,played,Bitci Baskonia Vitoria-Gasteiz,Crvena Zvezda mts Belgrade,93,74,0
21-22,21-22 EL,2021-11-17:Zenit St Petersburg-ALBA Berlin,E2021:87,2021-11-17 17:00:00,RS,RS,10,played,Zenit St Petersburg,ALBA Berlin,75,66,0
21-22,21-22 EL,2021-11-17:UNICS Kazan-AX Armani Exchange Milan,E2021:86,2021-11-17 18:00:00,RS,RS,10,played,UNICS Kazan,AX Armani Exchange Milan,97,71,0
21-22,21-22 EL,2021-11-17:Anadolu Efes Istanbul-Olympiacos Piraeus,E2021:88,2021-11-17 18:30:00,RS,RS,10,played,Anadolu Efes Istanbul,Olympiacos Piraeus,88,69,0
21-22,21-22 EL,2021-11-17:Maccabi Playtika Tel Aviv-AS Monaco,E2021:89,2021-11-17 20:05:00,RS,RS,10,played,Maccabi Playtika Tel Aviv,AS Monaco,95,84,0
21-22,21-22 EL,2021-11-17:FC Barcelona-CSKA Moscow,E2021:90,2021-11-17 21:00:00,RS,RS,10,played,FC Barcelona,CSKA Moscow,81,73,0
21-22,21-22 EL,2021-11-18:FC Bayern Munich-Panathinaikos OPAP Athens,E2021:91,2021-11-18 20:30:00,RS,RS,11,played,FC Bayern Munich,Panathinaikos OPAP Athens,81,78,0
21-22,21-22 EL,2021-11-18:Real Madrid-Crvena Zvezda mts Belgrade,E2021:92,2021-11-18 20:45:00,RS,RS,11,played,Real Madrid,Crvena Zvezda mts Belgrade,79,67,0
21-22,21-22 EL,2021-11-19:UNICS Kazan-ALBA Berlin,E2021:93,2021-11-19 17:00:00,RS,RS,11,played,UNICS Kazan,ALBA Berlin,85,71,0
21-22,21-22 EL,2021-11-19:Anadolu Efes Istanbul-AS Monaco,E2021:95,2021-11-19 18:15:00,RS,RS,11,played,Anadolu Efes Istanbul,AS Monaco,98,77,0
21-22,21-22 EL,2021-11-19:Zenit St Petersburg-AX Armani Exchange Milan,E2021:94,2021-11-19 18:45:00,RS,RS,11,played,Zenit St Petersburg,AX Armani Exchange Milan,74,70,0
21-22,21-22 EL,2021-11-19:Zalgiris Kaunas-Fenerbahce Beko Istanbul,E2021:96,2021-11-19 19:45:00,RS,RS,11,played,Zalgiris Kaunas,Fenerbahce Beko Istanbul,86,75,0
21-22,21-22 EL,2021-11-19:Olympiacos Piraeus-Maccabi Playtika Tel Aviv,E2021:97,2021-11-19 20:00:00,RS,RS,11,played,Olympiacos Piraeus,Maccabi Playtika Tel Aviv,90,73,0
21-22,21-22 EL,2021-11-19:Bitci Baskonia Vitoria-Gasteiz-CSKA Moscow,E2021:99,2021-11-19 20:30:00,RS,RS,11,played,Bitci Baskonia Vitoria-Gasteiz,CSKA Moscow,74,80,0
21-22,21-22 EL,2021-11-19:LDLC ASVEL Villeurbanne-FC Barcelona,E2021:98,2021-11-19 21:00:00,RS,RS,11,played,LDLC ASVEL Villeurbanne,FC Barcelona,60,80,0
21-22,21-22 EL,2021-11-25:CSKA Moscow-FC Bayern Munich,E2021:100,2021-11-25 18:00:00,RS,RS,12,played,CSKA Moscow,FC Bayern Munich,77,74,0
21-22,21-22 EL,2021-11-25:Fenerbahce Beko Istanbul-Anadolu Efes Istanbul,E2021:101,2021-11-25 18:45:00,RS,RS,12,played,Fenerbahce Beko Istanbul,Anadolu Efes Istanbul,84,89,0
21-22,21-22 EL,2021-11-25:ALBA Berlin-Maccabi Playtika Tel Aviv,E2021:103,2021-11-25 20:30:00,RS,RS,12,played,ALBA Berlin,Maccabi Playtika Tel Aviv,91,86,0
21-22,21-22 EL,2021-11-25:Panathinaikos OPAP Athens-Zenit St Petersburg,E2021:102,2021-11-25 20:30:00,RS,RS,12,played,Panathinaikos OPAP Athens,Zenit St Petersburg,70,64,0
21-22,21-22 EL,2021-11-25:Bitci Baskonia Vitoria-Gasteiz-Real Madrid,E2021:104,2021-11-25 20:30:00,RS,RS,12,played,Bitci Baskonia Vitoria-Gasteiz,Real Madrid,60,88,0
21-22,21-22 EL,2021-11-26:Crvena Zvezda mts Belgrade-UNICS Kazan,E2021:105,2021-11-26 19:00:00,RS,RS,12,played,Crvena Zvezda mts Belgrade,UNICS Kazan,78,98,0
21-22,21-22 EL,2021-11-26:AS Monaco-LDLC ASVEL Villeurbanne,E2021:106,2021-11-26 20:00:00,RS,RS,12,played,AS Monaco,LDLC ASVEL Villeurbanne,84,85,0
21-22,21-22 EL,2021-11-26:AX Armani Exchange Milan-Olympiacos Piraeus,E2021:107,2021-11-26 20:30:00,RS,RS,12,played,AX Armani Exchange Milan,Olympiacos Piraeus,72,93,0
21-22,21-22 EL,2021-11-26:FC Barcelona-Zalgiris Kaunas,E2021:108,2021-11-26 21:00:00,RS,RS,12,played,FC Barcelona,Zalgiris Kaunas,96,73,0
21-22,21-22 EL,2021-12-02:CSKA Moscow-Panathinaikos OPAP Athens,E2021:109,2021-12-02 18:00:00,RS,RS,13,played,CSKA Moscow,Panathinaikos OPAP Athens,97,77,0
21-22,21-22 EL,2021-12-02:Fenerbahce Beko Istanbul-AS Monaco,E2021:110,2021-12-02 18:45:00,RS,RS,13,played,Fenerbahce Beko Istanbul,AS Monaco,96,86,0
21-22,21-22 EL,2021-12-02:Zalgiris Kaunas-Bitci Baskonia Vitoria-Gasteiz,E2021:111,2021-12-02 19:00:00,RS,RS,13,played,Zalgiris Kaunas,Bitci Baskonia Vitoria-Gasteiz,72,68,0
21-22,21-22 EL,2021-12-02:FC Bayern Munich-LDLC ASVEL Villeurbanne,E2021:112,2021-12-02 19:30:00,RS,RS,13,played,FC Bayern Munich,LDLC ASVEL Villeurbanne,73,65,0
21-22,21-22 EL,2021-12-02:Real Madrid-Maccabi Playtika Tel Aviv,E2021:113,2021-12-02 20:45:00,RS,RS,13,played,Real Madrid,Maccabi Playtika Tel Aviv,72,70,0
21-22,21-22 EL,2021-12-03:UNICS Kazan-Olympiacos Piraeus,E2021:114,2021-12-03 17:00:00,RS,RS,13,played,UNICS Kazan,Olympiacos Piraeus,84,87,1
21-22,21-22 EL,2021-12-03:Anadolu Efes Istanbul-FC Barcelona,E2021:116,2021-12-03 18:30:00,RS,RS,13,played,Anadolu Efes Istanbul,FC Barcelona,93,95,1
21-22,21-22 EL,2021-12-03:Zenit St Petersburg-Crvena Zvezda mts Belgrade,E2021:115,2021-12-03 19:00:00,RS,RS,13,played,Zenit St Petersburg,Crvena Zvezda mts Belgrade,58,69,0
21-22,21-22 EL,2021-12-03:ALBA Berlin-AX Armani Exchange Milan,E2021:117,2021-12-03 20:00:00,RS,RS,13,played,ALBA Berlin,AX Armani Exchange Milan,81,76,0
21-22,21-22 EL,2021-12-09:Zenit St Petersburg-Fenerbahce Beko Istanbul,E2021:118,2021-12-09 18:00:00,RS,RS,14,played,Zenit St Petersburg,Fenerbahce Beko Istanbul,80,86,0
21-22,21-22 EL,2021-12-09:Crvena Zvezda mts Belgrade-Olympiacos Piraeus,E2021:119,2021-12-09 19:00:00,RS,RS,14,played,Crvena Zvezda mts Belgrade,Olympiacos Piraeus,81,76,0
21-22,21-22 EL,2021-12-09:FC Bayern Munich-Anadolu Efes Istanbul,E2021:121,2021-12-09 19:45:00,RS,RS,14,played,FC Bayern Munich,Anadolu Efes Istanbul,83,71,0
21-22,21-22 EL,2021-12-09:Maccabi Playtika Tel Aviv-UNICS Kazan,E2021:120,2021-12-09 20:05:00,RS,RS,14,played,Maccabi Playtika Tel Aviv,UNICS Kazan,74,85,0
21-22,21-22 EL,2021-12-09:Bitci Baskonia Vitoria-Gasteiz-LDLC ASVEL Villeurbanne,E2021:122,2021-12-09 20:30:00,RS,RS,14,played,Bitci Baskonia Vitoria-Gasteiz,LDLC ASVEL Villeurbanne,91,66,0
21-22,21-22 EL,2021-12-10:Zalgiris Kaunas-CSKA Moscow,E2021:123,2021-12-10 19:00:00,RS,RS,14,played,Zalgiris Kaunas,CSKA Moscow,51,73,0
21-22,21-22 EL,2021-12-10:AS Monaco-AX Armani Exchange Milan,E2021:124,2021-12-10 20:00:00,RS,RS,14,played,AS Monaco,AX Armani Exchange Milan,65,71,0
21-22,21-22 EL,2021-12-10:Panathinaikos OPAP Athens-ALBA Berlin,E2021:125,2021-12-10 20:00:00,RS,RS,14,played,Panathinaikos OPAP Athens,ALBA Berlin,82,67,0
21-22,21-22 EL,2021-12-10:FC Barcelona-Real Madrid,E2021:126,2021-12-10 21:00:00,RS,RS,14,played,FC Barcelona,Real Madrid,93,80,0
21-22,21-22 EL,2021-12-14:Anadolu Efes Istanbul-Bitci Baskonia Vitoria-Gasteiz,E2021:127,2021-12-14 18:30:00,RS,RS,15,played,Anadolu Efes Istanbul,Bitci Baskonia Vitoria-Gasteiz,87,72,0
21-22,21-22 EL,2021-12-14:Fenerbahce Beko Istanbul-Maccabi Playtika Tel Aviv,E2021:128,2021-12-14 18:45:00,RS,RS,15,played,Fenerbahce Beko Istanbul,Maccabi Playtika Tel Aviv,90,79,0
21-22,21-22 EL,2021-12-14:Crvena Zvezda mts Belgrade-FC Barcelona,E2021:129,2021-12-14 19:00:00,RS,RS,15,played,Crvena Zvezda mts Belgrade,FC Barcelona,69,76,0
21-22,21-22 EL,2021-12-14:AX Armani Exchange Milan-Panathinaikos OPAP Athens,E2021:130,2021-12-14 20:30:00,RS,RS,15,played,AX Armani Exchange Milan,Panathinaikos OPAP Athens,75,54,0
21-22,21-22 EL,2021-12-14:Real Madrid-ALBA Berlin,E2021:131,2021-12-14 20:45:00,RS,RS,15,played,Real Madrid,ALBA Berlin,87,64,0
21-22,21-22 EL,2021-12-15:CSKA Moscow-UNICS Kazan,E2021:132,2021-12-15 18:00:00,RS,RS,15,played,CSKA Moscow,UNICS Kazan,67,88,0
21-22,21-22 EL,2021-12-15:Zalgiris Kaunas-AS Monaco,E2021:133,2021-12-15 19:00:00,RS,RS,15,played,Zalgiris Kaunas,AS Monaco,98,107,1
21-22,21-22 EL,2021-12-15:Olympiacos Piraeus-FC Bayern Munich,E2021:135,2021-12-15 20:30:00,RS,RS,15,played,Olympiacos Piraeus,FC Bayern Munich,83,60,0
21-22,21-22 EL,2021-12-15:LDLC ASVEL Villeurbanne-Zenit St Petersburg,E2021:134,2021-12-15 21:00:00,RS,RS,15,played,LDLC ASVEL Villeurbanne,Zenit St Petersburg,61,71,0
21-22,21-22 EL,2021-12-16:Fenerbahce Beko Istanbul-Bitci Baskonia Vitoria-Gasteiz,E2021:136,2021-12-16 18:45:00,RS,RS,16,played,Fenerbahce Beko Istanbul,Bitci Baskonia Vitoria-Gasteiz,75,53,0
21-22,21-22 EL,2021-12-16:Panathinaikos OPAP Athens-FC Barcelona,E2021:137,2021-12-16 20:00:00,RS,RS,16,played,Panathinaikos OPAP Athens,FC Barcelona,82,85,0
21-22,21-22 EL,2021-12-16:Maccabi Playtika Tel Aviv-Anadolu Efes Istanbul,E2021:138,2021-12-16 20:05:00,RS,RS,16,played,Maccabi Playtika Tel Aviv,Anadolu Efes Istanbul,78,92,0
21-22,21-22 EL,2021-12-16:AX Armani Exchange Milan-Real Madrid,E2021:139,2021-12-16 20:30:00,RS,RS,16,played,AX Armani Exchange Milan,Real Madrid,73,75,0
21-22,21-22 EL,2021-12-17:UNICS Kazan-Zalgiris Kaunas,E2021:140,2021-12-17 17:00:00,RS,RS,16,played,UNICS Kazan,Zalgiris Kaunas,66,53,0
21-22,21-22 EL,2021-12-17:AS Monaco-Zenit St Petersburg,E2021:142,2021-12-17 19:00:00,RS,RS,16,played,AS Monaco,Zenit St Petersburg,74,85,0
21-22,21-22 EL,2021-12-17:ALBA Berlin-CSKA Moscow,E2021:144,2021-12-17 19:00:00,RS,RS,16,played,ALBA Berlin,CSKA Moscow,90,93,0
21-22,21-22 EL,2021-12-17:Olympiacos Piraeus-LDLC ASVEL Villeurbanne,E2021:143,2021-12-17 20:00:00,RS,RS,16,played,Olympiacos Piraeus,LDLC ASVEL Villeurbanne,89,54,0
21-22,21-22 EL,2021-12-17:Crvena Zvezda mts Belgrade-FC Bayern Munich,E2021:141,2021-12-17 20:45:00,RS,RS,16,played,Crvena Zvezda mts Belgrade,FC Bayern Munich,81,78,0
21-22,21-22 EL,2021-12-22:Anadolu Efes Istanbul-Crvena Zvezda mts Belgrade,E2021:145,2021-12-22 18:30:00,RS,RS,17,played,Anadolu Efes Istanbul,Crvena Zvezda mts Belgrade,84,83,0
21-22,21-22 EL,2021-12-22:ALBA Berlin-AS Monaco,E2021:147,2021-12-22 20:00:00,RS,RS,17,played,ALBA Berlin,AS Monaco,92,84,0
21-22,21-22 EL,2021-12-22:FC Barcelona-UNICS Kazan,E2021:148,2021-12-22 21:00:00,RS,RS,17,played,FC Barcelona,UNICS Kazan,111,109,1
21-22,21-22 EL,2021-12-23:Zenit St Petersburg-Maccabi Playtika Tel Aviv,E2021:149,2021-12-23 18:00:00,RS,RS,17,played,Zenit St Petersburg,Maccabi Playtika Tel Aviv,73,71,0
21-22,21-22 EL,2021-12-23:FC Bayern Munich-Bitci Baskonia Vitoria-Gasteiz,E2021:152,2021-12-23 19:00:00,RS,RS,17,played,FC Bayern Munich,Bitci Baskonia Vitoria-Gasteiz,76,81,0
21-22,21-22 EL,2021-12-23:Panathinaikos OPAP Athens-Olympiacos Piraeus,E2021:151,2021-12-23 20:00:00,RS,RS,17,played,Panathinaikos OPAP Athens,Olympiacos Piraeus,65,84,0
21-22,21-22 EL,2021-12-23:Real Madrid-CSKA Moscow,E2021:153,2021-12-23 20:45:00,RS,RS,17,played,Real Madrid,CSKA Moscow,71,65,0
21-22,21-22 EL,2021-12-23:LDLC ASVEL Villeurbanne-Fenerbahce Beko Istanbul,E2021:150,2021-12-23 21:00:00,RS,RS,17,played,LDLC ASVEL Villeurbanne,Fenerbahce Beko Istanbul,84,82,0
21-22,21-22 EL,2022-02-08:Zalgiris Kaunas-AX Armani Exchange Milan,E2021:146,2022-02-08 19:00:00,RS,RS,17,played,Zalgiris Kaunas,AX Armani Exchange Milan,70,74,0
21-22,21-22 EL,2021-12-29:AS Monaco-Maccabi Playtika Tel Aviv,E2021:155,2021-12-29 19:00:00,RS,RS,18,played,AS Monaco,Maccabi Playtika Tel Aviv,82,76,0
21-22,21-22 EL,2021-12-30:UNICS Kazan-Anadolu Efes Istanbul,E2021:158,2021-12-30 17:00:00,RS,RS,18,played,UNICS Kazan,Anadolu Efes Istanbul,75,67,0
21-22,21-22 EL,2021-12-30:Crvena Zvezda mts Belgrade-Zenit St Petersburg,E2021:159,2021-12-30 19:00:00,RS,RS,18,played,Crvena Zvezda mts Belgrade,Zenit St Petersburg,76,80,1
21-22,21-22 EL,2021-12-30:Bitci Baskonia Vitoria-Gasteiz-FC Barcelona,E2021:162,2021-12-30 20:30:00,RS,RS,18,played,Bitci Baskonia Vitoria-Gasteiz,FC Barcelona,94,75,0
21-22,21-22 EL,2022-01-18:AX Armani Exchange Milan-ALBA Berlin,E2021:157,2022-01-18 20:30:00,RS,RS,18,played,AX Armani Exchange Milan,ALBA Berlin,84,76,0
21-22,21-22 EL,2022-01-25:LDLC ASVEL Villeurbanne-FC Bayern Munich,E2021:160,2022-01-25 21:00:00,RS,RS,18,played,LDLC ASVEL Villeurbanne,FC Bayern Munich,68,77,0
21-22,21-22 EL,2022-02-08:Fenerbahce Beko Istanbul-Real Madrid,E2021:154,2022-02-08 18:45:00,RS,RS,18,played,Fenerbahce Beko Istanbul,Real Madrid,66,51,0
21-22,21-22 EL,2022-03-01:Panathinaikos OPAP Athens-Zalgiris Kaunas,E2021:161,2022-03-01 20:00:00,RS,RS,18,played,Panathinaikos OPAP Athens,Zalgiris Kaunas,83,96,0
21-22,21-22 EL,2022-01-18:LDLC ASVEL Villeurbanne-AS Monaco,E2021:170,2022-01-18 20:00:00,RS,RS,19,played,LDLC ASVEL Villeurbanne,AS Monaco,75,100,0
21-22,21-22 EL,2022-01-25:Real Madrid-UNICS Kazan,E2021:166,2022-01-25 20:45:00,RS,RS,19,played,Real Madrid,UNICS Kazan,85,68,0
21-22,21-22 EL,2022-02-27:Crvena Zvezda mts Belgrade-Fenerbahce Beko Istanbul,E2021:163,2022-02-27 21:00:00,RS,RS,19,played,Crvena Zvezda mts Belgrade,Fenerbahce Beko Istanbul,74,69,0
21-22,21-22 EL,2022-03-01:Maccabi Playtika Tel Aviv-Bitci Baskonia Vitoria-Gasteiz,E2021:165,2022-03-01 20:05:00,RS,RS,19,played,Maccabi Playtika Tel Aviv,Bitci Baskonia Vitoria-Gasteiz,94,93,0
21-22,21-22 EL,2022-03-15:Zalgiris Kaunas-Olympiacos Piraeus,E2021:169,2022-03-15 19:00:00,RS,RS,19,played,Zalgiris Kaunas,Olympiacos Piraeus,73,84,0
21-22,21-22 EL,2022-04-06:Anadolu Efes Istanbul-FC Bayern Munich,E2021:168,2022-04-06 19:30:00,RS,RS,19,played,Anadolu Efes Istanbul,FC Bayern Munich,81,76,0
21-22,21-22 EL,2022-04-06:ALBA Berlin-Panathinaikos OPAP Athens,E2021:164,2022-04-06 20:00:00,RS,RS,19,played,ALBA Berlin,Panathinaikos OPAP Athens,87,78,0
21-22,21-22 EL,2022-01-11:Fenerbahce Beko Istanbul-Olympiacos Piraeus,E2021:173,2022-01-11 18:45:00,RS,RS,20,played,Fenerbahce Beko Istanbul,Olympiacos Piraeus,94,80,0
21-22,21-22 EL,2022-01-11:FC Bayern Munich-Zalgiris Kaunas,E2021:176,2022-01-11 20:30:00,RS,RS,20,played,FC Bayern Munich,Zalgiris Kaunas,74,65,0
21-22,21-22 EL,2022-01-11:FC Barcelona-AX Armani Exchange Milan,E2021:178,2022-01-11 21:00:00,RS,RS,20,played,FC Barcelona,AX Armani Exchange Milan,73,75,0
21-22,21-22 EL,2022-01-12:Panathinaikos OPAP Athens-CSKA Moscow,E2021:179,2022-01-12 20:00:00,RS,RS,20,played,Panathinaikos OPAP Athens,CSKA Moscow,74,98,0
21-22,21-22 EL,2022-01-25:Maccabi Playtika Tel Aviv-ALBA Berlin,E2021:180,2022-01-25 20:15:00,RS,RS,20,played,Maccabi Playtika Tel Aviv,ALBA Berlin,87,78,0
21-22,21-22 EL,2022-02-22:AS Monaco-UNICS Kazan,E2021:175,2022-02-22 20:00:00,RS,RS,20,played,AS Monaco,UNICS Kazan,79,76,0
21-22,21-22 EL,2022-03-08:Crvena Zvezda mts Belgrade-Real Madrid,E2021:174,2022-03-08 19:00:00,RS,RS,20,played,Crvena Zvezda mts Belgrade,Real Madrid,65,62,0
21-22,21-22 EL,2022-03-08:Bitci Baskonia Vitoria-Gasteiz-Anadolu Efes Istanbul,E2021:177,2022-03-08 21:00:00,RS,RS,20,played,Bitci Baskonia Vitoria-Gasteiz,Anadolu Efes Istanbul,87,74,0
21-22,21-22 EL,2022-01-13:FC Bayern Munich-AS Monaco,E2021:183,2022-01-13 20:30:00,RS,RS,21,played,FC Bayern Munich,AS Monaco,78,83,0
21-22,21-22 EL,2022-01-13:FC Barcelona-Anadolu Efes Istanbul,E2021:185,2022-01-13 21:00:00,RS,RS,21,played,FC Barcelona,Anadolu Efes Istanbul,82,77,0
21-22,21-22 EL,2022-01-14:CSKA Moscow-LDLC ASVEL Villeurbanne,E2021:186,2022-01-14 18:00:00,RS,RS,21,played,CSKA Moscow,LDLC ASVEL Villeurbanne,90,83,0
21-22,21-22 EL,2022-01-14:Real Madrid-Bitci Baskonia Vitoria-Gasteiz,E2021:189,2022-01-14 20:45:00,RS,RS,21,played,Real Madrid,Bitci Baskonia Vitoria-Gasteiz,89,74,0
21-22,21-22 EL,2022-03-29:Panathinaikos OPAP Athens-Maccabi Playtika Tel Aviv,E2021:188,2022-03-29 18:00:00,RS,RS,21,played,Panathinaikos OPAP Athens,Maccabi Playtika Tel Aviv,83,95,0
21-22,21-22 EL,2022-03-29:Fenerbahce Beko Istanbul-ALBA Berlin,E2021:187,2022-03-29 20:00:00,RS,RS,21,played,Fenerbahce Beko Istanbul,ALBA Berlin,57,66,0
21-22,21-22 EL,2022-04-03:Zalgiris Kaunas-Crvena Zvezda mts Belgrade,E2021:181,2022-04-03 18:00:00,RS,RS,21,played,Zalgiris Kaunas,Crvena Zvezda mts Belgrade,103,98,1
21-22,21-22 EL,2022-01-20:UNICS Kazan-FC Barcelona,E2021:190,2022-01-20 17:00:00,RS,RS,22,played,UNICS Kazan,FC Barcelona,70,64,0
21-22,21-22 EL,2022-01-20:Zenit St Petersburg-AS Monaco,E2021:191,2022-01-20 18:00:00,RS,RS,22,played,Zenit St Petersburg,AS Monaco,77,86,0
21-22,21-22 EL,2022-01-20:Fenerbahce Beko Istanbul-Zalgiris Kaunas,E2021:192,2022-01-20 18:45:00,RS,RS,22,played,Fenerbahce Beko Istanbul,Zalgiris Kaunas,73,67,0
21-22,21-22 EL,2022-01-20:ALBA Berlin-Real Madrid,E2021:193,2022-01-20 20:00:00,RS,RS,22,played,ALBA Berlin,Real Madrid,74,89,0
21-22,21-22 EL,2022-01-20:Maccabi Playtika Tel Aviv-Olympiacos Piraeus,E2021:194,2022-01-20 20:05:00,RS,RS,22,played,Maccabi Playtika Tel Aviv,Olympiacos Piraeus,84,69,0
21-22,21-22 EL,2022-01-21:CSKA Moscow-AX Armani Exchange Milan,E2021:195,2022-01-21 18:00:00,RS,RS,22,played,CSKA Moscow,AX Armani Exchange Milan,57,67,0
21-22,21-22 EL,2022-01-21:Anadolu Efes Istanbul-Panathinaikos OPAP Athens,E2021:196,2022-01-21 18:30:00,RS,RS,22,played,Anadolu Efes Istanbul,Panathinaikos OPAP Athens,82,81,0
21-22,21-22 EL,2022-01-21:Bitci Baskonia Vitoria-Gasteiz-FC Bayern Munich,E2021:198,2022-01-21 20:30:00,RS,RS,22,played,Bitci Baskonia Vitoria-Gasteiz,FC Bayern Munich,77,84,0
21-22,21-22 EL,2022-01-21:LDLC ASVEL Villeurbanne-Crvena Zvezda mts Belgrade,E2021:197,2022-01-21 21:00:00,RS,RS,22,played,LDLC ASVEL Villeurbanne,Crvena Zvezda mts Belgrade,69,67,0
21-22,21-22 EL,2022-01-27:Zenit St Petersburg-Anadolu Efes Istanbul,E2021:199,2022-01-27 18:00:00,RS,RS,23,played,Zenit St Petersburg,Anadolu Efes Istanbul,76,67,0
21-22,21-22 EL,2022-01-27:Olympiacos Piraeus-Crvena Zvezda mts Belgrade,E2021:200,2022-01-27 20:00:00,RS,RS,23,played,Olympiacos Piraeus,Crvena Zvezda mts Belgrade,72,76,0
21-22,21-22 EL,2022-01-27:FC Barcelona-LDLC ASVEL Villeurbanne,E2021:202,2022-01-27 21:00:00,RS,RS,23,played,FC Barcelona,LDLC ASVEL Villeurbanne,84,71,0
21-22,21-22 EL,2022-01-28:UNICS Kazan-CSKA Moscow,E2021:203,2022-01-28 17:00:00,RS,RS,23,played,UNICS Kazan,CSKA Moscow,75,86,0
21-22,21-22 EL,2022-01-28:AS Monaco-Real Madrid,E2021:204,2022-01-28 19:00:00,RS,RS,23,played,AS Monaco,Real Madrid,84,90,2
21-22,21-22 EL,2022-01-28:Panathinaikos OPAP Athens-Bitci Baskonia Vitoria-Gasteiz,E2021:205,2022-01-28 20:00:00,RS,RS,23,played,Panathinaikos OPAP Athens,Bitci Baskonia Vitoria-Gasteiz,75,63,0
21-22,21-22 EL,2022-01-28:FC Bayern Munich-ALBA Berlin,E2021:207,2022-01-28 20:30:00,RS,RS,23,played,FC Bayern Munich,ALBA Berlin,62,56,0
21-22,21-22 EL,2022-01-28:AX Armani Exchange Milan-Zalgiris Kaunas,E2021:206,2022-01-28 20:30:00,RS,RS,23,played,AX Armani Exchange Milan,Zalgiris Kaunas,65,58,0
21-22,21-22 EL,2022-04-13:Maccabi Playtika Tel Aviv-Fenerbahce Beko Istanbul,E2021:201,2022-04-13 18:30:00,RS,RS,23,played,Maccabi Playtika Tel Aviv,Fenerbahce Beko Istanbul,85,76,0
21-22,21-22 EL,2022-02-01:Fenerbahce Beko Istanbul-LDLC ASVEL Villeurbanne,E2021:208,2022-02-01 18:45:00,RS,RS,24,played,Fenerbahce Beko Istanbul,LDLC ASVEL Villeurbanne,85,76,0
21-22,21-22 EL,2022-02-01:Zalgiris Kaunas-Maccabi Playtika Tel Aviv,E2021:210,2022-02-01 19:00:00,RS,RS,24,played,Zalgiris Kaunas,Maccabi Playtika Tel Aviv,78,94,0
21-22,21-22 EL,2022-02-01:Crvena Zvezda mts Belgrade-AX Armani Exchange Milan,E2021:209,2022-02-01 19:00:00,RS,RS,24,played,Crvena Zvezda mts Belgrade,AX Armani Exchange Milan,57,63,0
21-22,21-22 EL,2022-02-01:Panathinaikos OPAP Athens-AS Monaco,E2021:211,2022-02-01 20:00:00,RS,RS,24,played,Panathinaikos OPAP Athens,AS Monaco,83,91,0
21-22,21-22 EL,2022-02-01:Bitci Baskonia Vitoria-Gasteiz-Zenit St Petersburg,E2021:212,2022-02-01 20:30:00,RS,RS,24,played,Bitci Baskonia Vitoria-Gasteiz,Zenit St Petersburg,82,90,0
21-22,21-22 EL,2022-02-01:FC Barcelona-FC Bayern Munich,E2021:213,2022-02-01 21:00:00,RS,RS,24,played,FC Barcelona,FC Bayern Munich,71,66,0
21-22,21-22 EL,2022-02-02:CSKA Moscow-Anadolu Efes Istanbul,E2021:214,2022-02-02 18:00:00,RS,RS,24,played,CSKA Moscow,Anadolu Efes Istanbul,97,99,1
21-22,21-22 EL,2022-02-02:ALBA Berlin-UNICS Kazan,E2021:215,2022-02-02 20:00:00,RS,RS,24,played,ALBA Berlin,UNICS Kazan,81,53,0
21-22,21-22 EL,2022-02-02:Real Madrid-Olympiacos Piraeus,E2021:216,2022-02-02 20:45:00,RS,RS,24,played,Real Madrid,Olympiacos Piraeus,75,67,0
21-22,21-22 EL,2022-02-03:Crvena Zvezda mts Belgrade-AS Monaco,E2021:217,2022-02-03 19:00:00,RS,RS,25,played,Crvena Zvezda mts Belgrade,AS Monaco,80,91,0
21-22,21-22 EL,2022-02-03:AX Armani Exchange Milan-Fenerbahce Beko Istanbul,E2021:218,2022-02-03 20:30:00,RS,RS,25,played,AX Armani Exchange Milan,Fenerbahce Beko Istanbul,60,71,0
21-22,21-22 EL,2022-02-03:FC Bayern Munich-Maccabi Playtika Tel Aviv,E2021:219,2022-02-03 20:30:00,RS,RS,25,played,FC Bayern Munich,Maccabi Playtika Tel Aviv,70,52,0
21-22,21-22 EL,2022-02-03:FC Barcelona-Panathinaikos OPAP Athens,E2021:220,2022-02-03 21:00:00,RS,RS,25,played,FC Barcelona,Panathinaikos OPAP Athens,86,60,0
21-22,21-22 EL,2022-02-04:CSKA Moscow-ALBA Berlin,E2021:221,2022-02-04 18:00:00,RS,RS,25,played,CSKA Moscow,ALBA Berlin,91,72,0
21-22,21-22 EL,2022-02-04:Anadolu Efes Istanbul-LDLC ASVEL Villeurbanne,E2021:222,2022-02-04 18:30:00,RS,RS,25,played,Anadolu Efes Istanbul,LDLC ASVEL Villeurbanne,78,72,0
21-22,21-22 EL,2022-02-04:Zalgiris Kaunas-UNICS Kazan,E2021:223,2022-02-04 19:00:00,RS,RS,25,played,Zalgiris Kaunas,UNICS Kazan,67,76,0
21-22,21-22 EL,2022-02-04:Bitci Baskonia Vitoria-Gasteiz-Olympiacos Piraeus,E2021:224,2022-02-04 20:30:00,RS,RS,25,played,Bitci Baskonia Vitoria-Gasteiz,Olympiacos Piraeus,62,72,0
21-22,21-22 EL,2022-02-04:Real Madrid-Zenit St Petersburg,E2021:225,2022-02-04 20:45:00,RS,RS,25,played,Real Madrid,Zenit St Petersburg,85,64,0
21-22,21-22 EL,2022-02-10:AS Monaco-Zalgiris Kaunas,E2021:226,2022-02-10 20:00:00,RS,RS,26,played,AS Monaco,Zalgiris Kaunas,82,83,0
21-22,21-22 EL,2022-02-10:ALBA Berlin-Zenit St Petersburg,E2021:227,2022-02-10 20:00:00,RS,RS,26,played,ALBA Berlin,Zenit St Petersburg,76,67,0
21-22,21-22 EL,2022-02-10:Olympiacos Piraeus-Anadolu Efes Istanbul,E2021:228,2022-02-10 20:00:00,RS,RS,26,played,Olympiacos Piraeus,Anadolu Efes Istanbul,87,85,1
21-22,21-22 EL,2022-02-10:Maccabi Playtika Tel Aviv-CSKA Moscow,E2021:229,2022-02-10 20:05:00,RS,RS,26,played,Maccabi Playtika Tel Aviv,CSKA Moscow,84,75,0
21-22,21-22 EL,2022-02-10:AX Armani Exchange Milan-Bitci Baskonia Vitoria-Gasteiz,E2021:230,2022-02-10 20:30:00,RS,RS,26,played,AX Armani Exchange Milan,Bitci Baskonia Vitoria-Gasteiz,89,78,0
21-22,21-22 EL,2022-02-11:UNICS Kazan-Crvena Zvezda mts Belgrade,E2021:231,2022-02-11 17:00:00,RS,RS,26,played,UNICS Kazan,Crvena Zvezda mts Belgrade,77,84,0
21-22,21-22 EL,2022-02-11:LDLC ASVEL Villeurbanne-Panathinaikos OPAP Athens,E2021:233,2022-02-11 20:00:00,RS,RS,26,played,LDLC ASVEL Villeurbanne,Panathinaikos OPAP Athens,63,76,0
21-22,21-22 EL,2022-02-11:Real Madrid-FC Barcelona,E2021:234,2022-02-11 20:45:00,RS,RS,26,played,Real Madrid,FC Barcelona,68,86,0
21-22,21-22 EL,2022-04-04:Fenerbahce Beko Istanbul-FC Bayern Munich,E2021:232,2022-04-04 19:45:00,RS,RS,26,played,Fenerbahce Beko Istanbul,FC Bayern Munich,81,76,0
21-22,21-22 EL,2022-02-24:Anadolu Efes Istanbul-Maccabi Playtika Tel Aviv,E2021:235,2022-02-24 18:30:00,RS,RS,27,played,Anadolu Efes Istanbul,Maccabi Playtika Tel Aviv,109,77,0
21-22,21-22 EL,2022-02-24:Zalgiris Kaunas-Real Madrid,E2021:236,2022-02-24 19:00:00,RS,RS,27,played,Zalgiris Kaunas,Real Madrid,68,47,0
21-22,21-22 EL,2022-02-24:Olympiacos Piraeus-AX Armani Exchange Milan,E2021:237,2022-02-24 20:45:00,RS,RS,27,played,Olympiacos Piraeus,AX Armani Exchange Milan,67,58,0
21-22,21-22 EL,2022-02-24:LDLC ASVEL Villeurbanne-ALBA Berlin,E2021:238,2022-02-24 21:00:00,RS,RS,27,played,LDLC ASVEL Villeurbanne,ALBA Berlin,80,82,0
21-22,21-22 EL,2022-02-25:AS Monaco-Fenerbahce Beko Istanbul,E2021:241,2022-02-25 20:00:00,RS,RS,27,played,AS Monaco,Fenerbahce Beko Istanbul,92,78,0
21-22,21-22 EL,2022-02-25:Panathinaikos OPAP Athens-Crvena Zvezda mts Belgrade,E2021:242,2022-02-25 20:00:00,RS,RS,27,played,Panathinaikos OPAP Athens,Crvena Zvezda mts Belgrade,79,73,0
21-22,21-22 EL,2022-03-03:Anadolu Efes Istanbul-Fenerbahce Beko Istanbul,E2021:245,2022-03-03 18:30:00,RS,RS,28,played,Anadolu Efes Istanbul,Fenerbahce Beko Istanbul,84,79,0
21-22,21-22 EL,2022-03-03:Crvena Zvezda mts Belgrade-Bitci Baskonia Vitoria-Gasteiz,E2021:246,2022-03-03 19:00:00,RS,RS,28,played,Crvena Zvezda mts Belgrade,Bitci Baskonia Vitoria-Gasteiz,86,83,0
21-22,21-22 EL,2022-03-03:ALBA Berlin-Zalgiris Kaunas,E2021:247,2022-03-03 20:00:00,RS,RS,28,played,ALBA Berlin,Zalgiris Kaunas,82,74,0
21-22,21-22 EL,2022-03-03:FC Barcelona-AS Monaco,E2021:249,2022-03-03 21:00:00,RS,RS,28,played,FC Barcelona,AS Monaco,88,83,0
21-22,21-22 EL,2022-03-04:Panathinaikos OPAP Athens-AX Armani Exchange Milan,E2021:251,2022-03-04 20:00:00,RS,RS,28,played,Panathinaikos OPAP Athens,AX Armani Exchange Milan,75,76,0
21-22,21-22 EL,2022-03-04:FC Bayern Munich-Olympiacos Piraeus,E2021:252,2022-03-04 20:45:00,RS,RS,28,played,FC Bayern Munich,Olympiacos Piraeus,88,98,0
21-22,21-22 EL,2022-03-10:Crvena Zvezda mts Belgrade-Maccabi Playtika Tel Aviv,E2021:254,2022-03-10 19:00:00,RS,RS,29,played,Crvena Zvezda mts Belgrade,Maccabi Playtika Tel Aviv,84,77,0
21-22,21-22 EL,2022-03-10:ALBA Berlin-Olympiacos Piraeus,E2021:256,2022-03-10 20:00:00,RS,RS,29,played,ALBA Berlin,Olympiacos Piraeus,90,75,0
21-22,21-22 EL,2022-03-10:LDLC ASVEL Villeurbanne-Bitci Baskonia Vitoria-Gasteiz,E2021:255,2022-03-10 20:00:00,RS,RS,29,played,LDLC ASVEL Villeurbanne,Bitci Baskonia Vitoria-Gasteiz,69,72,0
21-22,21-22 EL,2022-03-10:Real Madrid-AX Armani Exchange Milan,E2021:257,2022-03-10 20:45:00,RS,RS,29,played,Real Madrid,AX Armani Exchange Milan,92,88,1
21-22,21-22 EL,2022-03-11:Zalgiris Kaunas-FC Barcelona,E2021:259,2022-03-11 19:00:00,RS,RS,29,played,Zalgiris Kaunas,FC Barcelona,91,84,0
21-22,21-22 EL,2022-03-11:AS Monaco-Anadolu Efes Istanbul,E2021:260,2022-03-11 20:00:00,RS,RS,29,played,AS Monaco,Anadolu Efes Istanbul,102,80,0
21-22,21-22 EL,2022-03-17:Zalgiris Kaunas-Anadolu Efes Istanbul,E2021:263,2022-03-17 19:00:00,RS,RS,30,played,Zalgiris Kaunas,Anadolu Efes Istanbul,71,85,0
21-22,21-22 EL,2022-03-17:Olympiacos Piraeus-Panathinaikos OPAP Athens,E2021:264,2022-03-17 20:00:00,RS,RS,30,played,Olympiacos Piraeus,Panathinaikos OPAP Athens,101,73,0
21-22,21-22 EL,2022-03-17:Real Madrid-LDLC ASVEL Villeurbanne,E2021:265,2022-03-17 20:45:00,RS,RS,30,played,Real Madrid,LDLC ASVEL Villeurbanne,70,58,0
21-22,21-22 EL,2022-03-18:Bitci Baskonia Vitoria-Gasteiz-ALBA Berlin,E2021:269,2022-03-18 20:30:00,RS,RS,30,played,Bitci Baskonia Vitoria-Gasteiz,ALBA Berlin,85,68,0
21-22,21-22 EL,2022-03-18:FC Barcelona-Crvena Zvezda mts Belgrade,E2021:270,2022-03-18 21:00:00,RS,RS,30,played,FC Barcelona,Crvena Zvezda mts Belgrade,82,70,0
21-22,21-22 EL,2022-03-29:AX Armani Exchange Milan-FC Bayern Munich,E2021:268,2022-03-29 20:30:00,RS,RS,30,played,AX Armani Exchange Milan,FC Bayern Munich,84,77,0
21-22,21-22 EL,2022-03-22:Anadolu Efes Istanbul-Real Madrid,E2021:272,2022-03-22 18:30:00,RS,RS,31,played,Anadolu Efes Istanbul,Real Madrid,93,90,0
21-22,21-22 EL,2022-03-22:Panathinaikos OPAP Athens-FC Bayern Munich,E2021:274,2022-03-22 20:00:00,RS,RS,31,played,Panathinaikos OPAP Athens,FC Bayern Munich,80,67,0
21-22,21-22 EL,2022-03-22:ALBA Berlin-FC Barcelona,E2021:273,2022-03-22 20:00:00,RS,RS,31,played,ALBA Berlin,FC Barcelona,79,95,0
21-22,21-22 EL,2022-03-22:Maccabi Playtika Tel Aviv-AX Armani Exchange Milan,E2021:275,2022-03-22 20:05:00,RS,RS,31,played,Maccabi Playtika Tel Aviv,AX Armani Exchange Milan,75,58,0
21-22,21-22 EL,2022-03-23:Zalgiris Kaunas-LDLC ASVEL Villeurbanne,E2021:277,2022-03-23 19:00:00,RS,RS,31,played,Zalgiris Kaunas,LDLC ASVEL Villeurbanne,68,72,0
21-22,21-22 EL,2022-03-23:Bitci Baskonia Vitoria-Gasteiz-Fenerbahce Beko Istanbul,E2021:279,2022-03-23 20:30:00,RS,RS,31,played,Bitci Baskonia Vitoria-Gasteiz,Fenerbahce Beko Istanbul,77,62,0
21-22,21-22 EL,2022-03-23:AS Monaco-Olympiacos Piraeus,E2021:278,2022-03-23 21:00:00,RS,RS,31,played,AS Monaco,Olympiacos Piraeus,92,72,0
21-22,21-22 EL,2022-03-24:Anadolu Efes Istanbul-AX Armani Exchange Milan,E2021:281,2022-03-24 18:30:00,RS,RS,32,played,Anadolu Efes Istanbul,AX Armani Exchange Milan,77,83,0
21-22,21-22 EL,2022-03-24:Maccabi Playtika Tel Aviv-Real Madrid,E2021:282,2022-03-24 20:05:00,RS,RS,32,played,Maccabi Playtika Tel Aviv,Real Madrid,75,74,0
21-22,21-22 EL,2022-03-25:AS Monaco-Bitci Baskonia Vitoria-Gasteiz,E2021:285,2022-03-25 19:00:00,RS,RS,32,played,AS Monaco,Bitci Baskonia Vitoria-Gasteiz,78,68,0
21-22,21-22 EL,2022-03-25:ALBA Berlin-Crvena Zvezda mts Belgrade,E2021:287,2022-03-25 20:00:00,RS,RS,32,played,ALBA Berlin,Crvena Zvezda mts Belgrade,74,70,0
21-22,21-22 EL,2022-03-25:LDLC ASVEL Villeurbanne-Olympiacos Piraeus,E2021:286,2022-03-25 20:00:00,RS,RS,32,played,LDLC ASVEL Villeurbanne,Olympiacos Piraeus,80,94,0
21-22,21-22 EL,2022-03-25:FC Barcelona-Fenerbahce Beko Istanbul,E2021:288,2022-03-25 21:00:00,RS,RS,32,played,FC Barcelona,Fenerbahce Beko Istanbul,88,67,0
21-22,21-22 EL,2022-03-31:Panathinaikos OPAP Athens-Real Madrid,E2021:290,2022-03-31 20:00:00,RS,RS,33,played,Panathinaikos OPAP Athens,Real Madrid,87,86,0
21-22,21-22 EL,2022-03-31:Maccabi Playtika Tel Aviv-LDLC ASVEL Villeurbanne,E2021:291,2022-03-31 20:05:00,RS,RS,33,played,Maccabi Playtika Tel Aviv,LDLC ASVEL Villeurbanne,94,73,0
21-22,21-22 EL,2022-03-31:AX Armani Exchange Milan-AS Monaco,E2021:292,2022-03-31 20:45:00,RS,RS,33,played,AX Armani Exchange Milan,AS Monaco,63,72,0
21-22,21-22 EL,2022-04-01:Anadolu Efes Istanbul-ALBA Berlin,E2021:295,2022-04-01 19:30:00,RS,RS,33,played,Anadolu Efes Istanbul,ALBA Berlin,87,77,0
21-22,21-22 EL,2022-04-01:Olympiacos Piraeus-FC Barcelona,E2021:296,2022-04-01 20:00:00,RS,RS,33,played,Olympiacos Piraeus,FC Barcelona,73,66,0
21-22,21-22 EL,2022-04-01:FC Bayern Munich-Crvena Zvezda mts Belgrade,E2021:293,2022-04-01 20:30:00,RS,RS,33,played,FC Bayern Munich,Crvena Zvezda mts Belgrade,82,57,0
21-22,21-22 EL,2022-04-01:Bitci Baskonia Vitoria-Gasteiz-Zalgiris Kaunas,E2021:297,2022-04-01 20:30:00,RS,RS,33,played,Bitci Baskonia Vitoria-Gasteiz,Zalgiris Kaunas,96,79,0
21-22,21-22 EL,2022-04-07:FC Barcelona-Maccabi Playtika Tel Aviv,E2021:306,2022-04-07 20:00:00,RS,RS,34,played,FC Barcelona,Maccabi Playtika Tel Aviv,80,104,0
21-22,21-22 EL,2022-04-07:LDLC ASVEL Villeurbanne-AX Armani Exchange Milan,E2021:301,2022-04-07 21:00:00,RS,RS,34,played,LDLC ASVEL Villeurbanne,AX Armani Exchange Milan,80,81,0
21-22,21-22 EL,2022-04-08:Fenerbahce Beko Istanbul-Panathinaikos OPAP Athens,E2021:305,2022-04-08 19:00:00,RS,RS,34,played,Fenerbahce Beko Istanbul,Panathinaikos OPAP Athens,59,62,0
21-22,21-22 EL,2022-04-08:Real Madrid-FC Bayern Munich,E2021:302,2022-04-08 20:45:00,RS,RS,34,played,Real Madrid,FC Bayern Munich,88,97,0
21-22,21-22 EL,2022-04-08:Crvena Zvezda mts Belgrade-Anadolu Efes Istanbul,E2021:298,2022-04-08 21:00:00,RS,RS,34,played,Crvena Zvezda mts Belgrade,Anadolu Efes Istanbul,93,85,0
21-22,21-22 EL,2022-04-08:AS Monaco-ALBA Berlin,E2021:303,2022-04-08 21:00:00,RS,RS,34,played,AS Monaco,ALBA Berlin,91,74,0
21-22,21-22 EL,2022-04-19:AX Armani Exchange Milan-Anadolu Efes Istanbul,E2021:309,2022-04-19 19:00:00,PO,PO,1,played,AX Armani Exchange Milan,Anadolu Efes Istanbul,48,64,0
21-22,21-22 EL,2022-04-19:FC Barcelona-FC Bayern Munich,E2021:307,2022-04-19 21:00:00,PO,PO,1,played,FC Barcelona,FC Bayern Munich,77,67,0
21-22,21-22 EL,2022-04-20:Olympiacos Piraeus-AS Monaco,E2021:310,2022-04-20 20:00:00,PO,PO,1,played,Olympiacos Piraeus,AS Monaco,71,54,0
21-22,21-22 EL,2022-04-20:Real Madrid-Maccabi Playtika Tel Aviv,E2021:308,2022-04-20 21:00:00,PO,PO,1,played,Real Madrid,Maccabi Playtika Tel Aviv,84,74,0
21-22,21-22 EL,2022-04-21:FC Barcelona-FC Bayern Munich,E2021:311,2022-04-21 20:00:00,PO,PO,2,played,FC Barcelona,FC Bayern Munich,75,90,0
21-22,21-22 EL,2022-04-21:AX Armani Exchange Milan-Anadolu Efes Istanbul,E2021:313,2022-04-21 20:30:00,PO,PO,2,played,AX Armani Exchange Milan,Anadolu Efes Istanbul,73,66,0
21-22,21-22 EL,2022-04-22:Olympiacos Piraeus-AS Monaco,E2021:314,2022-04-22 18:00:00,PO,PO,2,played,Olympiacos Piraeus,AS Monaco,72,96,0
21-22,21-22 EL,2022-04-22:Real Madrid-Maccabi Playtika Tel Aviv,E2021:312,2022-04-22 20:45:00,PO,PO,2,played,Real Madrid,Maccabi Playtika Tel Aviv,95,66,0
21-22,21-22 EL,2022-04-26:Anadolu Efes Istanbul-AX Armani Exchange Milan,E2021:317,2022-04-26 19:30:00,PO,PO,3,played,Anadolu Efes Istanbul,AX Armani Exchange Milan,77,65,0
21-22,21-22 EL,2022-04-26:Maccabi Playtika Tel Aviv-Real Madrid,E2021:316,2022-04-26 20:15:00,PO,PO,3,played,Maccabi Playtika Tel Aviv,Real Madrid,76,87,0
21-22,21-22 EL,2022-04-27:FC Bayern Munich-FC Barcelona,E2021:315,2022-04-27 20:30:00,PO,PO,3,played,FC Bayern Munich,FC Barcelona,66,75,0
21-22,21-22 EL,2022-04-27:AS Monaco-Olympiacos Piraeus,E2021:318,2022-04-27 21:00:00,PO,PO,3,played,AS Monaco,Olympiacos Piraeus,83,87,0
21-22,21-22 EL,2022-04-28:Anadolu Efes Istanbul-AX Armani Exchange Milan,E2021:321,2022-04-28 19:30:00,PO,PO,4,played,Anadolu Efes Istanbul,AX Armani Exchange Milan,75,70,0
21-22,21-22 EL,2022-04-29:FC Bayern Munich-FC Barcelona,E2021:319,2022-04-29 20:45:00,PO,PO,4,played,FC Bayern Munich,FC Barcelona,59,52,0
21-22,21-22 EL,2022-04-29:AS Monaco-Olympiacos Piraeus,E2021:322,2022-04-29 21:00:00,PO,PO,4,played,AS Monaco,Olympiacos Piraeus,78,77,0
21-22,21-22 EL,2022-05-03:FC Barcelona-FC Bayern Munich,E2021:323,2022-05-03 20:00:00,PO,PO,5,played,FC Barcelona,FC Bayern Munich,81,72,0
21-22,21-22 EL,2022-05-04:Olympiacos Piraeus-AS Monaco,E2021:326,2022-05-04 20:30:00,PO,PO,5,played,Olympiacos Piraeus,AS Monaco,94,88,0
21-22,21-22 EL,2022-05-19:Olympiacos Piraeus-Anadolu Efes Istanbul,E2021:328,2022-05-19 18:00:00,PO,F4,40,played,Olympiacos Piraeus,Anadolu Efes Istanbul,74,77,0
21-22,21-22 EL,2022-05-19:FC Barcelona-Real Madrid,E2021:327,2022-05-19 21:00:00,PO,F4,40,played,FC Barcelona,Real Madrid,83,86,0
21-22,21-22 EL,2022-05-21:FC Barcelona-Olympiacos Piraeus,E2021:329,2022-05-21 16:00:00,PO,F4,41,played,FC Barcelona,Olympiacos Piraeus,84,74,0
21-22,21-22 EL,2022-05-21:Real Madrid-Anadolu Efes Istanbul,E2021:330,2022-05-21 19:00:00,PO,F4,41,played,Real Madrid,Anadolu Efes Istanbul,57,58,0
