player_id,name,middle_name,surname,full_name,birthday,sex,role,height,weight,team_id,season_id,jersey_number,picture_url
Paris Lee,Paris,Devante,Lee,Paris Lee,1995-04-20,M,G,1.84,84,AS Monaco,21-22,5,https://media-cdn.incrowdsports.com/e0dbb6af-38f3-4ffb-bdf7-d278f8198def.png
Leo Westermann,Leo,Joseph Paul,Westermann,Leo Westermann,1992-07-24,M,G,1.98,90,AS Monaco,21-22,9,https://media-cdn.incrowdsports.com/d16e0a60-9556-4a0b-baaa-53b11e2315a4.png
Will Thomas,Will,,Thomas,Will Thomas,1986-07-01,M,F,2.03,110,AS Monaco,21-22,10,https://media-cdn.incrowdsports.com/6c821d3c-09c7-4ef4-bc07-6573f1c22c74.png
Alpha Diallo,Alpha,Saliou,Diallo,Alpha Diallo,1997-06-29,M,F,2.01,95,AS Monaco,21-22,11,https://media-cdn.incrowdsports.com/82e39adb-fb1d-4a6e-a1dc-887c0dc61eca.png
Brock Motum,Brock,William,Motum,Brock Motum,1990-10-16,M,F,2.08,110,AS Monaco,21-22,12,https://media-cdn.incrowdsports.com/9d5dd223-7b8b-4b5e-9a22-20852f26b78f.png
Jerry Boutsiele,Jerry,Franck,Boutsiele,Jerry Boutsiele,1992-12-16,M,C,2.08,125,AS Monaco,21-22,16,https://media-cdn.incrowdsports.com/b27b759b-1896-4b35-8f0d-a280af6be9ac.png
Donatas Motiejunas,Donatas,,Motiejunas,Donatas Motiejunas,1990-09-20,M,C,2.13,101,AS Monaco,21-22,20,https://media-cdn.incrowdsports.com/7ab76be4-0144-421c-b07f-bf14af641aa3.png
Yakuba Ouattara,Yakuba,Billy,Ouattara,Yakuba Ouattara,1992-01-24,M,G,1.92,98,AS Monaco,21-22,24,https://media-cdn.incrowdsports.com/06288a4c-52e0-4794-934d-505d314472b7.png
Ibrahima Faye,Ibrahima,Fall,Faye,Ibrahima Faye,1997-01-10,M,F,2.09,100,AS Monaco,21-22,28,https://media-cdn.incrowdsports.com/61a09f6a-43fc-41a4-8dec-0652c689baf8.png
Danilo Andjusic,Danilo,,Andjusic,Danilo Andjusic,1991-04-22,M,G,1.95,98,AS Monaco,21-22,33,https://media-cdn.incrowdsports.com/b58da248-6aa5-442c-be56-503797316fdf.png
Donta Hall,Donta,Lavell,Hall,Donta Hall,1997-08-07,M,C,2.08,105,AS Monaco,21-22,45,https://media-cdn.incrowdsports.com/d8150854-ad61-4de6-b7a5-257727785f8c.png
Mike James,Mike,,James,Mike James,1990-08-18,M,G,1.85,90,AS Monaco,21-22,55,https://media-cdn.incrowdsports.com/04643aa9-328c-445c-9b58-5cce84132744.png
Kendrick Perry,Kendrick,,Perry,Kendrick Perry,1992-12-23,M,G,1.85,80,Panathinaikos OPAP Athens,21-22,3,https://media-cdn.incrowdsports.com/0285e222-dc3f-4d5b-80d9-e01f3f0a223c.png
Daryl Macon,Daryl,,Macon,Daryl Macon,1995-11-29,M,G,1.88,83,Panathinaikos OPAP Athens,21-22,5,
Vasilis Kavvadas,Vasilis,,Kavvadas,Vasilis Kavvadas,1991-12-28,M,C,2.06,125,Panathinaikos OPAP Athens,21-22,9,https://media-cdn.incrowdsports.com/9fe2b36e-5b30-4a94-ab2d-d8f79e96c263.png
Okaro White,Okaro,Wayne Anthony,White,Okaro White,1992-08-13,M,F,2.03,93,Panathinaikos OPAP Athens,21-22,15,https://media-cdn.incrowdsports.com/1c933bf1-496c-4418-9100-d814d5da553a.png
Jehyve Floyd,Jehyve,Jamal,Floyd,Jehyve Floyd,1997-06-27,M,C,2.03,108,Panathinaikos OPAP Athens,21-22,20,https://media-cdn.incrowdsports.com/340bad6b-fa2d-43d1-8995-b25bf43ab787.png
Jeremy Evans,Jeremy,Deshawn,Evans,Jeremy Evans,1987-10-24,M,F,2.06,93,Panathinaikos OPAP Athens,21-22,40,https://media-cdn.incrowdsports.com/365dc51d-8c49-4172-becb-e0f2e08a3ad7.png
Keenan Evans,Keenan,Cortez,Evans,Keenan Evans,1996-08-23,M,G,1.91,86,Maccabi Playtika Tel Aviv,21-22,2,https://media-cdn.incrowdsports.com/f8e8a75e-8ddd-4036-a7d6-253e08390dd0.png
Derrick Williams,Derrick,Le Ron,Williams,Derrick Williams,1991-05-25,M,F,2.06,109,Maccabi Playtika Tel Aviv,21-22,6,https://media-cdn.incrowdsports.com/efe943c1-0bc1-4962-b7e1-d8af9dae735b.png
Kameron Taylor,Kameron,,Taylor,Kameron Taylor,1994-10-05,M,G,1.98,95,Maccabi Playtika Tel Aviv,21-22,7,https://media-cdn.incrowdsports.com/9f7537c4-f0a4-438d-bbb2-3e102da730bf.png
Jalen Reynolds,Jalen,,Reynolds,Jalen Reynolds,1992-12-30,M,C,2.07,105,Maccabi Playtika Tel Aviv,21-22,8,https://media-cdn.incrowdsports.com/609aecfa-c249-4e65-8134-fde0783eb3d0.png
Roman Sorkin,Roman,,Sorkin,Roman Sorkin,1996-08-11,M,F,2.08,95,Maccabi Playtika Tel Aviv,21-22,9,https://media-cdn.incrowdsports.com/3accee12-9675-4dda-9776-a2f796536864.png
Jake Cohen,Jake,,Cohen,Jake Cohen,1990-09-25,M,F,2.1,107,Maccabi Playtika Tel Aviv,21-22,15,https://media-cdn.incrowdsports.com/b7abe142-0591-4458-9caf-e6880e36eb9a.png
James Nunnally,James,William,Nunnally,James Nunnally,1990-07-14,M,F,2.01,93,Maccabi Playtika Tel Aviv,21-22,21,https://media-cdn.incrowdsports.com/8513963c-bc49-4e80-bfb8-a4d2be9291ba.png
Iftah Ziv,Iftah,,Ziv,Iftah Ziv,1995-07-09,M,G,1.91,90,Maccabi Playtika Tel Aviv,21-22,99,https://media-cdn.incrowdsports.com/304e32c5-6193-4fef-bb54-31ba288b2028.png
Deshaun Thomas,Deshaun,Leroy,Thomas,Deshaun Thomas,1991-08-29,M,F,2.01,104,FC Bayern Munich,21-22,1,https://media-cdn.incrowdsports.com/48bb7671-68eb-4f88-9922-e913d59ad618.png
Corey Walden,Corey,Torrian,Walden,Corey Walden,1992-08-05,M,G,1.88,86,FC Bayern Munich,21-22,2,https://media-cdn.incrowdsports.com/e06448b0-d401-45d6-b7f9-e847273a27e6.png
Othello Hunter,Othello,Tegba,Hunter,Othello Hunter,1986-05-28,M,C,2.03,102,FC Bayern Munich,21-22,8,https://media-cdn.incrowdsports.com/8a0f0750-b36f-4b5e-af2d-89bb305c0fce.png
Joshua Obiesie,Joshua,Chinedume,Obiesie,Joshua Obiesie,2000-05-23,M,G,1.98,86,FC Bayern Munich,21-22,9,https://media-cdn.incrowdsports.com/1216df50-ad67-4d66-9d0e-5b11d7b8e857.png
Ognjen Jaramaz,Ognjen,,Jaramaz,Ognjen Jaramaz,1995-09-01,M,G,1.93,87,FC Bayern Munich,21-22,10,https://media-cdn.incrowdsports.com/1e317411-cb6a-4bb7-aea7-adae682e1deb.png
Augustine Rubit,Augustine,,Rubit,Augustine Rubit,1989-08-14,M,F,2.03,104,FC Bayern Munich,21-22,21,https://media-cdn.incrowdsports.com/7648970a-7b37-46de-bdba-148d7124f362.png
Zan Mark Sisko,Zan Mark,,Sisko,Zan Mark Sisko,1997-06-29,M,G,1.89,82,FC Bayern Munich,21-22,31,https://media-cdn.incrowdsports.com/eee2d15a-fd00-49ba-8c43-13053de0cfb1.png
Darrun Hilliard,Darrun,Cordell,Hilliard,Darrun Hilliard,1993-04-13,M,G,1.98,104,FC Bayern Munich,21-22,32,https://media-cdn.incrowdsports.com/a0ba1abf-56df-4a09-a4f3-66bc3baa39f6.png
Nicolo Melli,Nicolo,,Melli,Nicolo Melli,1991-01-26,M,F,2.05,112,AX Armani Exchange Milan,21-22,9,https://media-cdn.incrowdsports.com/bc1ff007-af71-49e5-977d-ec97c5eedcb8.png
Jerian Grant,Jerian,Holdyn,Grant,Jerian Grant,1992-10-09,M,G,1.96,91,AX Armani Exchange Milan,21-22,10,https://media-cdn.incrowdsports.com/463022c3-6de9-4b2b-b99c-7b96c0e0b209.png
Giampaolo Ricci,Giampaolo,,Ricci,Giampaolo Ricci,1991-09-27,M,F,2.01,102,AX Armani Exchange Milan,21-22,17,https://media-cdn.incrowdsports.com/619c4b2e-2b92-4484-9156-a71d3de167d4.png
Devon Hall,Devon,Howard,Hall,Devon Hall,1995-07-07,M,G,1.96,96,AX Armani Exchange Milan,21-22,22,https://media-cdn.incrowdsports.com/432365d1-04f9-49d8-9179-022f2201eb1f.png
Konstantinos Mitoglou,Konstantinos,,Mitoglou,Konstantinos Mitoglou,1996-06-11,M,F,2.1,113,AX Armani Exchange Milan,21-22,24,https://media-cdn.incrowdsports.com/f74bee76-7ede-4a00-bed0-10b3f276eb38.png
Marius Grigonis,Marius,,Grigonis,Marius Grigonis,1994-04-26,M,G,1.98,93,CSKA Moscow,21-22,40,https://media-cdn.incrowdsports.com/3247b8e5-e782-454e-adb8-ccd7e994eb96.png
Alexey Shved,Alexey,,Shved,Alexey Shved,1988-12-16,M,G,1.98,86,CSKA Moscow,21-22,91,https://media-cdn.incrowdsports.com/796ea536-8200-4083-8f74-22fefd9057c0.png
Nigel Williams Goss,Nigel,Cole,Williams Goss,Nigel Williams Goss,1994-09-16,M,G,1.91,86,Real Madrid,21-22,0,https://media-cdn.incrowdsports.com/47da8315-ef16-4835-9d9e-a07313ceff71.png
Thomas Heurtel,Thomas,David,Heurtel,Thomas Heurtel,1989-04-10,M,G,1.89,83,Real Madrid,21-22,4,https://media-cdn.incrowdsports.com/98840e78-b249-4deb-bd3b-ee4d9eab6e5d.png
Adam Hanga,Adam,,Hanga,Adam Hanga,1989-04-12,M,F,2.0,94,Real Madrid,21-22,8,https://media-cdn.incrowdsports.com/4dbfa4ca-000f-4ae1-af45-ca1d2c7c7892.png
Vincent Poirier,Vincent,Yann,Poirier,Vincent Poirier,1993-10-17,M,C,2.13,110,Real Madrid,21-22,17,https://media-cdn.incrowdsports.com/25ec82aa-5a88-4aca-aa79-7894c4994e85.png
Guerschon Yabusele,Guerschon,,Yabusele,Guerschon Yabusele,1995-12-17,M,F,2.04,123,Real Madrid,21-22,28,https://media-cdn.incrowdsports.com/228be8f6-f04b-4c25-ab6a-1bbb93bea176.png
Filip Petrusev,Filip,,Petrusev,Filip Petrusev,2000-04-15,M,C,2.11,107,Anadolu Efes Istanbul,21-22,33,https://media-cdn.incrowdsports.com/ee912920-46aa-4d64-8b1f-f3f7b867f659.png
Marco Spissu,Marco,,Spissu,Marco Spissu,1995-02-05,M,G,1.82,80,UNICS Kazan,21-22,0,https://media-cdn.incrowdsports.com/bcf94305-578a-40e8-85d8-08f7bd984b8d.png
John Brown,John,Edward,Brown,John Brown,1992-01-28,M,F,2.03,98,UNICS Kazan,21-22,0,https://media-cdn.incrowdsports.com/5f2c9b31-9492-4fd2-8ace-8ae21d7b17a2.png
Isaiah Canaan,Isaiah,Andre,Canaan,Isaiah Canaan,1991-05-21,M,G,1.83,91,UNICS Kazan,21-22,3,https://media-cdn.incrowdsports.com/c1b3d1a5-57fc-40dc-8ed0-24c3493c5114.png
Lorenzo Brown,Lorenzo,D Ontez,Brown,Lorenzo Brown,1990-08-26,M,G,1.96,89,UNICS Kazan,21-22,4,https://media-cdn.incrowdsports.com/09dd1bc7-7ed2-4b80-b027-04eb66b5bceb.png
Jarrell Brantley,Jarrell,Isaiah,Brantley,Jarrell Brantley,1996-06-07,M,F,2.01,108,UNICS Kazan,21-22,5,https://media-cdn.incrowdsports.com/1c11efe8-3847-4943-b1a8-bf3777dd3c52.png
Viacheslav Zaitcev,Viacheslav,,Zaitcev,Viacheslav Zaitcev,1989-08-28,M,G,1.9,86,UNICS Kazan,21-22,8,https://media-cdn.incrowdsports.com/f2d00aa9-7127-4377-88a2-d7fc5705eeb4.png
Mario Hezonja,Mario,,Hezonja,Mario Hezonja,1995-02-25,M,F,2.06,110,UNICS Kazan,21-22,11,https://media-cdn.incrowdsports.com/66277d93-a9ba-4d7e-9f31-f41fa340f9e9.png
Artem Klimenko,Artem,,Klimenko,Artem Klimenko,1994-01-10,M,C,2.14,110,UNICS Kazan,21-22,12,https://media-cdn.incrowdsports.com/3336f5c5-bc0e-4e53-8348-52c5454dc3bd.png
Dmitrii Uzinskii,Dmitrii,,Uzinskii,Dmitrii Uzinskii,1993-07-13,M,F,2.0,90,UNICS Kazan,21-22,13,https://media-cdn.incrowdsports.com/21f7a511-40e5-4319-988d-3d8605e9a1ea.png
Tonye Jekiri,Tonye,Frank,Jekiri,Tonye Jekiri,1994-07-23,M,C,2.12,100,UNICS Kazan,21-22,23,https://media-cdn.incrowdsports.com/db3f7f9d-4854-45a3-a3e3-b623321a83f7.png
Andrey Vorontsevich,Andrey,,Vorontsevich,Andrey Vorontsevich,1987-07-17,M,F,2.07,107,UNICS Kazan,21-22,33,https://media-cdn.incrowdsports.com/a09676f1-c672-4835-92fd-da0b236af387.png
Artem Komolov,Artem,,Komolov,Artem Komolov,1993-06-01,M,G,1.93,91,UNICS Kazan,21-22,44,https://media-cdn.incrowdsports.com/5f82887f-4344-4c0b-b5b9-e0752071a112.png
Jordan Loyd,Jordan,Kenneth,Loyd,Jordan Loyd,1993-07-27,M,G,1.93,80,Zenit St Petersburg,21-22,2,https://media-cdn.incrowdsports.com/095852f9-41ff-49bd-b144-83f45432b77f.png
Sergey Karasev,Sergey,,Karasev,Sergey Karasev,1993-10-26,M,G,2.01,95,Zenit St Petersburg,21-22,7,https://media-cdn.incrowdsports.com/b452b831-b1fa-4891-ab9a-447261a6e7a4.png
Dmitry Kulagin,Dmitry,,Kulagin,Dmitry Kulagin,1992-07-01,M,G,1.98,92,Zenit St Petersburg,21-22,9,https://media-cdn.incrowdsports.com/50505442-d9ec-4da3-9cea-d00a5de73e1a.png
Mindaugas Kuzminskas,Mindaugas,,Kuzminskas,Mindaugas Kuzminskas,1989-10-19,M,F,2.05,103,Zenit St Petersburg,21-22,19,https://media-cdn.incrowdsports.com/377faafb-f9c9-4f7f-b983-f3dcdf68213a.png
Conner Frankamp,Conner,,Frankamp,Conner Frankamp,1995-07-16,M,G,1.85,77,Zenit St Petersburg,21-22,33,https://media-cdn.incrowdsports.com/2f142a96-f755-46ab-a808-77e9123cf082.png
Jordan Mickey,Jordan,Grayson,Mickey,Jordan Mickey,1994-07-09,M,C,2.03,104,Zenit St Petersburg,21-22,55,https://media-cdn.incrowdsports.com/387c5b8b-b43f-41b5-98ca-96bfc139ddfc.png
Metecan Birsen,Metecan,James,Birsen,Metecan Birsen,1995-04-06,M,F,2.05,89,Fenerbahce Beko Istanbul,21-22,1,https://media-cdn.incrowdsports.com/af70ee1a-658d-4c8d-9e1d-35d330acbdc9.png
Marial Shayok,Marial,,Shayok,Marial Shayok,1995-07-26,M,G,1.96,93,Fenerbahce Beko Istanbul,21-22,3,https://media-cdn.incrowdsports.com/926ee0a5-8498-4bfd-b93e-69dda4a0a2e6.png
Ismet Akpinar,Ismet,,Akpinar,Ismet Akpinar,1995-05-22,M,G,1.93,82,Fenerbahce Beko Istanbul,21-22,5,https://media-cdn.incrowdsports.com/22bcbe4d-a762-4920-a8b0-b51755fb74ca.png
Pierria Henry,Pierria,Lee Vaughntay,Henry,Pierria Henry,1993-01-20,M,G,1.93,88,Fenerbahce Beko Istanbul,21-22,20,https://media-cdn.incrowdsports.com/561dde76-6bcc-4b8f-ba49-2a3479f1a0a5.png
Devin Booker,Devin,Rydale,Booker,Devin Booker,1991-02-28,M,C,2.05,113,Fenerbahce Beko Istanbul,21-22,31,https://media-cdn.incrowdsports.com/b7f3bf84-a7e1-4f78-abf6-f7f55d538a38.png
Achille Polonara,Achille,,Polonara,Achille Polonara,1991-11-23,M,C,2.05,90,Fenerbahce Beko Istanbul,21-22,33,https://media-cdn.incrowdsports.com/276cfef5-2d89-49d4-9dc8-a72353a08a27.png
Marko Gusic,Marko,,Gusic,Marko Gusic,2002-08-06,M,G,1.97,85,Crvena Zvezda mts Belgrade,21-22,1,https://media-cdn.incrowdsports.com/d04d0027-6379-4347-b489-1963c26742ba.png
Stefan Lazarevic,Stefan,,Lazarevic,Stefan Lazarevic,1996-08-20,M,F,1.98,95,Crvena Zvezda mts Belgrade,21-22,2,https://media-cdn.incrowdsports.com/368f1ca1-e33f-46fb-b99d-38a3ee20840a.png
Nate Wolters,Nate,,Wolters,Nate Wolters,1991-05-15,M,G,1.94,86,Crvena Zvezda mts Belgrade,21-22,3,https://media-cdn.incrowdsports.com/75cedf2e-f5c2-411e-b45d-ec716aa9db92.png
Luka Mitrovic,Luka,,Mitrovic,Luka Mitrovic,1993-03-21,M,F,2.06,102,Crvena Zvezda mts Belgrade,21-22,9,https://media-cdn.incrowdsports.com/835905fe-cfb2-4a29-86f0-8b947ad0c289.png
Nikola Kalinic,Nikola,,Kalinic,Nikola Kalinic,1991-11-08,M,F,2.02,102,Crvena Zvezda mts Belgrade,21-22,12,https://media-cdn.incrowdsports.com/ccc20e20-381c-4c73-adf9-036398a7b6eb.png
Austin Hollins,Austin,James,Hollins,Austin Hollins,1991-11-08,M,G,1.93,86,Crvena Zvezda mts Belgrade,21-22,14,https://media-cdn.incrowdsports.com/bb18f251-0775-4dff-9644-a9c9509beb61.png
Nikola Ivanovic,Nikola,,Ivanovic,Nikola Ivanovic,1994-02-19,M,G,1.91,85,Crvena Zvezda mts Belgrade,21-22,20,https://media-cdn.incrowdsports.com/440064da-62d3-4ee1-bae7-0196919d9197.png
Thomas Walkup,Thomas,Ryan,Walkup,Thomas Walkup,1992-12-30,M,G,1.93,92,Olympiacos Piraeus,21-22,0,https://media-cdn.incrowdsports.com/717288ec-abc1-453a-bb00-2b280d55bbfd.png
Tyler Dorsey,Tyler,Quincy,Dorsey,Tyler Dorsey,1996-02-18,M,G,1.96,83,Olympiacos Piraeus,21-22,2,https://media-cdn.incrowdsports.com/fa44c5d5-a347-467b-8ecc-a64220808966.png
Michalis Lountzis,Michalis,,Lountzis,Michalis Lountzis,1998-08-04,M,G,1.95,95,Olympiacos Piraeus,21-22,4,https://media-cdn.incrowdsports.com/5aeedc62-c26c-4eaf-84f4-d2e54562eb11.png
Moustapha Fall,Moustapha,Falou,Fall,Moustapha Fall,1992-02-23,M,C,2.18,127,Olympiacos Piraeus,21-22,10,https://media-cdn.incrowdsports.com/e17ffb2e-a79c-44db-ac38-742ff2678bb0.png
Alejandro Barrera,Alejandro,,Barrera,Alejandro Barrera,1992-04-01,M,G,1.96,96,Bitci Baskonia Vitoria-Gasteiz,21-22,7,https://media-cdn.incrowdsports.com/2fa755e8-e836-4a9a-83ae-75601dab4611.png
Tadas Sedekerskis,Tadas,,Sedekerskis,Tadas Sedekerskis,1998-01-17,M,F,2.0,98,Bitci Baskonia Vitoria-Gasteiz,21-22,8,https://media-cdn.incrowdsports.com/8c0e538e-0490-4845-b0d0-b74c4f062a0a.png
Vanja Marinkovic,Vanja,,Marinkovic,Vanja Marinkovic,1997-01-09,M,F,1.98,95,Bitci Baskonia Vitoria-Gasteiz,21-22,9,https://media-cdn.incrowdsports.com/8fe5db4d-639b-4d11-868e-ab7e7f8fb2a5.png
Sidy Cissoko,Sidy,,Cissoko,Sidy Cissoko,2004-04-02,M,G,1.98,90,Bitci Baskonia Vitoria-Gasteiz,21-22,10,https://media-cdn.incrowdsports.com/9cab67d6-87f4-4e32-86e2-1b6e3cb27f16.png
Jayson Granger,Jayson,Antoine,Granger,Jayson Granger,1989-09-15,M,G,1.89,97,Bitci Baskonia Vitoria-Gasteiz,21-22,11,https://media-cdn.incrowdsports.com/3107f8e8-b857-4972-8a37-f33d6f74457b.png
Simone Fontecchio,Simone,,Fontecchio,Simone Fontecchio,1995-12-09,M,F,2.03,96,Bitci Baskonia Vitoria-Gasteiz,21-22,20,https://media-cdn.incrowdsports.com/609cc7e6-5f5f-46b7-b4fd-e35752f3e449.png
Steven Enoch,Steven,Coy,Enoch,Steven Enoch,1997-09-18,M,C,2.08,116,Bitci Baskonia Vitoria-Gasteiz,21-22,23,https://media-cdn.incrowdsports.com/04f42842-797c-448c-93de-93780845d46e.png
Matthew Costello,Matthew,,Costello,Matthew Costello,1993-08-05,M,C,2.1,105,Bitci Baskonia Vitoria-Gasteiz,21-22,24,https://media-cdn.incrowdsports.com/981aa970-5c4a-46e5-a744-6d748e15eae5.png
Rokas Giedraitis,Rokas,,Giedraitis,Rokas Giedraitis,1992-08-16,M,F,2.0,90,Bitci Baskonia Vitoria-Gasteiz,21-22,31,https://media-cdn.incrowdsports.com/220359e1-d7bc-4ff2-8f3c-68c15f123125.png
Landry Nnoko,Landry,Christ,Nnoko,Landry Nnoko,1994-04-09,M,C,2.08,111,Bitci Baskonia Vitoria-Gasteiz,21-22,35,https://media-cdn.incrowdsports.com/1cedbe9d-6236-407e-a671-42a4c6866724.png
Arturs Kurucs,Arturs,,Kurucs,Arturs Kurucs,2000-01-19,M,G,1.9,90,Bitci Baskonia Vitoria-Gasteiz,21-22,47,https://media-cdn.incrowdsports.com/8a5fc030-7f79-43cd-beb2-8fea7a54a71e.png
Elie Okobo,Elie,,Okobo,Elie Okobo,1997-10-23,M,G,1.91,95,LDLC ASVEL Villeurbanne,21-22,0,https://media-cdn.incrowdsports.com/f83abc83-1200-45e1-9048-29a5e643229a.png
Victor Wembanyama,Victor,,Wembanyama,Victor Wembanyama,2004-01-04,M,F,2.2,93,LDLC ASVEL Villeurbanne,21-22,1,https://media-cdn.incrowdsports.com/77cc2195-3497-417b-a788-0a986c33f483.png
Chris Jones,Chris,,Jones,Chris Jones,1993-04-10,M,G,1.88,85,LDLC ASVEL Villeurbanne,21-22,3,https://media-cdn.incrowdsports.com/114c4403-e537-47ed-91c4-9aba5e409fca.png
Youssoupha Fall,Youssoupha,,Fall,Youssoupha Fall,1995-01-12,M,C,2.21,123,LDLC ASVEL Villeurbanne,21-22,19,https://media-cdn.incrowdsports.com/1a9cfed5-71a0-438a-abc6-03583aa16d4e.png
Dylan Osetkowski,Dylan,,Osetkowski,Dylan Osetkowski,1996-08-08,M,F,2.06,115,LDLC ASVEL Villeurbanne,21-22,21,https://media-cdn.incrowdsports.com/96dbd04e-a049-4c1b-bc0a-33a7fae37e22.png
Kostas Antetokounmpo,Kostas,,Antetokounmpo,Kostas Antetokounmpo,1997-11-20,M,F,2.08,105,LDLC ASVEL Villeurbanne,21-22,37,https://media-cdn.incrowdsports.com/101120bf-1dee-4348-90de-c630db737251.png
Josh Nebo,Josh,,Nebo,Josh Nebo,1997-07-17,M,C,2.06,111,Zalgiris Kaunas,21-22,7,https://media-cdn.incrowdsports.com/98cea587-abba-4f78-b6f6-89625f6cbbd6.png
Emmanuel Mudiay,Emmanuel,Kabeya,Mudiay,Emmanuel Mudiay,1996-03-05,M,G,1.96,91,Zalgiris Kaunas,21-22,8,https://media-cdn.incrowdsports.com/789b5bd1-e83a-4600-a198-456921b2b22f.png
Mantas Kalnietis,Mantas,,Kalnietis,Mantas Kalnietis,1986-09-06,M,G,,,Zalgiris Kaunas,21-22,9,https://media-cdn.incrowdsports.com/d7bc963e-754e-4892-9614-f9e5ff79866f.png
Janis Strelnieks,Janis,,Strelnieks,Janis Strelnieks,1989-09-01,M,G,1.91,90,Zalgiris Kaunas,21-22,32,https://media-cdn.incrowdsports.com/c7e70554-2bee-4d2d-ace6-15e5f07dd0c9.png
Tyler Cavanaugh,Tyler,Robert,Cavanaugh,Tyler Cavanaugh,1994-02-09,M,F,2.06,107,Zalgiris Kaunas,21-22,34,https://media-cdn.incrowdsports.com/f2782f3f-b35c-4041-aba9-ed41cd3ef8de.png
Niels Giffey,Niels,,Giffey,Niels Giffey,1991-06-08,M,F,2.0,97,Zalgiris Kaunas,21-22,55,https://media-cdn.incrowdsports.com/06cebf77-1ab1-475c-b069-13f2456d1328.png
Sertac Sanli,Sertac,,Sanli,Sertac Sanli,1991-08-05,M,C,2.12,110,FC Barcelona,21-22,5,https://media-cdn.incrowdsports.com/71a94b7b-2e3f-45bc-91ee-e5b8dd036fdb.png
Nigel Hayes Davis,Nigel,Alexander,Hayes Davis,Nigel Hayes Davis,1994-12-16,M,F,2.03,103,FC Barcelona,21-22,14,https://media-cdn.incrowdsports.com/02d59749-da7e-46c4-9095-e6d939c11a8d.png
Nicolas Laprovittola,Nicolas,,Laprovittola,Nicolas Laprovittola,1990-01-31,M,G,1.9,83,FC Barcelona,21-22,20,https://media-cdn.incrowdsports.com/7654bd68-309a-4671-92d2-ba2be6e14689.png
Rokas Jokubaitis,Rokas,,Jokubaitis,Rokas Jokubaitis,2000-11-19,M,G,1.93,88,FC Barcelona,21-22,31,https://media-cdn.incrowdsports.com/1440d9d1-3a6c-49a9-8f67-f906eb1776a5.png
Jaleen Smith,Jaleen,Devon,Smith,Jaleen Smith,1994-11-24,M,G,1.9,93,ALBA Berlin,21-22,3,https://media-cdn.incrowdsports.com/e145a943-6c7d-4ede-b165-9aaced5e8856.png
Tamir Blatt,Tamir,,Blatt,Tamir Blatt,1997-05-04,M,G,1.85,82,ALBA Berlin,21-22,45,https://media-cdn.incrowdsports.com/b0908e9b-413e-41c3-8978-f6af678bc6cd.png
Yovel Zoosman,Yovel,,Zoosman,Yovel Zoosman,1998-05-12,M,F,2.0,90,ALBA Berlin,21-22,50,https://media-cdn.incrowdsports.com/dda1881d-3806-463b-af17-065f01bd7255.png
Eleftherios Mantzoukas,Eleftherios,,Mantzoukas,Eleftherios Mantzoukas,2003-07-08,M,F,2.07,100,Panathinaikos OPAP Athens,21-22,72,https://media-cdn.incrowdsports.com/495239c9-1840-4401-a8dc-f81f7b4de23a.png
Sehmus Hazer,Sehmus,Hazer,Hazer,Sehmus Hazer,1999-02-15,M,G,1.93,,Fenerbahce Beko Istanbul,21-22,2,https://media-cdn.incrowdsports.com/78a74aea-d9c9-4f2a-9c4e-f6a5bfc99f22.png
Mathias Lessort,Mathias,Michel,Lessort,Mathias Lessort,1995-09-29,M,C,2.06,113,Maccabi Playtika Tel Aviv,21-22,26,https://media-cdn.incrowdsports.com/c39b5527-19a2-4094-9d94-e18e55373d39.png
Gavin Schilling,Gavin,Marcel Valentin,Schilling,Gavin Schilling,1995-11-10,M,F,2.06,107,FC Bayern Munich,21-22,34,https://media-cdn.incrowdsports.com/1f760820-5278-4d07-a74c-cfb5c9ecb843.png
Michael Caicedo Sanchez,Michael,,Caicedo Sanchez,Michael Caicedo Sanchez,2003-06-21,M,G,2.0,,FC Barcelona,21-22,42,https://media-cdn.incrowdsports.com/7a88a8c4-06bc-4f5c-b25f-3dfb842bdd8a.png
Georgy Zhbanov,Georgy,,Zhbanov,Georgy Zhbanov,1997-10-10,M,F,1.97,95,UNICS Kazan,21-22,6,https://media-cdn.incrowdsports.com/900f1439-d8dc-4f2c-810c-06006094338e.png
Rudy Demahis Ballou,Rudy,Brice Emmanuel,Demahis Ballou,Rudy Demahis Ballou,2002-02-26,M,G,1.9,78,AS Monaco,21-22,3,https://media-cdn.incrowdsports.com/757a6e84-9c41-4a65-bba8-5290d8fedee3.png
Rob Gray,Rob,,Gray,Rob Gray,1994-04-03,M,G,1.86,80,AS Monaco,21-22,32,https://media-cdn.incrowdsports.com/cfc0a1b3-376c-4edc-8e65-e0c08b81cd0c.png
Vladimir Ivlev,Vladimir,,Ivlev,Vladimir Ivlev,1990-02-28,M,C,2.07,101,CSKA Moscow,21-22,8,https://media-cdn.incrowdsports.com/cf8b1cd8-fecf-4b85-b7b4-4914d6894e3f.png
Oscar Da Silva,Oscar,Leon,Da Silva,Oscar Da Silva,1998-09-21,M,F,2.05,104,ALBA Berlin,21-22,1,https://media-cdn.incrowdsports.com/61e08a6b-a024-49f1-86c3-00ca0ef4b0a6.png
James Gist,James,Clough,Gist,James Gist,1986-10-26,M,C,2.04,108,LDLC ASVEL Villeurbanne,21-22,14,https://media-cdn.incrowdsports.com/8ac701ad-576d-4103-af5a-12824a52ecf8.png
Wade Baldwin,Wade,M,Baldwin,Wade Baldwin,1996-03-29,M,G,1.93,90,Bitci Baskonia Vitoria-Gasteiz,21-22,5,https://media-cdn.incrowdsports.com/20b60b14-9e8b-461a-b67a-df7a1a49b79d.png
Davide Alviti,Davide,,Alviti,Davide Alviti,1996-11-05,M,G,1.97,92,AX Armani Exchange Milan,21-22,40,https://media-cdn.incrowdsports.com/d5c5ec8a-f616-4e89-8d11-5d8adbed602b.png
Andreas Obst,Andreas,,Obst,Andreas Obst,1996-07-13,M,G,1.91,81,FC Bayern Munich,21-22,13,https://media-cdn.incrowdsports.com/2b81ea47-a6f5-4e70-b4db-74b90a447715.png
Elijah Bryant,Elijah,Brigham,Bryant,Elijah Bryant,1995-04-19,M,G,1.96,95,Anadolu Efes Istanbul,21-22,6,https://media-cdn.incrowdsports.com/cb13d566-4252-4262-aa24-03e7d55e3563.png
O J Mayo,O J,,Mayo,O J Mayo,1987-11-05,M,G,1.96,95,UNICS Kazan,21-22,32,https://media-cdn.incrowdsports.com/f8007e60-3443-462b-b811-da54c8c24412.png
Yogi Ferrell,Yogi,Kevin Duane,Ferrell,Yogi Ferrell,1993-05-09,M,G,1.82,80,Panathinaikos OPAP Athens,21-22,11,https://media-cdn.incrowdsports.com/6bbb6075-37d4-4986-8fe6-5e98baf062eb.png
Troy Daniels,Troy,Jerome,Daniels,Troy Daniels,1991-07-15,M,G,1.93,91,AX Armani Exchange Milan,21-22,30,https://media-cdn.incrowdsports.com/384af30b-ec79-4426-8f21-7cded0746438.png
Eli Ndiaye,Eli,John,Ndiaye,Eli Ndiaye,2004-06-26,M,F,2.04,92,Real Madrid,21-22,30,https://media-cdn.incrowdsports.com/b5594649-9637-4958-b759-afa498d86b86.png
Maik Zirbes,Maik,Hendrik,Zirbes,Maik Zirbes,1990-01-29,M,C,2.07,115,Crvena Zvezda mts Belgrade,21-22,33,https://media-cdn.incrowdsports.com/6b65be92-e8f4-4347-ae31-705fb0c8656b.png
Stefan Peno,Stefan,,Peno,Stefan Peno,1997-08-03,M,G,1.98,95,ALBA Berlin,21-22,44,https://media-cdn.incrowdsports.com/73f5d653-2fb4-4ac3-8c29-a0414e298b96.png
Kenneth Faried,Kenneth,Bernard,Faried,Kenneth Faried,1989-11-19,M,F,2.03,103,CSKA Moscow,21-22,35,https://media-cdn.incrowdsports.com/0c516d6c-cae3-4e8c-b89c-5ae3e79cb8bf.png
Armel Traore,Armel,Bakari Timothe Simon,Traore,Armel Traore,2003-01-23,M,F,2.03,90,AS Monaco,21-22,35,https://media-cdn.incrowdsports.com/974a36ac-5b4d-4f8d-9ff4-513b107c711a.png
Juan Nunez,Juan,,Nunez,Juan Nunez,2004-06-04,M,G,1.92,88,Real Madrid,21-22,2,https://media-cdn.incrowdsports.com/92d4f5d1-cb7d-4adf-bf2c-608b3f913fcc.png
Dwayne Bacon,Dwayne,Lee,Bacon,Dwayne Bacon,1995-08-30,M,F,1.98,100,AS Monaco,21-22,8,https://media-cdn.incrowdsports.com/8bd0b07e-8165-4f6f-be28-efa08ac35d40.png
Tai Webster,Tai,Jack,Webster,Tai Webster,1995-05-29,M,G,1.93,89,Zalgiris Kaunas,21-22,0,https://media-cdn.incrowdsports.com/ff665360-5102-412d-88ec-a15507806118.png
Zoran Dragic,Zoran,,Dragic,Zoran Dragic,1989-06-22,M,G,1.96,90,Zalgiris Kaunas,21-22,30,https://media-cdn.incrowdsports.com/2f2256f5-08c1-48ba-b6ad-951fd139918c.png
Lamar Peters,Lamar,Kendrell Anthony,Peters,Lamar Peters,1998-06-19,M,G,1.83,84,Bitci Baskonia Vitoria-Gasteiz,21-22,1,https://media-cdn.incrowdsports.com/194d9cbc-b0d2-48ae-8add-58b1a295dbb1.png
Marcos Knight,Marcos,,Knight,Marcos Knight,1989-09-24,M,F,1.88,98,LDLC ASVEL Villeurbanne,21-22,9,https://media-cdn.incrowdsports.com/88e46b43-42bb-46a9-b35a-a1584db10268.png
Stefan Markovic,Stefan,,Markovic,Stefan Markovic,1988-04-25,M,G,1.98,98,Crvena Zvezda mts Belgrade,21-22,27,https://media-cdn.incrowdsports.com/6e3a96fc-4c7c-4eab-b6ca-28e43e4a5380.png
Quincy Acy,Quincy,Jyrome,Acy,Quincy Acy,1990-10-06,M,F,2.01,109,Olympiacos Piraeus,21-22,1,https://media-cdn.incrowdsports.com/97c1f68b-0d1b-40c8-a6ff-9815b445da6a.png
Janis Timma,Janis,,Timma,Janis Timma,1992-07-02,M,F,2.01,92,UNICS Kazan,21-22,7,
Agustin Ubal,Agustin,,Ubal,Agustin Ubal,2003-07-19,M,G,1.98,78,FC Barcelona,21-22,43,https://media-cdn.incrowdsports.com/0df2dd0d-1e51-45cb-9404-7ab6ce53deb4.png
Zaccharie Risacher,Zaccharie,,Risacher,Zaccharie Risacher,2005-04-08,M,F,2.04,80,LDLC ASVEL Villeurbanne,21-22,13,https://media-cdn.incrowdsports.com/c40cc963-a22e-4154-b042-cc2938bc6a3b.png
Tommaso Baldasso,Tommaso,,Baldasso,Tommaso Baldasso,1998-01-29,M,G,1.9,88,AX Armani Exchange Milan,21-22,25,https://media-cdn.incrowdsports.com/d02d56e2-dfda-41b9-8d1f-9a5c6c3b7c20.png
Rafael Villar Cornago,Rafael,,Villar Cornago,Rafael Villar Cornago,2004-08-09,M,G,1.91,86,FC Barcelona,21-22,45,https://media-cdn.incrowdsports.com/67a0c28b-c62b-4a34-9213-022acb57c373.png
James Nnaji,James,Ugochukwu,Nnaji,James Nnaji,2004-08-14,M,C,2.12,115,FC Barcelona,21-22,46,https://media-cdn.incrowdsports.com/aa5151ca-12a7-4613-a1c3-42d89910aa73.png
Regimantas Miniotas,Regimantas,,Miniotas,Regimantas Miniotas,1996-03-14,M,F,2.08,106,Zalgiris Kaunas,21-22,10,https://media-cdn.incrowdsports.com/db8aa215-0aba-4076-aa4d-eb3ee960e5cf.png
Aaron White,Aaron,Richard,White,Aaron White,1992-09-10,M,F,2.06,99,Crvena Zvezda mts Belgrade,21-22,30,https://media-cdn.incrowdsports.com/c3cc69b7-ada4-4f11-8737-87706159b9c3.png
Ben Bentil,Ben,,Bentil,Ben Bentil,1995-03-29,M,F,2.04,120,AX Armani Exchange Milan,21-22,50,https://media-cdn.incrowdsports.com/ff6c99ac-7b25-49e0-95ab-9abf72ad44a8.png
Andrei Toptunov,Andrei,,Toptunov,Andrei Toptunov,2002-07-22,M,G,1.82,73,Zenit St Petersburg,21-22,4,https://media-cdn.incrowdsports.com/9a3831f5-c6a2-41e7-b294-4f923efdd1ff.png
Neoklis Avdalas,Neoklis,,Avdalas,Neoklis Avdalas,2006-02-04,M,G,1.96,90,Panathinaikos OPAP Athens,21-22,21,https://media-cdn.incrowdsports.com/64a46e25-bedf-4561-ade5-695df8af89c1.png
Dante Liman Exum,Dante Liman,Liman,Exum,Dante Liman Exum,1995-07-13,M,G,1.98,101,FC Barcelona,21-22,1,https://media-cdn.incrowdsports.com/44fd43da-e675-442c-9cd5-deee7dfef6f3.png
Kc Rivers,Kc,,Rivers,Kc Rivers,1987-03-01,M,G,1.96,97,FC Bayern Munich,21-22,3,https://media-cdn.incrowdsports.com/3605f61f-bb51-48b0-806a-a50629802f2b.png
Rikus Schulte,Rikus,Alexander,Schulte,Rikus Schulte,2004-06-01,M,F,2.06,98,ALBA Berlin,21-22,11,https://media-cdn.incrowdsports.com/e51bca3e-ae1b-43d2-a21d-4a9450f60b80.png
Alec Peters,Alec,Jeffrey,Peters,Alec Peters,1995-04-13,M,C,2.06,107,Bitci Baskonia Vitoria-Gasteiz,21-22,25,
Urban Klavzar,Urban,,Klavzar,Urban Klavzar,2004-05-27,M,G,1.85,77,Real Madrid,21-22,7,https://media-cdn.incrowdsports.com/0129bb20-c6dd-4320-b864-ebd20b99c84e.png
Sediq Garuba,Sediq,Ab,Garuba,Sediq Garuba,2004-02-02,M,F,1.93,97,Real Madrid,21-22,16,https://media-cdn.incrowdsports.com/3b88371c-873f-4ad4-801e-885c2c2634d9.png
Baba Miller,Baba,,Miller,Baba Miller,2004-02-07,M,F,2.08,81,Real Madrid,21-22,18,https://media-cdn.incrowdsports.com/6f63bbaa-f61e-41ef-8a8b-278a47fd4954.png
Jehyve Floyd,Jehyve,Jamal,Floyd,Jehyve Floyd,1997-06-27,M,C,2.03,108,Fenerbahce Beko Istanbul,21-22,25,https://media-cdn.incrowdsports.com/340bad6b-fa2d-43d1-8995-b25bf43ab787.png
Oded Brandwein,Oded,David,Brandwein,Oded Brandwein,1988-02-15,M,G,1.79,80,Maccabi Playtika Tel Aviv,21-22,10,https://media-cdn.incrowdsports.com/0cf71641-c717-42a7-8067-1ae445367589.png
Sander Raieste,Sander,,Raieste,Sander Raieste,1999-03-31,M,F,2.04,95,Bitci Baskonia Vitoria-Gasteiz,21-22,2,https://media-cdn.incrowdsports.com/61e3c3b3-dbb2-4b8d-9fd2-4ffd2d1cc6a0.png
Trey Kell,Trey,,Kell,Trey Kell,1994-04-05,M,G,1.93,95,AX Armani Exchange Milan,21-22,3,https://media-cdn.incrowdsports.com/7243fd6b-e6cd-46ee-a17e-fb82a14c8381.png
Tyson Carter,Tyson,Gregory,Carter,Tyson Carter,1998-01-14,M,G,1.93,76,Zenit St Petersburg,21-22,1,https://media-cdn.incrowdsports.com/c5da677c-1028-45f3-8cc2-527101b91a57.png
Liutauras Lelevicius,Liutauras,,Lelevicius,Liutauras Lelevicius,2003-05-28,M,G,2.02,91,Zalgiris Kaunas,21-22,3,https://media-cdn.incrowdsports.com/ab2c5fa5-557c-4c89-bfb0-921c917d33a8.png
Motiejus Krivas,Motiejus,,Krivas,Motiejus Krivas,2004-12-01,M,C,2.14,111,Zalgiris Kaunas,21-22,19,https://media-cdn.incrowdsports.com/16ce80e2-57ce-4b21-8b97-b3a370368289.png
Titas Sargiunas,Titas,,Sargiunas,Titas Sargiunas,2003-03-26,M,G,1.9,79,Zalgiris Kaunas,21-22,26,
Egemen Guven,Egemen,Akif,Guven,Egemen Guven,1996-09-25,M,C,2.06,100,Anadolu Efes Istanbul,21-22,15,https://media-cdn.incrowdsports.com/b56f80bc-6674-4de0-9b5f-b653a7bd074f.png
Zayd Muosa,Zayd,,Muosa,Zayd Muosa,2003-07-03,M,G,1.98,88,Olympiacos Piraeus,21-22,6,https://media-cdn.incrowdsports.com/ff9729b8-0876-4393-a7d0-53408058e442.png
Sotirios Oikonomopoulos,Sotirios,,Oikonomopoulos,Sotirios Oikonomopoulos,2003-08-29,M,F,1.91,90,Olympiacos Piraeus,21-22,9,https://media-cdn.incrowdsports.com/3f7ae5e7-5c22-45f5-bf94-8d0244bfcd58.png
Stefan Jovic,Stefan,,Jovic,Stefan Jovic,1990-11-03,M,G,1.98,95,Panathinaikos OPAP Athens,21-22,24,https://media-cdn.incrowdsports.com/8c62ddf7-6795-42b5-8333-cf8fb26e7348.png
Khyri Thomas,Khyri,Jaquan,Thomas,Khyri Thomas,1996-05-08,M,G,1.91,95,Maccabi Playtika Tel Aviv,21-22,13,https://media-cdn.incrowdsports.com/47bcba5d-0dfb-4aa0-b254-871a654afbe9.png
Markel Starks,Markel,Anthony,Starks,Markel Starks,1991-02-21,M,G,1.88,79,Fenerbahce Beko Istanbul,21-22,11,https://media-cdn.incrowdsports.com/d2c85e5a-640f-4e40-acbf-ec9cc1ab2104.png
Nikos Chougkaz,Nikos,,Chougkaz,Nikos Chougkaz,2000-10-04,M,F,2.08,91,Panathinaikos OPAP Athens,21-22,33,https://media-cdn.incrowdsports.com/27ef78fb-871d-41e6-bf88-b0f1355647c6.png
Luka Vudragovic,Luka,,Vudragovic,Luka Vudragovic,2004-06-02,M,G,1.97,80,Crvena Zvezda mts Belgrade,21-22,6,https://media-cdn.incrowdsports.com/dd36e293-8dc8-4b3e-9f4c-25f9a613ef72.png
Raymar Morgan,Raymar,Jeffery,Morgan,Raymar Morgan,1988-08-08,M,F,2.02,110,LDLC ASVEL Villeurbanne,21-22,2,https://media-cdn.incrowdsports.com/4af04c62-3a94-4526-b908-c76bfe168332.png
Gael Bonilla,Gael,Yahir,Bonilla,Gael Bonilla,2003-02-26,M,F,2.02,86,FC Barcelona,21-22,48,https://media-cdn.incrowdsports.com/6272a562-f27b-4086-a264-77a1eed561ce.png
Nikola Topic,Nikola,,Topic,Nikola Topic,2005-08-10,M,G,1.98,78,Crvena Zvezda mts Belgrade,21-22,44,https://media-cdn.incrowdsports.com/90095c20-9227-4708-839f-ffb28aca6017.png
