team_id,franchise_id,season_id,conference,type,name,abbreviation,logo_url,color
AS Monaco,AS Monaco Basket,21-22,,M,AS Monaco,ASM,https://media-cdn.incrowdsports.com/89ed276a-2ba3-413f-8ea2-b3be209ca129.png,#E2211C
Panathinaikos OPAP Athens,Panathinaikos B.C.,21-22,,M,Panathinaikos OPAP Athens,PAO,https://media-cdn.incrowdsports.com/696724ea-a92f-456e-8572-aca4ce0ff025.png,#007135
Maccabi Playtika Tel Aviv,Maccabi Tel Aviv B.C.,21-22,,M,Maccabi Playtika Tel Aviv,MTA,https://media-cdn.incrowdsports.com/5c55ef14-29df-4328-bd52-a7a64c432350.png,#FFF100
FC Bayern Munich,FC Bayern Munich (basketball),21-22,,M,FC Bayern Munich,BAY,https://media-cdn.incrowdsports.com/817b0e58-d595-4b09-ab0b-1e7cc26249ff.png,#E11837
AX Armani Exchange Milan,Olimpia Milano,21-22,,M,AX Armani Exchange Milan,AXM,https://media-cdn.incrowdsports.com/8154f184-c61a-4e7f-b14d-9d802e35cb95.png,#E1261D
CSKA Moscow,PBC CSKA Moscow,21-22,,M,CSKA Moscow,CSK,https://media-cdn.incrowdsports.com/b6a59212-7feb-4f8c-86c2-5e8f07625e3e.png,
Real Madrid,Real Madrid Baloncesto,21-22,,M,Real Madrid,RMB,https://media-cdn.incrowdsports.com/1a3e1404-4f6f-4ede-9d8b-30eee7cb51b4.png,#004996
Anadolu Efes Istanbul,Anadolu Efes S.K.,21-22,,M,Anadolu Efes Istanbul,EFS,https://media-cdn.incrowdsports.com/8ea8cec7-d8f7-45f4-a956-d976b5867610.png,#002D74
UNICS Kazan,BC UNICS,21-22,,M,UNICS Kazan,UNK,https://media-cdn.incrowdsports.com/70b00b96-e98a-42ba-9997-39d70a895157.png,
Zenit St Petersburg,BC Zenit Saint Petersburg,21-22,,M,Zenit St Petersburg,ZEN,https://media-cdn.incrowdsports.com/4c571fd6-52f1-428c-94a5-9143fbbb4fe3.png,
Fenerbahce Beko Istanbul,Fenerbahçe S.K. (basketball),21-22,,M,Fenerbahce Beko Istanbul,FBB,https://media-cdn.incrowdsports.com/0233ebbb-f3a2-49ea-837c-7fd3e661e672.png,#FFED00
Crvena Zvezda mts Belgrade,KK Crvena zvezda,21-22,,M,Crvena Zvezda mts Belgrade,CZV,https://media-cdn.incrowdsports.com/d2eef4a8-62df-4fdd-9076-276004268515.png,#E91D26
Olympiacos Piraeus,Olympiacos B.C.,21-22,,M,Olympiacos Piraeus,OLY,https://media-cdn.incrowdsports.com/789423ac-3cdf-4b89-b11c-b458aa5f59a6.png,#D1061F
Bitci Baskonia Vitoria-Gasteiz,Saski Baskonia,21-22,,M,Bitci Baskonia Vitoria-Gasteiz,BKN,https://media-cdn.incrowdsports.com/e324a6af-2a72-443e-9813-8bf2d364ddab.png,#0A2240
LDLC ASVEL Villeurbanne,ASVEL Basket,21-22,,M,LDLC ASVEL Villeurbanne,ASV,https://media-cdn.incrowdsports.com/e33c6d1a-95ca-4dbc-b8cb-0201812104cc.png,#929292
Zalgiris Kaunas,BC Žalgiris,21-22,,M,Zalgiris Kaunas,ZAL,https://media-cdn.incrowdsports.com/1f04fd8a-1fd4-43f9-b507-06c09a1a3a5d.png,#0C6F3E
FC Barcelona,FC Barcelona Bàsquet,21-22,,M,FC Barcelona,BAR,https://media-cdn.incrowdsports.com/35dfa503-e417-481f-963a-bdf6f013763e.png,#023485
ALBA Berlin,Alba Berlin,21-22,,M,ALBA Berlin,BER,https://media-cdn.incrowdsports.com/ccc34858-22b0-47dc-904c-9940b0a16ff3.png,#FFD100
